transaction_id,date,customer_name,email,region,product_name,category,quantity,discount_applied,final_amount
fefac198-c3d6-4d54-8623-bc7465a29cc8,2024-09-23 15:41:48.000000,Kimberly Edwards,jamesweber@example.com,Asia,Decentralized grid-enabled service-desk,Electronics,3,0.3,765.95
27c00f89-9e3b-41b3-8330-125c1a9b0d42,2024-09-24 11:27:28.000000,Kimberly Mclean,ystephens@example.com,Asia,Optimized mission-critical moratorium,Home & Garden,7,0.2,1507.32
63ccf604-e2ae-4f87-ae7c-a782a7a31d25,2025-03-18 06:52:08.000000,Amber Glass,zunderwood@example.com,Asia,Optimized mission-critical moratorium,Home & Garden,2,0.2,425.41
48bfb602-bcd2-48eb-bf55-60cd3ab7127e,2025-06-30 04:53:27.000000,Laura Barnett,anthony52@example.com,Europe,Decentralized grid-enabled service-desk,Electronics,3,0.0,1057.22
a9de5b26-08ff-4ab0-8750-72d62bacf712,2025-04-24 03:47:05.000000,Eric Sanders,wking@example.net,Latin America,Cross-platform asymmetric leverage,Electronics,7,0.1,1291.22
dd3ee854-5340-44b0-aa4f-4a80dc412176,2025-07-25 19:56:58.000000,Victor Brown,daniellegonzales@example.org,Asia,,,5,0.2,0.0
8a63b93c-def3-406a-b998-63f27799fddb,2026-07-17 02:47:24.000000,Sarah Davis,brettbennett@example.net,Latin America,Optimized mission-critical moratorium,Home & Garden,9,0.0,2316.13
2296e3f1-71e1-4b9f-8c6d-768e45bcf3ba,2026-01-13 20:24:53.000000,Victor Brown,daniellegonzales@example.org,Asia,Innovative eco-centric open architecture,Toys,4,0.2,731.2
98fb4727-9740-4212-ad52-45f48a0ec018,2025-07-10 14:22:05.000000,James Chapman,cameronwilliams@example.com,Middle East,Robust secondary infrastructure,Toys,1,0.2,151.23
e096521e-a2c7-43d4-bfb8-abb9a18c5492,2025-10-02 01:12:53.000000,Daniel Miller,ramseysarah@example.com,North America,Cross-platform uniform flexibility,Toys,4,0.2,712.8
a3b81f92-a3c9-4c6a-8601-76336f5aad52,2025-09-08 14:14:21.000000,Chad Smith,hbenton@example.net,Asia,Front-line encompassing leverage,Toys,4,0.0,404.35
7b4d8646-58e0-458f-a8af-301f4f45f6f7,2025-09-13 03:55:29.000000,Stephen Fox,mayokimberly@example.com,North America,Cross-platform fresh-thinking hierarchy,Toys,10,0.3,3070.08
711dc1dd-16ed-4330-8e01-54133a2516fe,2025-03-17 02:51:39.000000,Elijah White,oallen@example.com,Latin America,Down-sized contextually-based adapter,Sports,5,0.2,1053.75
27dd1ac4-4282-46e4-a986-305a5da3f9cf,2025-03-13 18:47:28.000000,Miss Debra Williams PhD,cstone@example.com,North America,Open-architected asynchronous artificial intelligence,Other,10,0.3,1425.68
d0bcbad5-85f8-4d9b-8006-0d5a02b3c948,2026-03-01 23:23:46.000000,Sara Cardenas,rsheppard@example.com,North America,Cross-platform fresh-thinking hierarchy,Toys,1,0.3,302.74
49694032-5808-4790-a2e4-9628d913057d,2025-07-20 10:15:56.000000,Christian Lewis,irussell@example.com,North America,Operative responsive pricing structure,Sports,1,0.3,29.16
ec0dfc3a-b011-4125-8221-11e588fc3da1,2025-08-07 02:03:09.000000,Robin Trujillo,amanda98@example.org,Europe,Reverse-engineered multi-state knowledge user,Home & Garden,7,0.1,2335.87
4afcf9e8-cc47-4b72-ae31-0234c4100108,2025-10-27 16:44:18.000000,Richard Love,shermanbrandon@example.net,Latin America,,,4,0.0,0.0
8c57a277-01d9-49b4-8bf8-f29e3b30ee97,2025-05-07 05:00:31.000000,Scott White,freemancrystal@example.org,North America,Advanced context-sensitive instruction set,Toys,10,0.2,2293.68
8f807d8b-e1d5-4f85-a967-858630463008,2025-06-25 12:02:06.000000,Melissa Castillo,aaronpowers@example.org,Asia,Down-sized scalable workforce,Home & Garden,1,0.1,248.31
b7062cfa-29cc-4789-bff9-3134650e78e4,2026-02-13 12:39:16.000000,Rachel Bradley,gregorychase@example.com,Latin America,Organic zero-defect hierarchy,Electronics,6,0.0,2774.77
60dc12eb-d413-4850-a3c4-e76da55fa725,2025-01-08 07:55:22.000000,Tammy Long,louis43@example.org,Asia,Up-sized foreground toolset,Toys,1,0.2,164.32
a0152b5b-6c17-4150-9447-16cc4352acea,2025-01-23 01:32:16.000000,Kristina Pena,xclements@example.org,Europe,Streamlined national conglomeration,Home & Garden,2,0.1,778.82
e8f2c584-ccca-4e14-83b8-c80f84408e98,2025-11-09 06:57:38.000000,Kristen Salazar,jonesraymond@example.net,Latin America,,,8,0.2,0.0
4598f3c8-af44-4605-b1a5-0a3dcebd3b2b,2025-02-27 02:32:35.000000,Amy Wilson,erik84@example.net,North America,Expanded intangible standardization,Clothing,9,0.3,525.9
cf0e1567-882d-4fc1-be30-74f8a60147c3,2025-02-14 18:59:15.000000,Bryan Jimenez,ythompson@example.net,North America,Mandatory discrete functionalities,Toys,9,0.2,3282.05
1186da93-da7d-4c53-b020-cf0669b41194,2024-12-09 16:05:53.000000,Elijah White,oallen@example.com,Latin America,Multi-lateral high-level open architecture,Toys,10,0.1,2276.08
a30b669c-1c40-4045-8a22-eae922f9cafe,2025-07-09 15:59:27.000000,Amy Manning,christinenorman@example.com,North America,Cross-platform uniform flexibility,Toys,2,0.1,437.18
b3522c18-45aa-4503-b3e8-8db69e2383d0,2025-11-16 16:45:13.000000,Steven West,rbennett@example.net,North America,Cross-platform uniform flexibility,Toys,8,0.2,1577.66
04f718c8-5215-4503-b012-f8197df37378,2024-11-16 04:03:02.000000,Stephen Fox,mayokimberly@example.com,North America,Team-oriented cohesive approach,Sports,6,0.0,1369.17
05aa5eab-88f3-47ea-b83f-52740cb4afe1,2024-12-12 09:54:35.000000,Kristina Young,heather06@example.com,North America,Devolved responsive model,Sports,3,0.2,791.01
44e9f8fb-4838-4888-9a2e-9864f8eaca36,2024-10-26 02:40:53.000000,Susan Wilson,jane39@example.com,Europe,Front-line next generation Internet solution,Toys,1,0.1,121.53
0219a9c7-ba23-407a-b03c-1286b71714cd,2025-01-17 19:41:03.000000,Michael Montoya,ebenson@example.org,Middle East,Down-sized contextually-based adapter,Sports,5,0.2,1135.86
7e5b3ac9-03c5-41fe-a693-34ef17172654,2025-01-05 16:27:40.000000,Rachel Shields,carterpaul@example.org,Latin America,Multi-layered high-level initiative,Electronics,2,0.1,832.16
c9254bb5-4fc3-4d4e-ab95-0c1d578799d9,2026-04-02 22:50:25.000000,Tyler Stevens,amy49@example.com,Europe,Streamlined national conglomeration,Home & Garden,9,0.2,3101.87
76b40672-5f13-410b-bf7a-884d7f96dd35,2026-01-13 07:35:17.000000,Nicholas Rush,xrosales@example.net,Asia,Exclusive object-oriented orchestration,Other,8,0.1,995.98
14898025-548b-4ce3-881f-ec82ca9acf77,2026-05-07 04:37:28.000000,Andrew Stewart,carl95@example.org,North America,Intuitive system-worthy access,Clothing,5,0.1,102.3
0e588770-2566-4316-b39e-f1bec02553ea,2025-02-12 23:46:07.000000,Tammy Ponce,daniellegarcia@example.com,Middle East,Cross-platform uniform flexibility,Toys,5,0.2,950.4
8b0ea0b9-1246-4474-a475-c0eec6913069,2025-07-21 03:57:11.000000,Elizabeth Martin,michaeleverett@example.com,North America,Exclusive object-oriented orchestration,Other,9,0.2,1081.84
d76f1e65-e54c-4739-b133-839e2e7d952b,2025-01-31 05:36:03.000000,Keith Rodriguez,justin88@example.com,Europe,Expanded composite infrastructure,Home & Garden,9,0.1,1811.16
033ac4d6-d408-4391-a1af-0e8ed13757e1,2024-10-23 17:18:36.000000,Trevor Jones,pamelamartin@example.org,Middle East,Decentralized grid-enabled service-desk,Electronics,5,0.1,1636.18
3fbbff57-b6f5-4f1c-84a5-31cdf97f4994,2025-05-15 20:56:04.000000,Maria Harper,williamsmatthew@example.org,Latin America,Cross-platform fresh-thinking hierarchy,Toys,4,0.1,1552.1
3f46057b-7165-436b-b997-c779c56f05e6,2026-02-13 21:59:48.000000,Denise Colon,hreid@example.net,Middle East,Organized attitude-oriented implementation,Clothing,3,0.1,1004.48
75f94230-32fd-43c5-8894-2176fe99df69,2026-02-12 03:11:31.000000,Samantha Robertson,cameronmckinney@example.com,North America,Exclusive object-oriented orchestration,Other,5,0.2,558.09
aa7f7e06-8569-4f97-980d-c855c55ffde8,2024-12-29 21:31:05.000000,Deanna Barnes MD,aguilarwanda@example.org,Asia,Profound mobile time-frame,Clothing,10,0.1,1818.84
f6121d2c-ae73-40eb-a39d-8fe7790b185c,2025-03-20 09:55:19.000000,David Charles,danderson@example.net,Middle East,Multi-layered high-level initiative,Electronics,5,0.1,2080.41
a110e887-289a-4251-92b4-44e8efabcd73,2026-02-06 15:06:18.000000,Susan Murray MD,tyronemoran@example.net,Middle East,Advanced context-sensitive instruction set,Toys,1,0.2,238.42
8cb1457e-effa-415b-bea6-450f0accb23c,2025-08-29 14:33:04.000000,Laura Odonnell,tsanders@example.org,Latin America,Multi-tiered dedicated circuit,Electronics,1,0.3,165.93
a3760c2d-7b31-4cdc-80d9-1a8e1f44aa88,2025-03-10 02:03:41.000000,Jim Baker,orose@example.com,Latin America,User-centric coherent leverage,Sports,3,0.2,819.15
0d559b64-e334-4bac-9c44-ebd132df8d45,2026-05-22 19:31:39.000000,James Bailey,jeffery48@example.net,Europe,Streamlined national conglomeration,Home & Garden,2,0.3,662.45
1ce8e12f-f928-4d26-b7c0-f87aaaac826e,2025-01-20 06:30:14.000000,Cynthia Cochran,michelle96@example.org,North America,User-centric coherent leverage,Sports,8,0.1,2319.25
03db7a2e-5313-40e0-af25-37cea206527c,2024-11-27 23:36:18.000000,Cody Holt,sandra84@example.org,Europe,Expanded intangible standardization,Clothing,1,0.1,75.72
1ea15b0f-95ae-418b-86ae-7e06cb5d2b59,2025-05-24 10:11:00.000000,Joshua Davis,nicolealvarado@example.com,North America,Exclusive object-oriented orchestration,Other,2,0.2,214.65
f80590f0-0249-4a09-be3b-1a40ca0553a2,2024-08-22 14:35:42.000000,Carolyn Fuller,rhernandez@example.org,Asia,Streamlined national conglomeration,Home & Garden,2,0.2,743.02
79ab56d1-b0d5-45ab-8891-d55d94c176b9,2026-01-06 16:36:35.000000,William Oconnor,fconner@example.net,Europe,Synergized zero-defect conglomeration,Clothing,3,0.0,978.34
c552f3c5-5f13-4b98-a7ad-8d5198a15e4f,2024-09-28 11:48:29.000000,Tracey Wagner,fortiz@example.com,Middle East,Advanced context-sensitive instruction set,Toys,2,0.3,422.52
17661795-7ffa-4493-a85e-ed0a3fac4317,2026-01-04 18:43:00.000000,Garrett Gibson,kathleen64@example.com,Europe,Horizontal maximized product,Electronics,7,0.2,1224.34
f83b1806-ee4c-4b18-96a2-d49d9e5f8273,2026-03-02 23:00:34.000000,Kara Hernandez,turnerdorothy@example.net,Latin America,Mandatory discrete functionalities,Toys,4,0.2,1458.69
ca9d8831-894e-4397-b38a-3db1276732d3,2024-10-12 09:42:27.000000,Mark Copeland,martinezmia@example.com,North America,Multi-lateral high-level open architecture,Toys,5,0.2,1026.71
58e9d0aa-c1b6-4dd4-a507-84cbc9df301e,2026-04-07 15:51:47.000000,Sean Osborne,lozanojulie@example.com,Middle East,,,4,0.1,0.0
31662c94-bbb2-4366-b04f-e1a8e44cbd41,2024-08-06 13:49:39.000000,Matthew Ross,michelle45@example.net,Middle East,Multi-lateral contextually-based methodology,Sports,4,0.0,958.36
b972393a-5bb0-4d76-a0b5-7717b072afc8,2024-11-02 15:22:18.000000,Justin Baxter,sarayoung@example.org,North America,Multi-lateral contextually-based methodology,Sports,1,0.1,221.94
7c3cc2bc-0a1b-4bd3-a60e-c813402da0fa,2026-01-20 20:14:41.000000,Kristina Preston,jeffrey92@example.com,Asia,Open-architected asynchronous artificial intelligence,Other,8,0.1,1461.82
8af09ec3-4b72-4a7c-8f1c-3fa070000009,2026-01-13 09:30:28.000000,Maria Harper,williamsmatthew@example.org,Latin America,User-centric coherent leverage,Sports,5,0.2,1331.54
2fc6c4e6-9113-4d7e-b095-26217d76ab58,2025-09-16 05:36:12.000000,Julie Ball,opatel@example.org,Asia,Decentralized tangible model,Clothing,4,0.3,1166.98
77e8b762-bb7e-4979-92dc-bffd59008d65,2025-02-19 20:12:06.000000,Amber Rodriguez,williamsdarrell@example.com,Europe,,,10,0.2,0.0
ea1af7d2-9943-46bb-94d3-53a5de1f1619,2026-05-20 09:47:56.000000,Robert Clarke,zbell@example.net,Latin America,Multi-layered high-level initiative,Electronics,7,0.0,3037.85
87f89f62-11a1-4557-a90c-44148df50b01,2024-11-18 09:39:58.000000,Michael Paul,umatthews@example.org,North America,Robust secondary infrastructure,Toys,3,0.3,430.12
436adb9d-d1c5-4a00-8bb1-3407730ad7de,2025-09-14 16:02:55.000000,Ronald Brandt,amy51@example.org,North America,Front-line encompassing leverage,Toys,2,0.0,206.39
c6a28e4e-002f-4ca4-b43e-85315dfb1922,2025-11-28 13:26:59.000000,Mercedes Barnes,huntchristine@example.com,North America,Advanced context-sensitive instruction set,Toys,10,0.2,2354.04
2f7f2cd7-bbd0-4e6c-a108-ffcc8186722b,2026-06-06 18:50:03.000000,Samantha Richardson,wolfscott@example.org,North America,User-centric coherent leverage,Sports,8,0.0,2588.93
5d340833-db59-4a19-9ea6-ed4a04cad30a,2026-03-15 17:46:45.000000,Kristina Preston,jeffrey92@example.com,Asia,Advanced context-sensitive instruction set,Toys,7,0.3,1521.07
b893b08a-5219-4216-bd21-1daf9ec5405d,2024-09-08 04:33:28.000000,Thomas Cohen,rachel90@example.org,Latin America,Organized attitude-oriented implementation,Clothing,8,0.1,2479.15
d1ad3e51-89f9-4de9-b798-0131a885a7b4,2025-05-17 23:08:05.000000,Robert Garcia,nicole26@example.org,Middle East,Profit-focused grid-enabled infrastructure,Toys,7,0.2,951.13
7f5f61aa-aee7-47a5-8629-6fbe309b48dd,2026-03-07 18:06:00.000000,Emily Taylor,deanna38@example.net,Asia,Front-line next generation Internet solution,Toys,1,0.0,128.14
487b25d7-9cf0-43dd-a775-29a28d2cfe83,2025-03-28 13:28:57.000000,Brian Jones,matthew18@example.com,Middle East,Reverse-engineered multi-state knowledge user,Home & Garden,10,0.2,3109.44
1c4760a5-5270-4b29-a412-47a268e8f311,2024-10-03 18:07:45.000000,Jennifer Robinson,williamdavis@example.org,Latin America,Cross-platform asymmetric leverage,Electronics,5,0.2,832.07
0b34fc84-1111-4e29-a8ad-153985f0786a,2026-04-30 16:54:52.000000,Margaret Alvarez,william28@example.org,Asia,Cross-platform asymmetric leverage,Electronics,3,0.1,517.29
df9d3910-2dbb-45bd-a138-e2e6f013a170,2024-08-14 06:46:01.000000,Christine Parker,melissa12@example.net,Europe,Function-based grid-enabled adapter,Clothing,5,0.0,686.85
310dc9d1-7c41-4a2a-9b67-f7bb33bb7382,2024-10-05 16:40:56.000000,Judy Beck,melissa86@example.org,Middle East,Multi-lateral high-level open architecture,Toys,8,0.3,1405.23
d617b9c0-a449-464f-922d-dab608252b39,2026-08-20 11:18:07.961183,Sarah Davis,brettbennett@example.net,Latin America,Innovative eco-centric open architecture,Toys,7,0.1,1439.55
9fbc879e-869c-4a8e-bd6a-b7c2a86d8706,2026-01-16 17:13:22.000000,Hailey Cunningham,paul20@example.com,Middle East,Synergistic demand-driven implementation,Clothing,3,0.1,1328.67
5dc96097-0c90-4028-8185-300d971df5fd,2025-01-08 10:21:10.000000,Cynthia Haas,daisymccarty@example.net,Europe,Streamlined national conglomeration,Home & Garden,5,0.2,1790.4
03599c6d-1224-4bd2-b7c4-b3ee9b1fc6d1,2026-07-13 12:10:20.000000,Carolyn Fuller,rhernandez@example.org,Asia,Cross-platform asymmetric leverage,Electronics,9,0.0,1786.46
7dccc026-a7df-40b2-b56f-dc0aebc8f6b7,2026-07-12 02:28:53.000000,Belinda Mccullough,elizabeth56@example.net,Middle East,Devolved responsive model,Sports,5,0.1,1395.9
77d2b94f-1478-4c9d-9503-0b43e3c7ca9a,2026-04-04 03:52:33.000000,Cassandra Edwards,patriciaadams@example.net,Latin America,Business-focused 4thgeneration throughput,Sports,7,0.3,1889.66
8eda6433-5c65-465c-8f8a-0c2ca3900bc0,2026-02-18 11:12:21.000000,Randall Greene,jennifer11@example.net,Europe,Re-engineered clear-thinking application,Clothing,9,0.1,2575.87
d2705470-6a7b-48b1-a3f3-42a8f030bfd4,2025-05-03 15:43:12.000000,Kim Brown,yorkcasey@example.org,North America,Multi-layered high-level initiative,Electronics,9,0.1,3583.67
d2da43ec-0eec-4013-b55b-eaaacb53f0be,2025-11-12 04:15:09.000000,Mr. Donald Nguyen,jose43@example.org,Europe,Streamlined national conglomeration,Home & Garden,8,0.2,2757.22
f1d188b9-13f3-4289-8dcc-b05dd59ef0fd,2025-01-04 16:27:02.000000,Ronald Jones,gilbertwilliam@example.com,Europe,Function-based grid-enabled adapter,Clothing,8,0.0,1110.53
19e9e3a4-18dc-4eb6-84fc-fcb0f5e90352,2026-02-04 05:57:59.000000,Blake Sosa,waustin@example.net,Middle East,,,10,0.2,0.0
30807a5d-62a5-4eec-881a-f04f3b23feed,2024-12-17 23:47:21.000000,Brandon Colon,bgonzalez@example.org,North America,Multi-lateral contextually-based methodology,Sports,5,0.2,1046.63
91ed554a-3fae-4f01-a829-0f3c86b4852c,2025-11-18 16:41:08.000000,Paul Stokes,raylauren@example.net,Middle East,,,1,0.1,0.0
bfcb3388-8ef4-474b-adcc-4095f28f9444,2025-09-27 12:17:44.000000,Kimberly Edwards,jamesweber@example.com,Asia,Cross-platform fresh-thinking hierarchy,Toys,8,0.3,2456.06
c42b266b-1b02-4a24-bf00-f56c6a4989a6,2025-11-29 00:36:06.000000,Tammy Long,louis43@example.org,Asia,Front-line encompassing leverage,Toys,8,0.3,606.53
756eb67d-acab-4b69-9ba3-7cb59399ad15,2026-01-17 16:16:15.000000,Sara Haas,wagnergerald@example.org,Asia,Horizontal heuristic Graphic Interface,Electronics,5,0.1,342.32
1aa67474-e200-4157-ad54-c95aaa4d52a8,2024-11-27 13:19:58.000000,Katherine Cummings,umurray@example.com,Middle East,Exclusive object-oriented orchestration,Other,4,0.1,492.26
66cc7376-8cca-4963-ae2e-77a4cadec379,2025-08-16 23:56:14.000000,Parker Hill,tina34@example.org,Middle East,Team-oriented cohesive approach,Sports,4,0.3,663.84
88adb388-287e-4086-a854-027e56673e49,2025-10-29 23:01:18.000000,Joanne Perez,rreynolds@example.net,North America,Expanded composite infrastructure,Home & Garden,3,0.3,496.39
e7094153-5a31-4916-aefb-2a2471693ed5,2025-03-22 18:41:48.000000,Frederick Solis,xcollier@example.org,Europe,Business-focused 4thgeneration throughput,Sports,7,0.1,2298.24
531c8812-ff31-450a-bdd0-84a18cd2216f,2026-05-08 05:00:08.000000,Amber Rodriguez,williamsdarrell@example.com,Europe,Horizontal heuristic Graphic Interface,Electronics,5,0.2,291.75
a21c1209-c3a1-462d-a98f-546d5f290290,2025-06-20 10:31:31.000000,Charles Gonzalez,kathleenrios@example.org,Asia,User-friendly tangible synergy,Clothing,5,0.2,934.5
9bc0fa93-52cd-4def-b9d2-76f4d37ee471,2025-01-23 23:10:32.000000,Beth Cline,dustinmorris@example.org,North America,Organic zero-defect hierarchy,Electronics,8,0.3,2793.65
60042231-36c3-4e85-8bae-295e902a405c,2026-03-07 17:37:03.000000,Jennifer Velasquez,bethwilliams@example.com,North America,Organized attitude-oriented implementation,Clothing,8,0.1,2564.64
410bfc29-be9c-4fcf-ad17-f6e98cdc718d,2025-04-26 14:49:39.000000,Paul Stokes,raylauren@example.net,Middle East,Cross-platform asymmetric leverage,Electronics,9,0.1,1606.0
f5b70dd9-728f-4897-b3d0-b6c7f62ecf88,2025-05-25 10:05:11.000000,Patricia Banks,cwood@example.net,Europe,Devolved responsive model,Sports,4,0.3,880.97
fba3091f-08df-4af8-b9ef-aad6000cd21a,2025-02-26 22:54:50.000000,Karen Strickland,hayesjeffrey@example.net,Latin America,Down-sized scalable workforce,Home & Garden,7,0.1,1796.11
2294fa0a-8482-4c08-842c-65ad9883e9b1,2026-06-12 12:38:04.000000,Jennifer Sanford,ismith@example.org,Middle East,,,1,0.1,0.0
fc0145e1-4ce2-4fa2-81ae-7eb14d457ea5,2025-01-09 08:02:59.000000,Tonya Wilson,srocha@example.net,Asia,Upgradable disintermediate protocol,Toys,7,0.1,2475.7
058e389e-509d-47cd-9b10-7e7f36fea0b4,2026-03-12 06:00:51.000000,Amber Glass,zunderwood@example.com,Asia,Robust secondary infrastructure,Toys,3,0.2,500.82
d284b528-b091-4fb7-b17f-3f92d26aa790,2025-02-20 07:59:44.000000,Joseph Martinez,calebsmith@example.net,North America,Fundamental contextually-based neural-net,Electronics,9,0.3,1490.15
8e6b3085-82e2-402d-8dbc-de5aeb4aede6,2025-10-07 05:48:29.000000,Alan Kramer,john19@example.net,Middle East,Synergistic demand-driven implementation,Clothing,8,0.0,3818.7
18233383-279b-437c-9255-273fed0940f7,2024-08-19 07:14:15.000000,Warren Schultz,mary49@example.net,Asia,Decentralized grid-enabled service-desk,Electronics,1,0.2,280.49
236eb832-27f6-42ac-9b0c-417075dacbbe,2025-02-11 19:31:10.000000,Edwin David,kellie37@example.com,Asia,Robust secondary infrastructure,Toys,3,0.0,577.42
3ff69f41-9508-4801-a3be-7ca05df924fb,2025-01-17 23:06:27.000000,Gail Barron,matthewvalenzuela@example.com,Europe,Front-line next generation Internet solution,Toys,6,0.2,642.01
17871810-4ce0-4ecb-8fa2-8fb84199322e,2025-10-07 02:26:00.000000,Katrina Burns,thomas05@example.com,North America,Robust secondary infrastructure,Toys,2,0.3,290.67
37a9f824-eafa-4d5b-91ae-3d4c66592d83,2026-02-11 07:29:29.000000,Amy Manning,christinenorman@example.com,North America,Reverse-engineered multi-state knowledge user,Home & Garden,9,0.1,3037.39
cafbc4fe-531f-44af-b93c-92d513c37b5d,2025-07-30 18:51:08.000000,Zachary Brooks,florescory@example.net,North America,,,8,0.3,0.0
e6267164-d361-4b3a-bcff-ae922c435667,2026-01-07 14:45:58.000000,Joseph Martinez,calebsmith@example.net,North America,Mandatory discrete functionalities,Toys,2,0.1,880.9
e85c1ec9-d1cb-4092-9383-f86db3edd6ed,2024-10-03 01:29:48.000000,Shannon Yu,janet69@example.org,Middle East,User-centric coherent leverage,Sports,4,0.2,1051.75
09912f46-4ce6-428b-a46a-cc9a98611260,2026-02-08 14:40:58.000000,Amy Wilson,erik84@example.net,North America,Synergistic demand-driven implementation,Clothing,2,0.1,856.25
1417182a-61ad-418a-9387-5413ceef7261,2026-03-18 22:18:30.000000,Cynthia Haas,daisymccarty@example.net,Europe,Advanced context-sensitive instruction set,Toys,1,0.0,298.78
559a8f54-c559-4d0f-abff-c53f0e50f355,2025-04-17 05:40:15.000000,Melissa Castillo,aaronpowers@example.org,Asia,Synergized zero-defect conglomeration,Clothing,5,0.1,1511.66
6aa12abd-6f2e-42b9-9130-32dbe13a14ca,2026-07-13 12:49:32.000000,James Davis,thomasboyle@example.org,Europe,Front-line encompassing leverage,Toys,4,0.2,353.81
c5384872-deaa-443e-9edb-be71de2a2ddf,2025-01-13 02:06:20.000000,Keith Flynn,kellyhill@example.net,North America,Reverse-engineered multi-state knowledge user,Home & Garden,3,0.0,1080.72
9a307096-d977-46be-a71c-8948bf67de42,2026-07-12 07:07:54.000000,Ashley Brennan,dwalker@example.com,Asia,Mandatory discrete functionalities,Toys,7,0.2,2685.31
a1d770ea-c704-480e-a246-6cd702ed5d15,2025-05-14 01:51:20.000000,Mason Johnson,bboone@example.net,Middle East,Streamlined national conglomeration,Home & Garden,10,0.0,4296.96
0a8aeb94-863d-4cd6-8e06-48d00ddb545b,2025-03-26 00:16:25.000000,Shawn Odom,roberthill@example.net,Europe,,,5,0.1,0.0
53ab3cce-264a-404f-909e-21ba8a38d5aa,2025-08-15 05:13:36.000000,Kathleen Andrade,rbrown@example.com,Middle East,Re-engineered clear-thinking application,Clothing,8,0.3,1943.55
0ceeddc2-2737-4345-b886-29ffb2a0f778,2025-12-26 05:15:10.000000,Kevin Drake,robin05@example.net,Europe,Organized attitude-oriented implementation,Clothing,3,0.0,1047.23
f89617fa-6493-45ef-bf53-76a4bb48bbba,2025-07-02 02:40:14.000000,Laura Schroeder MD,melissahopkins@example.net,Asia,Innovative eco-centric open architecture,Toys,10,0.1,2079.35
8135f15a-9343-46ea-985a-9548c0ba22a4,2024-09-28 23:02:59.000000,Brian Jones,matthew18@example.com,Middle East,Multi-lateral high-level open architecture,Toys,5,0.1,1063.82
c94f6ed3-4a2f-4876-ae93-561538da9a90,2025-05-23 06:29:03.000000,Trevor Peterson,ilee@example.org,Middle East,Multi-layered high-level initiative,Electronics,7,0.3,2317.53
1521ad35-560f-4e2d-a1d7-243225e42403,2025-07-25 14:21:20.000000,Micheal Young,luis81@example.org,Europe,Cross-platform uniform flexibility,Toys,7,0.2,1380.46
8c53b74c-0c9f-46e6-becc-f7609249ee3a,2025-05-27 01:14:49.000000,Robin Trujillo,amanda98@example.org,Europe,User-centric coherent leverage,Sports,5,0.0,1668.64
80777ac5-6605-4e3c-95c7-bc834336ffe5,2025-06-23 11:16:59.000000,Mitchell Griffith,kingjames@example.org,Europe,Organic zero-defect hierarchy,Electronics,7,0.1,3039.04
c31496ea-2160-446e-b2a7-a475c6196773,2024-11-02 17:57:18.000000,Keith Flynn,kellyhill@example.net,North America,Reverse-engineered multi-state knowledge user,Home & Garden,1,0.3,276.82
7ce4770e-32b7-4d80-8f2e-08d37b1dbca3,2025-05-24 01:03:30.000000,Kirk Thompson,wmatthews@example.com,North America,Streamlined national conglomeration,Home & Garden,5,0.2,1723.26
8fa8ae34-3233-4053-9242-ba54a6f9c0e1,2025-11-11 10:47:42.000000,Ariana Jennings,bruce43@example.org,Europe,Open-architected asynchronous artificial intelligence,Other,6,0.1,1120.46
3f09f7a6-8635-4a54-bc54-b8c1ff408dcc,2025-01-25 04:51:45.000000,Beth Sanford,molly71@example.net,Europe,Mandatory discrete functionalities,Toys,5,0.2,1894.4
6e18c9b3-c6da-45f1-8429-6ca21257429e,2025-03-29 04:36:42.000000,Peter Thompson,teresastokes@example.org,Europe,Business-focused 4thgeneration throughput,Sports,3,0.2,886.46
16efacdf-9375-4e61-ac94-503eaf4afcdd,2024-10-16 09:29:26.000000,Leah Vincent,stevendixon@example.com,Latin America,,,1,0.1,0.0
5d822e3a-6c6d-482b-a9e0-8370abf7a5d0,2025-04-17 12:42:39.000000,Heidi Stark,brownamy@example.net,Latin America,Profit-focused grid-enabled infrastructure,Toys,10,0.1,1550.38
9808552c-5832-48de-921b-e8c230c3ef8a,2025-12-12 01:30:26.000000,Sandra Zimmerman,hthompson@example.net,Asia,Intuitive system-worthy access,Clothing,5,0.1,99.0
2b54500d-4e08-4bb4-8509-d55806326b36,2025-04-18 14:58:05.000000,Justin Nelson,gilbertbrenda@example.org,Middle East,Expanded intangible standardization,Clothing,4,0.0,316.03
cd840a47-fd7b-4279-9253-55159dc0a8b5,2025-06-29 11:10:32.000000,Paul Grant,seanmyers@example.net,Middle East,Re-contextualized actuating infrastructure,Clothing,9,0.2,2864.16
0b7d1856-70c2-4600-a554-5c1a9f88dda3,2026-07-08 20:21:53.000000,Sandra Drake,sandersjudy@example.com,Asia,Multi-lateral contextually-based methodology,Sports,5,0.3,920.53
af73b3cf-331e-41f2-bbc5-f97fd173b70b,2025-05-07 08:18:23.000000,Laura Schroeder MD,melissahopkins@example.net,Asia,Exclusive object-oriented orchestration,Other,5,0.2,558.09
da4ec04c-ba7e-4b86-81fa-d75327ef0a4b,2024-09-25 15:28:44.000000,Richard Glenn,joshua56@example.com,Middle East,Cross-platform fresh-thinking hierarchy,Toys,8,0.3,2421.95
3e3869e2-0df6-4417-bd55-38c71cc464ed,2025-11-15 08:06:23.000000,David Beck,thomas85@example.com,Middle East,Cross-platform asymmetric leverage,Electronics,4,0.3,593.48
d51b1974-de66-4dd0-a5ce-2a21ed3e2846,2026-04-19 00:11:13.000000,Michael Harris,maryscott@example.net,Asia,Reverse-engineered multi-state knowledge user,Home & Garden,7,0.3,1884.62
b19c905e-57e0-41f1-8384-066149a5baeb,2026-04-06 16:39:44.000000,Jeffrey Howell,watsonmatthew@example.org,Europe,Horizontal maximized product,Electronics,6,0.0,1241.41
789fed96-7337-4c2f-8e1c-37621c7cb6ed,2024-08-07 15:50:15.000000,Timothy Flores,vewing@example.com,Europe,Re-engineered clear-thinking application,Clothing,5,0.2,1397.76
89bab9c8-bd71-4da3-b581-a63254f5df70,2025-01-01 13:25:26.000000,Julie Ball,opatel@example.org,Asia,Re-contextualized actuating infrastructure,Clothing,5,0.2,1535.04
c017466e-85f4-40a2-8be2-7516342c5348,2025-02-06 21:30:59.000000,Kristina Pena,xclements@example.org,Europe,,,6,0.0,0.0
badc4599-9f7f-4e0c-bba7-9d058c7e2904,2024-11-07 18:41:19.000000,Phillip Clark,lisahall@example.org,Middle East,Exclusive object-oriented orchestration,Other,1,0.2,115.91
04b51c12-ab13-4032-b2e1-9f66b1f02ea8,2025-05-09 12:14:20.000000,Jennifer Harris DDS,jwhite@example.net,Middle East,Horizontal maximized product,Electronics,6,0.3,934.25
86dc4e34-a9dc-4e52-a7f2-418a953fcfd4,2024-08-23 18:20:43.000000,Connie Brown,tblankenship@example.net,North America,Robust secondary infrastructure,Toys,2,0.2,318.17
48b51c88-0f63-4f4a-ab9a-118e4165964c,2024-12-23 21:01:39.000000,Jessica Simpson,shelly68@example.com,Middle East,Down-sized contextually-based adapter,Sports,5,0.2,1108.49
4572b385-9e32-4085-b24f-92b9ca0841de,2024-08-31 05:21:45.000000,James Elliott,millerroy@example.com,North America,Fundamental contextually-based neural-net,Electronics,1,0.3,167.9
a9b92a1d-4574-48ca-a90e-319d637e3f94,2026-05-13 19:45:33.000000,Dawn Wilson,yorksarah@example.net,Asia,Organized attitude-oriented implementation,Clothing,3,0.1,940.37
dd419a67-5c37-4254-a8fc-5690e9b1c4a1,2024-10-12 19:01:26.000000,Tyler Hill,christina18@example.net,Europe,Organic zero-defect hierarchy,Electronics,9,0.1,3694.98
e226a768-de0e-4c53-8ae0-fd7a04e25132,2025-12-07 09:40:59.000000,Denise Colon,hreid@example.net,Middle East,User-friendly tangible synergy,Clothing,3,0.3,545.75
6175a257-fad3-444c-bb2d-ddc962f32fae,2025-08-19 23:39:38.000000,William Johnson,jbond@example.net,Asia,Synergistic demand-driven implementation,Clothing,8,0.2,3228.18
e76428c4-197f-40fd-b5ae-2a56fa033d6c,2025-03-23 00:18:26.000000,Patrick Smith,meyernicholas@example.org,Europe,Multi-tiered dedicated circuit,Electronics,1,0.2,184.62
88145bde-98db-4732-9de4-d1947c12d198,2024-09-27 08:36:22.000000,Regina Diaz,ismith@example.org,Middle East,Function-based grid-enabled adapter,Clothing,8,0.3,821.33
f77fa3a7-802a-46eb-b2e9-7c2d2fb90ccf,2025-07-11 17:15:52.000000,Kimberly Morrison,kellythompson@example.net,Asia,Re-contextualized actuating infrastructure,Clothing,2,0.3,531.65
05804493-b664-4199-ad25-459e8f8937fa,2024-08-20 20:49:13.000000,Elizabeth Martin,michaeleverett@example.com,North America,Organized attitude-oriented implementation,Clothing,6,0.0,2094.46
4e0fbae1-8787-43f4-ac19-e4eb3f551740,2025-04-06 01:58:14.000000,Frederick Solis,xcollier@example.org,Europe,Multi-layered high-level initiative,Electronics,2,0.3,644.26
28317f0d-be90-43fb-a4b5-d9a57d6c3d2a,2024-08-04 06:15:54.000000,Kristina Pena,xclements@example.org,Europe,Decentralized grid-enabled service-desk,Electronics,2,0.2,575.36
5afa0fb3-5a16-49d9-af2f-077358c69158,2025-11-18 14:55:55.000000,Joseph Allen,jwoodward@example.net,Middle East,,,10,0.3,0.0
fa6e3743-fef9-4d57-bc77-ea4a4d654036,2025-08-14 07:47:11.000000,Aaron Myers,smitchell@example.net,Middle East,Up-sized foreground toolset,Toys,4,0.3,613.48
a033edad-0fdf-4e19-8fd8-35fc469ff562,2025-02-06 03:16:24.000000,Jacob Santos,brooksdanielle@example.net,Europe,Down-sized scalable workforce,Home & Garden,4,0.0,1081.53
fffcd743-e3f1-4406-a31d-9c8be0f0fe79,2026-04-14 21:50:52.000000,Patrick Hardy,staceylam@example.net,North America,Horizontal maximized product,Electronics,4,0.2,699.62
8e10814f-f1b2-4143-878b-13a9fd88565a,2025-02-23 14:58:25.000000,Laura Cunningham,april91@example.com,Europe,,,6,0.2,0.0
e5ad481d-577f-4c16-a6d6-58fb39bfc9b6,2025-05-22 02:58:23.000000,Amber Rodriguez,williamsdarrell@example.com,Europe,Open-architected asynchronous artificial intelligence,Other,1,0.1,184.74
bada0c94-1679-4be0-a323-8416a82cae18,2025-05-13 20:38:20.000000,Parker Hill,tina34@example.org,Middle East,Fundamental contextually-based neural-net,Electronics,9,0.1,1930.9
9cc96aed-ad91-42c5-b5ea-4128854dc3bf,2026-05-29 20:06:59.000000,Olivia Harris,sarakim@example.net,North America,Cross-platform fresh-thinking hierarchy,Toys,1,0.0,409.34
6ad65b8c-3a38-4844-afbf-fde4a0226155,2025-01-23 16:25:55.000000,Michelle Pierce,patricia22@example.com,Latin America,Cross-platform uniform flexibility,Toys,10,0.1,2138.4
f8751fd4-6d2c-4f42-a71a-919f92a97acd,2025-03-20 15:01:07.000000,Olivia Harris,sarakim@example.net,North America,Front-line next generation Internet solution,Toys,1,0.0,126.82
72fcc072-544c-4132-9af9-7493e8e46b31,2025-09-15 03:45:06.000000,Susan Davis,amandasharp@example.org,Middle East,Profound mobile time-frame,Clothing,2,0.2,308.41
2379c05f-a708-4280-b4ee-0b6721bbd183,2025-10-15 06:58:45.000000,David Morris,oscar85@example.com,Latin America,Function-based grid-enabled adapter,Clothing,6,0.2,737.46
33ca9a6b-ccd3-4f7c-af1d-cfb88a962a11,2026-05-21 23:34:53.000000,Christian Lewis,irussell@example.com,North America,Function-based grid-enabled adapter,Clothing,9,0.1,1210.3
b483d162-b043-439a-8f1a-84cb235b275b,2026-06-18 23:42:17.000000,Jennifer Mitchell,zhenderson@example.org,Latin America,Profit-focused grid-enabled infrastructure,Toys,1,0.1,158.52
6e18b184-229f-485b-a8d9-1a2086181db2,2026-06-27 00:48:32.000000,Stephanie Meyer,stephen19@example.org,Asia,Optimized mission-critical moratorium,Home & Garden,1,0.3,183.82
a7fecdcd-2528-4516-8521-ff2ef9cc83ed,2026-07-15 16:43:14.000000,Allison Thomas,gonzalezkaren@example.org,Middle East,Function-based methodical product,Clothing,7,0.2,2330.9
51476e86-2875-440a-aac7-dc2e9099a283,2024-09-11 15:55:38.000000,Joseph Hill,andre62@example.org,North America,Upgradable disintermediate protocol,Toys,8,0.0,3150.9
b82d40de-f2d7-4d53-8870-2ae78eadda9a,2024-10-20 22:40:51.000000,Matthew Ross,michelle45@example.net,Middle East,Devolved responsive model,Sports,10,0.0,2977.92
e12ff6cd-d6ea-4269-914e-13532f237c4d,2024-11-11 00:31:26.000000,Laura Odonnell,tsanders@example.org,Latin America,Multi-tiered dedicated circuit,Electronics,10,0.2,1892.97
6947cbac-f610-440d-a9fe-890ff90fb6e4,2025-03-13 14:36:01.000000,Michael Montoya,ebenson@example.org,Middle East,Profound mobile time-frame,Clothing,5,0.1,850.11
d25ad576-ef0b-443e-bee0-47627168bdec,2026-06-15 11:34:29.000000,Emily Taylor,deanna38@example.net,Asia,Multi-lateral high-level open architecture,Toys,2,0.2,376.05
46178161-bd03-433b-aee9-795ea3086e48,2024-11-16 00:28:00.000000,Don Tucker MD,dramsey@example.org,Asia,Robust secondary infrastructure,Toys,9,0.2,1378.73
21acfdb5-1b55-4f6d-b01c-6abfc7739d46,2024-12-11 11:42:22.000000,Gina Wilson,taylortammy@example.net,Europe,Multi-lateral high-level open architecture,Toys,8,0.3,1444.82
9caad37c-fc67-45e2-832f-c21b06b4ed27,2025-11-12 04:29:54.000000,Dwayne Klein,sandra47@example.org,Europe,Up-sized foreground toolset,Toys,8,0.1,1542.46
9cc3c1f5-9129-4c75-9b08-e5a844511ba0,2025-01-16 08:16:53.000000,Sherry Baker,earmstrong@example.org,Middle East,Synergistic demand-driven implementation,Clothing,6,0.1,2568.76
aff7ff5d-3b1d-42cf-bb70-509298ab182c,2024-08-10 06:01:55.000000,Carrie Lewis,joshuagriffin@example.org,Middle East,Front-line next generation Internet solution,Toys,6,0.3,562.75
c7a2b171-b02a-46ee-9458-80635bf88d1d,2025-07-26 04:17:28.000000,William Oconnor,fconner@example.net,Europe,Exclusive object-oriented orchestration,Other,2,0.0,277.61
9ace63cc-d89c-43f6-8098-580d22538040,2025-07-20 02:10:00.000000,Kyle Reed,samuel81@example.com,North America,Intuitive system-worthy access,Clothing,7,0.0,149.38
2f191516-5fbb-4da5-a64a-1fe8b646e2b1,2026-05-13 20:37:33.000000,Samantha Robertson,cameronmckinney@example.com,North America,Re-contextualized actuating infrastructure,Clothing,3,0.2,932.26
233408ba-794e-4838-bdcf-60fd633098ed,2024-11-25 04:58:52.000000,Ronald Morgan,ashleewashington@example.com,Middle East,Horizontal maximized product,Electronics,9,0.1,1727.73
68994c84-0840-4234-b9ed-0800317979f9,2026-03-06 19:49:08.000000,Lisa Allen,kcaldwell@example.org,Latin America,,,6,0.3,0.0
451575b9-ece9-404b-83d7-f962f80443ee,2025-06-06 19:28:50.000000,Brian Simmons,jose86@example.net,Middle East,Cross-platform asymmetric leverage,Electronics,7,0.3,1038.59
fcfd8547-abdc-40da-be0b-bddd38f95001,2024-12-25 12:52:25.000000,Peter Thompson,teresastokes@example.org,Europe,Synergized zero-defect conglomeration,Clothing,5,0.2,1392.77
2d54ff2b-10ee-4f77-b45e-2eafc1fda581,2026-07-11 02:14:17.000000,Kendra Sanders,john10@example.net,Middle East,Synergistic demand-driven implementation,Clothing,10,0.2,4182.85
ddfc2a92-7074-4eb3-bc52-17ccf4672866,2025-11-12 06:36:07.000000,Marc Lynch,mezajared@example.org,Asia,Organic zero-defect hierarchy,Electronics,8,0.1,3510.94
dde4f5c1-532c-4c01-b017-c5337d6ce5c3,2025-07-11 09:02:15.000000,Christian Lewis,irussell@example.com,North America,Innovative eco-centric open architecture,Toys,9,0.1,1830.28
67a55936-6d74-4a0b-bf2d-39c8e338e579,2026-03-15 21:28:23.000000,Margaret Alvarez,william28@example.org,Asia,Multi-tiered dedicated circuit,Electronics,10,0.1,2173.41
d3073198-bc3e-4402-9ba1-4c350ab5207f,2025-05-12 10:28:13.000000,Rachel Bradley,gregorychase@example.com,Latin America,Horizontal maximized product,Electronics,10,0.2,1749.06
9c8b9550-64e7-4f9a-901a-0ccfb85f164b,2026-07-20 10:36:15.000000,Stephanie Meyer,stephen19@example.org,Asia,Horizontal maximized product,Electronics,1,0.2,174.91
8941bdd3-9803-482e-926a-4bd0be125f8f,2025-09-01 22:47:19.000000,Brian Leon,smithmaria@example.org,Europe,Down-sized contextually-based adapter,Sports,5,0.0,1354.82
c9739495-b440-4852-a033-500ea43262b3,2024-08-19 21:41:49.000000,Sandra Drake,sandersjudy@example.com,Asia,Down-sized contextually-based adapter,Sports,5,0.3,985.32
74f76d09-739c-4fa5-9bfc-270c85494255,2026-04-24 08:22:03.000000,Travis Johnson,erikarush@example.com,Europe,Re-engineered clear-thinking application,Clothing,3,0.3,738.82
feef21f8-e0b6-4f90-8adb-c4ffe0b55615,2025-01-27 20:21:55.000000,Keith Flynn,kellyhill@example.net,North America,Organic zero-defect hierarchy,Electronics,7,0.0,3237.23
fbdc532e-6546-466d-89b1-cad184c9b276,2026-02-12 00:20:44.000000,Alyssa Lee,marywright@example.com,Europe,,,1,0.0,0.0
8420e0d8-632c-417e-8ec5-7d470a0c64e5,2026-03-07 07:23:44.000000,Julia Erickson,ssalinas@example.org,Europe,Organized contextually-based orchestration,Electronics,7,0.1,2383.63
309a083a-0c9e-4060-b66c-7331a1722ee3,2025-03-04 03:45:31.000000,Cody Holt,sandra84@example.org,Europe,Multi-lateral contextually-based methodology,Sports,6,0.1,1377.01
4df742ae-e267-412b-a5e5-f13f70869a45,2026-03-13 22:10:00.000000,Taylor Carlson,chenbailey@example.net,North America,Business-focused 4thgeneration throughput,Sports,10,0.2,2991.36
2a9edda7-761a-4914-8931-b2d4d3def87c,2025-06-14 03:02:52.000000,Alexandra Baxter,davidsmith@example.net,Middle East,Synergized zero-defect conglomeration,Clothing,3,0.0,968.14
76ad1c33-2469-40c2-a757-499784581f73,2026-04-26 14:07:05.000000,Matthew Lamb,steinmaria@example.com,Middle East,Multi-lateral high-level open architecture,Toys,8,0.2,1622.94
b8ff615c-1727-40fa-b3a2-7c7ba566e884,2025-08-13 20:43:10.000000,Justin Nelson,gilbertbrenda@example.org,Middle East,Multi-tiered dedicated circuit,Electronics,4,0.2,719.8
95dfe6cb-c75a-4c94-ae05-7f791cf8d03f,2026-07-19 10:25:56.000000,Don Tucker MD,dramsey@example.org,Asia,Innovative eco-centric open architecture,Toys,7,0.0,1551.51
22a37556-8be1-4610-b234-8948e4f2ae4c,2025-05-22 07:04:35.000000,Chelsea Travis,lweaver@example.com,Asia,Reverse-engineered multi-state knowledge user,Home & Garden,10,0.2,3223.2
0660a3e9-736d-417c-92ce-55e369df05c7,2024-12-06 22:19:13.000000,Kathleen Andrade,rbrown@example.com,Middle East,Advanced context-sensitive instruction set,Toys,1,0.1,280.67
b66f3507-e588-4999-971e-ea3974246baa,2026-06-16 18:36:33.000000,Robert Garcia,nicole26@example.org,Middle East,Synergized zero-defect conglomeration,Clothing,1,0.1,319.32
171603b1-7466-4e6f-a1ee-b1f133b1d0dc,2025-01-31 05:39:13.000000,Tiffany Garcia,zhartman@example.net,Latin America,Organized contextually-based orchestration,Electronics,3,0.2,904.13
e83bcc84-a609-4ad0-b114-64aa52f69081,2026-01-24 14:32:21.000000,Robert Pearson,cassidy82@example.org,Europe,Devolved responsive model,Sports,2,0.0,620.4
bbb71494-b7e7-47d4-a9fb-832ccbe68571,2024-10-24 22:48:47.000000,Melissa Mitchell,kwilliams@example.org,Asia,Multi-lateral high-level open architecture,Toys,3,0.0,712.51
730bc657-b4cb-4613-9d39-e9c217584f23,2025-11-25 11:44:54.000000,Eric King,jennifermccormick@example.org,Europe,Upgradable disintermediate protocol,Toys,4,0.2,1366.46
b5103e9c-8618-440d-95d6-a6585ce9dbbc,2025-05-15 07:41:22.000000,Joanna Barrett,tamarasmith@example.net,Asia,Organic zero-defect hierarchy,Electronics,6,0.0,2774.77
82fc9294-f9a6-4522-8a83-5709ba146757,2025-11-08 09:38:27.000000,Joshua Davis,nicolealvarado@example.com,North America,Expanded composite infrastructure,Home & Garden,1,0.1,194.53
8ce377d7-60f1-4528-a8ef-2f46f323123e,2025-05-12 14:48:39.000000,Scott Brown,jim95@example.net,Europe,Decentralized tangible model,Clothing,6,0.2,2017.9
e98965f2-2bbf-4e35-84ac-b57d0b3d6dc9,2025-04-07 08:14:05.000000,Cynthia Cochran,michelle96@example.org,North America,Function-based methodical product,Clothing,7,0.1,2684.96
dcd81a8b-a8d6-4af6-9f0d-def190c40e45,2024-11-14 13:39:26.000000,Nancy Brown,aprilhoffman@example.net,Middle East,Optimized mission-critical moratorium,Home & Garden,6,0.0,1496.82
2dca365a-2504-4d28-9e6a-e4592980f6ff,2026-03-10 09:54:13.000000,Vincent Smith,morrowthomas@example.net,Middle East,Mandatory discrete functionalities,Toys,8,0.2,2841.6
4edd2a2a-6b69-44ae-8d22-af35b648be8a,2025-03-18 09:37:16.000000,Gary Wilson,lmendoza@example.org,Asia,Re-contextualized actuating infrastructure,Clothing,2,0.1,651.46
723dfacd-f601-4005-84c4-f69fbaebe15d,2025-03-02 07:02:28.000000,Micheal Young,luis81@example.org,Europe,Cross-platform uniform flexibility,Toys,7,0.2,1363.82
e606d7c2-1e18-446d-ae42-1840a05f36c8,2024-10-31 04:26:37.000000,Jeffrey Colon,kevinmorrison@example.net,Latin America,Intuitive system-worthy access,Clothing,7,0.3,113.96
9f601d17-00e7-4824-b3ee-16e7f5defeba,2026-03-07 11:47:38.000000,Kirk Thompson,wmatthews@example.com,North America,Up-sized foreground toolset,Toys,4,0.1,788.76
7f6485de-7569-4aef-8320-0c4e40cbe188,2026-05-16 09:47:59.000000,Katherine Davis,ricky51@example.org,Asia,Decentralized tangible model,Clothing,9,0.2,2953.91
0178de26-ceb5-47ac-8b22-e4457fa70485,2025-11-05 05:25:25.000000,Julia Erickson,ssalinas@example.org,Europe,Horizontal heuristic Graphic Interface,Electronics,4,0.3,227.18
37850b5c-3ce5-488c-be53-d702e1f8d192,2025-10-21 08:58:16.000000,Brenda Lawson,ejohnson@example.org,Latin America,Innovative eco-centric open architecture,Toys,3,0.1,637.52
68ffae17-7428-4491-b9c8-42cba8d3110e,2025-06-29 04:56:08.000000,Parker Hill,tina34@example.org,Middle East,Front-line next generation Internet solution,Toys,4,0.0,501.98
01aec505-99a0-4abb-99e9-54331453e17e,2025-01-27 01:33:57.000000,Phillip Obrien,kimberlyjames@example.com,Latin America,Cross-platform asymmetric leverage,Electronics,2,0.0,380.95
9ea8fcb1-4732-48c9-8c1e-9464e1d5c0dc,2025-11-21 06:23:44.000000,Scott White,freemancrystal@example.org,North America,,,1,0.1,0.0
3527bcee-d343-4f88-91f3-79b18ebb8208,2024-08-27 23:41:40.000000,Tracey Wagner,fortiz@example.com,Middle East,Cross-platform asymmetric leverage,Electronics,10,0.1,1744.35
a73d2746-0e18-4b96-a5f4-1dd62f51ac6e,2025-04-18 01:58:59.000000,Willie Dillon,jeffreyjenkins@example.org,Latin America,Down-sized scalable workforce,Home & Garden,10,0.1,2483.1
084d7822-da94-4e70-a537-41e409668d08,2025-12-21 01:29:55.000000,Mr. Nicolas Salas II,maryhuff@example.com,Europe,,,6,0.0,0.0
4c66aa4d-9a70-4a8a-9688-1d3e93fde248,2025-04-04 04:08:23.000000,Sarah Wagner,rebecca01@example.net,Asia,Exclusive object-oriented orchestration,Other,8,0.2,927.29
1be00f8e-0c8d-41d2-9673-aefbeb9e54e0,2025-06-09 20:25:20.000000,Melissa Castillo,aaronpowers@example.org,Asia,Multi-tiered dedicated circuit,Electronics,10,0.0,2290.26
ac0e1f71-294d-43ed-ada1-afdafe656dcc,2025-02-26 21:01:10.000000,David Jones,unovak@example.org,Latin America,Decentralized tangible model,Clothing,5,0.1,1742.36
b3292925-b107-494e-a932-5ae19c7060da,2025-10-26 02:48:27.000000,Michael Brown,whiteheadmichele@example.org,Middle East,Synergized zero-defect conglomeration,Clothing,6,0.2,1528.65
2d6b5953-8fea-484e-898c-fd4892811c92,2025-07-09 15:53:39.000000,Norman Cook,vpham@example.org,Asia,Robust secondary infrastructure,Toys,2,0.2,322.1
ee757637-5c35-42b3-9437-2280bfd467e7,2024-08-17 19:53:19.000000,David Jones,unovak@example.org,Latin America,Team-oriented cohesive approach,Sports,8,0.2,1530.52
52a473f9-4c9e-403a-84bd-338e17d71fc0,2025-05-03 06:24:50.000000,Andrew Greene,christinacraig@example.com,Asia,Expanded composite infrastructure,Home & Garden,1,0.1,194.53
11529a73-d1fc-4edd-a102-2b56e5c482ff,2026-03-02 02:09:55.000000,James Howard,huffmannichole@example.net,North America,Down-sized scalable workforce,Home & Garden,4,0.1,993.24
109efb40-8ceb-4c57-97e3-23cf6d651847,2025-03-05 10:34:45.000000,David Morris,oscar85@example.com,Latin America,Horizontal heuristic Graphic Interface,Electronics,3,0.3,165.71
b1d29457-1f3c-4a1d-a271-97ca788773ed,2026-05-19 12:18:25.000000,Steven West,rbennett@example.net,North America,Synergistic demand-driven implementation,Clothing,6,0.3,2096.35
69ec09d5-86ec-4d99-9447-029046404b2a,2025-09-01 11:53:46.000000,Kyle Reed,samuel81@example.com,North America,Horizontal heuristic Graphic Interface,Electronics,3,0.0,231.07
9caf8df1-3584-4d71-b221-e1c535b86d0a,2024-09-04 04:25:16.000000,Elizabeth Davis,farmstrong@example.org,North America,Function-based grid-enabled adapter,Clothing,8,0.2,971.71
fab6ad91-bacf-4cfc-9245-1cc41bfb3b3d,2025-11-21 12:47:34.000000,Vanessa Hatfield,david96@example.com,Europe,Multi-lateral contextually-based methodology,Sports,6,0.1,1346.75
7bd15655-1671-4639-bcb8-6f9e87690baa,2026-02-03 09:30:07.000000,Charles Gonzalez,kathleenrios@example.org,Asia,Team-oriented cohesive approach,Sports,7,0.2,1242.4
c9c67b51-ef13-464b-9ad2-bb72b04ba584,2026-01-20 23:35:38.000000,Chelsea Travis,lweaver@example.com,Asia,Open-architected asynchronous artificial intelligence,Other,1,0.2,152.61
d90949aa-9bdd-4d7a-ad53-628b49851b79,2025-03-23 19:33:22.000000,Tammy Long,louis43@example.org,Asia,Up-sized foreground toolset,Toys,2,0.1,394.38
feb9ea24-933c-4d00-8680-0a0b42791490,2025-11-17 01:53:41.000000,Emily Allen,whiteheather@example.net,Middle East,Reverse-engineered multi-state knowledge user,Home & Garden,7,0.1,2415.5
9d421bae-2134-415b-ad56-c7145a9621f5,2025-10-01 00:02:46.000000,Michael Harris,maryscott@example.net,Asia,Organic zero-defect hierarchy,Electronics,10,0.3,3492.06
a1c16b96-baab-49f2-850b-70737f13de67,2025-08-11 14:20:55.000000,Joshua Li,mariacohen@example.net,Europe,Intuitive system-worthy access,Clothing,10,0.2,176.0
e237c877-2e0e-4673-8ed7-cd177e14c595,2025-11-06 07:55:43.000000,Billy Schneider,edwardmoore@example.net,Middle East,Innovative eco-centric open architecture,Toys,5,0.3,811.18
fab0a15d-4a5d-4cea-b565-f64e3b93a53f,2024-12-18 07:55:00.000000,Nicholas Costa,ysnyder@example.com,Europe,Organic zero-defect hierarchy,Electronics,7,0.0,3171.17
7702beba-0623-4fbf-9e42-d2b800679b62,2025-11-18 19:12:54.000000,Elizabeth Davis,farmstrong@example.org,North America,Intuitive system-worthy access,Clothing,5,0.2,91.3
d91b1a04-bcca-4a38-9e30-614fcbf6aa23,2024-12-29 00:42:31.000000,Stephanie Meyer,stephen19@example.org,Asia,Up-sized foreground toolset,Toys,3,0.2,525.84
6a25542e-ffbd-4cdd-9d84-d303ccb03fc5,2025-06-07 14:04:05.000000,Mitchell Griffith,kingjames@example.org,Europe,Expanded composite infrastructure,Home & Garden,9,0.0,1952.03
8f7763e0-5982-4a44-9573-68cf0ba56050,2026-04-08 01:31:19.000000,Hailey Cunningham,paul20@example.com,Middle East,Multi-lateral high-level open architecture,Toys,9,0.1,1981.67
a3ff8fd2-02e4-40aa-b65b-c763a3336ea8,2024-12-24 06:10:55.000000,Kristen Salazar,jonesraymond@example.net,Latin America,Advanced context-sensitive instruction set,Toys,3,0.3,642.83
ca4a40bc-4121-41a3-8818-b004b0a4f557,2024-09-11 16:20:16.000000,Cody Holt,sandra84@example.org,Europe,Business-focused 4thgeneration throughput,Sports,8,0.1,2743.3
8ccc617e-81b6-4951-8cdf-697f4eca2e96,2025-03-29 14:09:35.000000,Gina Beard,angela83@example.org,Asia,Front-line encompassing leverage,Toys,2,0.1,191.65
af92ef22-1d24-47e2-8191-d19dc45c3fbb,2025-04-05 20:37:31.000000,Amber Rodriguez,williamsdarrell@example.com,Europe,Synergistic demand-driven implementation,Clothing,9,0.2,3410.25
91a4d796-b972-4eec-a563-7d1f57637902,2025-11-11 10:43:48.000000,Karen Romero,heatherthompson@example.org,Asia,Expanded composite infrastructure,Home & Garden,9,0.0,1992.28
2cf6073b-d500-4147-8774-3c94f5c9f459,2024-12-18 16:29:40.000000,Eric Sanders,wking@example.net,Latin America,Business-focused 4thgeneration throughput,Sports,10,0.0,3502.08
ec1a86d3-5683-4783-9575-9337549c9eb9,2025-12-25 07:35:11.000000,Kimberly May,timothy64@example.com,Asia,Front-line encompassing leverage,Toys,3,0.0,300.1
cc18dd0e-7978-4c84-aa89-a9797aa6d6ea,2024-08-17 14:38:08.000000,Tammy Ponce,daniellegarcia@example.com,Middle East,Business-focused 4thgeneration throughput,Sports,10,0.2,2772.48
8976b471-dd7f-47d1-a45d-ef2675eb0e8f,2026-06-16 21:06:05.000000,Jason Andrews,teresaday@example.com,Middle East,Reverse-engineered multi-state knowledge user,Home & Garden,4,0.3,1076.93
d06d3943-c8b3-415e-b664-704355c9bf0f,2025-06-07 12:25:34.000000,Vanessa Hatfield,david96@example.com,Europe,User-centric coherent leverage,Sports,8,0.1,2508.02
d5c97d5d-0e57-49ec-be1a-070fed83a4c8,2025-08-29 17:17:27.000000,Karen Strickland,hayesjeffrey@example.net,Latin America,Advanced context-sensitive instruction set,Toys,8,0.3,1762.51
ad9e5c1e-b997-4024-90a0-14ab4ca1cabd,2025-03-23 01:10:52.000000,Sarah Phelps,ofinley@example.net,Europe,Re-contextualized actuating infrastructure,Clothing,10,0.3,2620.8
3550b07e-04ca-4b38-892f-ca698e2017e1,2025-10-12 11:15:14.000000,Shawn Odom,roberthill@example.net,Europe,Business-focused 4thgeneration throughput,Sports,5,0.2,1404.48
ea8b31f5-ccae-48fe-94eb-8e20af7c7d2b,2026-06-10 17:51:03.000000,Laurie Goodwin,thickman@example.org,Latin America,Profound mobile time-frame,Clothing,7,0.3,982.57
f83893a2-10f3-4676-9a85-3cd8cbb86be0,2024-11-13 23:01:37.000000,John Allen,brent38@example.net,Latin America,Multi-layered high-level initiative,Electronics,10,0.0,4295.04
56d2b14d-07fa-46f7-973a-ae7b47cc3a66,2025-05-08 10:46:37.000000,Bradley Reynolds,lisa80@example.net,North America,Synergized zero-defect conglomeration,Clothing,8,0.3,2011.02
2a7cf9e9-d7a7-47b1-88c6-2063a06303ca,2025-10-07 11:39:04.000000,Jim Baker,orose@example.com,Latin America,Synergistic demand-driven implementation,Clothing,9,0.3,3277.39
985e7e89-2ff8-407a-a3ba-9d869b0e70ad,2024-10-19 17:55:25.000000,Justin Riley,michelle52@example.com,Middle East,Intuitive system-worthy access,Clothing,3,0.1,60.72
4eeb87ff-c064-4074-8847-b130dd56030e,2026-01-19 18:53:47.000000,David Maynard,katherinetaylor@example.org,North America,Horizontal heuristic Graphic Interface,Electronics,3,0.2,175.05
0818c965-b5b8-4351-9083-0841db9a0eb7,2025-02-16 20:51:38.000000,Maurice Gray,christinaturner@example.net,North America,,,8,0.3,0.0
e0864418-7f3e-459b-9638-613769f35b2d,2025-01-21 13:45:16.000000,Linda Rich,davisdonna@example.net,Europe,Optimized mission-critical moratorium,Home & Garden,7,0.0,1801.44
f362d408-d457-4305-b3b0-220d5f2019ea,2025-03-13 01:11:23.000000,Laurie Goodwin,thickman@example.org,Latin America,Re-contextualized actuating infrastructure,Clothing,4,0.1,1317.89
2ccda2af-4d64-4b63-866c-fb2b3754f16f,2024-10-16 03:55:28.000000,Matthew Ross,michelle45@example.net,Middle East,Re-contextualized actuating infrastructure,Clothing,4,0.0,1482.62
c71d4564-0992-4886-88f2-16c15fcc997d,2024-12-24 23:10:09.000000,Linda Rich,davisdonna@example.net,Europe,Synergistic demand-driven implementation,Clothing,6,0.2,2243.98
8188de48-719b-4dd6-97b4-e75be9d18ec2,2024-08-09 08:35:59.000000,Gina Beard,angela83@example.org,Asia,Profit-focused grid-enabled infrastructure,Toys,5,0.3,627.12
80038f26-e7ab-4ef7-bb8f-d09acc8ceba9,2024-11-17 15:59:59.000000,Chelsea Gill,timothybooth@example.com,Europe,Down-sized contextually-based adapter,Sports,3,0.2,632.25
7bc4d138-ec73-4598-9711-d5fd30b1b67b,2026-02-09 21:28:22.000000,Sarah Davis,brettbennett@example.net,Latin America,Function-based grid-enabled adapter,Clothing,10,0.0,1446.0
c6895836-4f73-4b1c-860c-7b68dfb68a5f,2025-04-01 05:48:13.000000,Ashley Brennan,dwalker@example.com,Asia,Optimized mission-critical moratorium,Home & Garden,5,0.1,1234.22
ad3d581e-8422-4f58-b022-54affb764637,2024-11-01 01:48:32.000000,Jason Stein,gateskathy@example.com,North America,Business-focused 4thgeneration throughput,Sports,5,0.1,1696.32
75992b0a-095b-41d6-b97d-76173487246c,2025-05-18 00:56:59.000000,Lisa Allen,kcaldwell@example.org,Latin America,Synergized zero-defect conglomeration,Clothing,4,0.1,1182.16
afe2a940-0b45-4c23-aead-a90c4f9c78bf,2026-05-10 17:57:34.000000,Lisa Morris,mbarnes@example.net,North America,Streamlined national conglomeration,Home & Garden,10,0.2,3759.84
55527a3c-164a-4b18-9f33-34c698233b06,2025-07-18 14:58:46.000000,David Moon,joseph19@example.com,Middle East,Horizontal heuristic Graphic Interface,Electronics,10,0.1,723.54
05c14422-4ffe-4dfd-bedc-acb7a8b331a0,2025-10-12 14:16:39.000000,Kendra Sanders,john10@example.net,Middle East,Cross-platform uniform flexibility,Toys,10,0.1,2090.88
e462ff64-a38b-4aa4-8fe8-98d8c22ca6a8,2024-12-30 23:35:20.000000,Carrie Lewis,joshuagriffin@example.org,Middle East,Organic zero-defect hierarchy,Electronics,2,0.2,792.79
495c7ac8-314a-4bdd-b357-9b275225374a,2025-02-20 20:54:11.000000,Curtis Taylor,jjohnson@example.net,Asia,Decentralized tangible model,Clothing,9,0.2,3063.31
70ecf41b-c5d5-4016-91b3-ccf588433a38,2025-12-24 06:26:27.000000,Jacob Santos,brooksdanielle@example.net,Europe,Horizontal heuristic Graphic Interface,Electronics,9,0.0,693.2
2851a8be-2639-4214-85cc-aa931e1e5d91,2025-02-18 12:44:35.000000,Mitchell Johnson,brownlaura@example.net,Latin America,Exclusive object-oriented orchestration,Other,1,0.2,115.91
9f795228-f553-4567-83e7-dd211d4d46d6,2025-09-28 15:57:44.000000,Patricia Baker,katiebutler@example.net,North America,Front-line next generation Internet solution,Toys,1,0.1,117.57
8ae3297e-34e2-4142-9a35-447583997ac5,2025-04-19 02:11:07.000000,Sarah Wagner,rebecca01@example.net,Asia,Innovative eco-centric open architecture,Toys,4,0.2,712.92
243d116d-4563-4bbe-9188-3a268ca33a54,2026-01-19 01:53:11.000000,David Garcia,perezwilliam@example.org,Latin America,Synergistic demand-driven implementation,Clothing,10,0.2,3838.38
3eacdb28-92f7-4993-8884-3b5bcdd3214c,2024-12-01 00:34:44.000000,Joshua Li,mariacohen@example.net,Europe,Fundamental contextually-based neural-net,Electronics,1,0.1,207.55
e46a0b42-9cfe-4bd8-8fb6-7094123cf911,2025-04-10 02:19:57.000000,Richard Glenn,joshua56@example.com,Middle East,Robust secondary infrastructure,Toys,3,0.2,441.9
214c87b1-0cfc-4420-b192-e4438a6342ca,2024-08-12 12:14:41.000000,Shannon Yu,janet69@example.org,Middle East,Decentralized grid-enabled service-desk,Electronics,8,0.2,2330.21
0ceaaf73-aced-4d55-a73e-2bc578822064,2024-10-11 06:24:10.000000,Ashley Jenkins,browndiana@example.org,Latin America,Fundamental contextually-based neural-net,Electronics,2,0.2,368.46
6d2cdbf9-160b-4ed4-8dc5-d42e6233960a,2025-05-21 09:38:23.000000,Laura Schroeder MD,melissahopkins@example.net,Asia,Decentralized grid-enabled service-desk,Electronics,1,0.1,327.24
e42aa836-989b-48c0-b465-c0272dd1d45b,2025-10-24 09:33:31.000000,Nicholas Mcbride,wrightjames@example.com,Latin America,Multi-layered high-level initiative,Electronics,1,0.1,407.13
b3099e0d-b0ac-4677-960f-8680a124fdb2,2025-07-02 06:46:20.000000,Travis Joyce,xhammond@example.com,North America,Horizontal heuristic Graphic Interface,Electronics,7,0.3,381.22
5513b74f-4ffc-4c54-9b0a-31ea9dc6d783,2026-04-16 22:00:17.000000,Jesse Clark,gbailey@example.com,North America,Exclusive object-oriented orchestration,Other,5,0.0,708.34
abbe274a-c226-4b53-b680-873b32b9c542,2026-04-10 14:13:26.000000,Tammy Long,louis43@example.org,Asia,Multi-layered high-level initiative,Electronics,5,0.1,1990.93
ec3b9258-f943-475e-941b-9098889277fe,2026-02-27 23:51:04.000000,James Chapman,cameronwilliams@example.com,Middle East,Synergized zero-defect conglomeration,Clothing,6,0.1,1875.14
21bd55eb-915a-43c0-b737-cfb5c3b1927b,2024-10-01 03:51:53.000000,Brett Thompson,phelpsmichael@example.net,Europe,Re-contextualized actuating infrastructure,Clothing,7,0.3,1913.18
b2d7692a-eb70-4da9-8d66-d79dd0170108,2025-07-19 17:04:39.000000,Denise Colon,hreid@example.net,Middle East,Function-based grid-enabled adapter,Clothing,7,0.1,910.98
af39f2ce-4f75-445a-b4a1-2a0d18e63a55,2025-12-03 12:36:55.000000,Phillip Bennett,molly39@example.com,Latin America,Streamlined national conglomeration,Home & Garden,8,0.1,3186.91
dc70ce22-24ca-41b8-b94a-97fdf28bf846,2026-06-16 16:51:22.000000,Chase Knight,buckleyanna@example.org,Latin America,Multi-lateral high-level open architecture,Toys,2,0.1,430.48
5d0b042d-e9b1-4c76-820f-beef9defeab9,2025-05-21 12:37:31.000000,Kristina Pena,xclements@example.org,Europe,Expanded intangible standardization,Clothing,9,0.1,674.04
aa4946f4-ead1-4758-b319-f18d2ef03a1b,2025-04-03 13:32:28.000000,Stephanie Salazar,jrivas@example.com,Asia,Intuitive system-worthy access,Clothing,6,0.2,105.6
53238aff-e1e5-48a1-9c5c-d673c9ed66a6,2025-07-08 01:35:26.000000,Christopher Schwartz,jenniferwilliams@example.com,Latin America,Function-based grid-enabled adapter,Clothing,10,0.2,1127.88
79af8348-10bb-460d-87bf-63ee7ccd3dc0,2024-10-16 16:08:57.000000,Miss Debra Williams PhD,cstone@example.com,North America,Down-sized contextually-based adapter,Sports,8,0.1,1948.74
d8842354-7613-4f44-ba88-f16259f8068e,2024-11-30 15:45:12.000000,Jeffrey Henderson,dshields@example.net,Middle East,User-friendly tangible synergy,Clothing,6,0.2,1226.06
9abc9859-593e-4c83-8497-d0a8484204d5,2025-10-10 08:33:40.000000,Amy Wilson,erik84@example.net,North America,Multi-tiered dedicated circuit,Electronics,1,0.0,229.03
67db0943-1a59-43eb-8208-fd42209ce4a5,2026-04-17 00:04:20.000000,Kevin Snyder,jessicapayne@example.org,Middle East,Function-based methodical product,Clothing,6,0.2,2149.65
536c32d0-1b63-405f-8bf8-5149b6da99cd,2025-09-25 23:10:00.000000,Debra Ortiz,hancocktammy@example.net,Middle East,Reverse-engineered multi-state knowledge user,Home & Garden,3,0.3,807.7
69d75427-972d-4d57-a69b-e896760272ba,2025-01-22 07:08:51.000000,Sarah Wagner,rebecca01@example.net,Asia,Cross-platform uniform flexibility,Toys,6,0.1,1268.78
28b58db5-8c46-4308-be62-89819ef1a74f,2025-07-30 15:53:50.000000,Daniel Miller,ramseysarah@example.com,North America,Down-sized scalable workforce,Home & Garden,1,0.2,226.24
354f184e-5739-4b03-90e9-4dce6241cba3,2026-04-14 04:16:13.000000,Chelsea Travis,lweaver@example.com,Asia,Function-based grid-enabled adapter,Clothing,6,0.1,772.16
c8c8ccf9-6e5f-4f71-9749-d2b0b1ade82a,2025-06-24 03:21:47.000000,Margaret Alvarez,william28@example.org,Asia,Decentralized tangible model,Clothing,10,0.0,3889.92
8b661d1f-579a-4954-898e-3f5b9134c0b7,2026-01-11 03:21:42.000000,Shawn Deleon,katrinaanderson@example.net,Latin America,Function-based methodical product,Clothing,6,0.2,2048.49
ab6b3f08-a9a0-44ef-ac4f-54163c749c16,2024-09-19 11:50:19.000000,Nicholas Edwards,elizabeth52@example.net,Middle East,Cross-platform fresh-thinking hierarchy,Toys,1,0.2,332.59
92fe00e8-b63f-4809-ae4d-0decbd472885,2026-05-01 21:53:55.000000,Shannon Davis,hallrachel@example.net,Latin America,Profound mobile time-frame,Clothing,7,0.3,1010.25
98986758-9798-40c3-9d44-43517c93cdc3,2025-07-15 13:01:14.000000,Garrett Gibson,kathleen64@example.com,Europe,Front-line next generation Internet solution,Toys,5,0.2,521.8
d2701a52-18ff-48ad-8e1a-3a51534bfa86,2025-07-01 19:12:50.000000,Richard Walter,alyssa42@example.com,Europe,Mandatory discrete functionalities,Toys,5,0.2,1870.72
67e2189b-f4b4-4704-8edb-6dc82d19bd52,2024-09-13 01:21:44.000000,Joseph Hill,andre62@example.org,North America,Multi-layered high-level initiative,Electronics,2,0.0,859.01
d066ad21-af7d-4f21-9bd6-b03d9927839b,2025-10-27 05:35:04.000000,Andrew Diaz,nolanjason@example.org,Latin America,Function-based grid-enabled adapter,Clothing,3,0.3,316.67
53d106cb-6100-4ffe-91e2-b878c576c26d,2025-08-08 22:06:40.000000,Anthony Anderson,dbryant@example.net,Latin America,Intuitive system-worthy access,Clothing,1,0.2,17.6
172d2bd0-0fbd-4c81-a900-8ecda51e01ad,2025-01-06 00:21:33.000000,Brandon Colon,bgonzalez@example.org,North America,Decentralized tangible model,Clothing,9,0.2,3063.31
94ad345a-e323-4264-a390-0c1dd1291d13,2026-06-22 13:41:39.000000,Manuel Mccullough,todd59@example.net,Latin America,Advanced context-sensitive instruction set,Toys,3,0.2,715.27
000c14a5-cf51-4203-a2d9-99bac146ed52,2026-03-01 00:44:00.000000,Kayla Jackson,sandra99@example.org,Asia,Down-sized contextually-based adapter,Sports,3,0.2,624.04
73f621a8-2633-4c43-a92f-85fe258fcafc,2025-09-06 15:06:29.000000,Joanne Perez,rreynolds@example.net,North America,,,2,0.3,0.0
93f3503d-9d96-432d-a3d5-e7504a9ff50e,2025-07-03 07:26:39.000000,Mercedes Barnes,huntchristine@example.com,North America,Fundamental contextually-based neural-net,Electronics,4,0.2,708.93
e09ef2a3-ae77-4249-b4a6-3e7632173525,2025-03-23 21:35:28.000000,Jeffrey Chavez,teresa28@example.org,North America,Re-contextualized actuating infrastructure,Clothing,9,0.2,2796.77
e9c7c13a-cb5a-4d77-91fd-a27f4cbb7460,2025-12-30 19:40:42.000000,Kristina Faulkner,paulscott@example.com,Europe,Horizontal maximized product,Electronics,3,0.2,524.72
efca07ae-f17e-4a71-ab22-ec1d4df6ff4f,2025-06-23 15:40:52.000000,Michael Smith,michaeljones@example.net,Latin America,Decentralized tangible model,Clothing,5,0.1,1782.88
5821b9f8-ea45-4afd-bb8a-61ebb7c12a4c,2024-09-28 08:13:11.000000,Sara Cardenas,rsheppard@example.com,North America,User-friendly tangible synergy,Clothing,8,0.2,1674.62
fc862110-9c8a-4872-8214-1a68952d986c,2025-08-21 10:46:21.000000,Mark Carpenter,kennedyjames@example.org,Europe,,,10,0.0,0.0
da3dc780-20a7-4d78-98fe-b8de67797b58,2025-03-06 11:46:53.000000,Mr. Nicolas Salas II,maryhuff@example.com,Europe,Devolved responsive model,Sports,2,0.1,539.75
8c83bc68-e6ac-459a-9e85-643c0ffa2366,2024-08-31 06:08:48.000000,Kyle Smith,nsmith@example.org,North America,Profound mobile time-frame,Clothing,6,0.0,1138.75
d21ce315-8f5e-448e-b40f-040e0037447f,2025-04-26 00:35:14.000000,Mitchell Griffith,kingjames@example.org,Europe,Business-focused 4thgeneration throughput,Sports,9,0.2,2659.39
dd9d2e4d-483e-4d69-9c7a-bd161c153057,2024-08-14 05:06:27.000000,Breanna Jones,ymorgan@example.net,Europe,Business-focused 4thgeneration throughput,Sports,3,0.1,952.13
9714fadc-b3c4-4030-ae84-e8323c38c3f0,2025-05-23 05:28:34.000000,Warren Schultz,mary49@example.net,Asia,Synergized zero-defect conglomeration,Clothing,2,0.2,570.7
361241be-8b8c-47be-af68-9d6561ae3f21,2025-12-17 13:26:42.000000,Brandon Colon,bgonzalez@example.org,North America,,,6,0.3,0.0
302fa247-239a-446d-b991-2c512c649adf,2025-09-25 09:35:26.000000,Carolyn James,josephadams@example.org,Asia,User-centric coherent leverage,Sports,2,0.1,620.26
5c3bd3b5-ecaa-4afb-97e4-527a6274d240,2026-05-04 09:49:16.000000,Juan Smith,kellymueller@example.net,North America,Horizontal maximized product,Electronics,5,0.0,1023.84
02f865f8-2260-41c6-a023-fd4bab89736b,2024-09-14 17:13:27.000000,Joseph Allen,jwoodward@example.net,Middle East,Multi-lateral contextually-based methodology,Sports,10,0.3,1815.84
b8a9b014-24dc-4a07-8405-6d2ba5fcd671,2026-06-08 07:18:09.000000,Phillip Obrien,kimberlyjames@example.com,Latin America,Multi-lateral contextually-based methodology,Sports,10,0.2,1967.16
f997f697-6fcd-4f50-a86d-e2517c98756f,2024-11-03 10:49:31.000000,Emily Taylor,deanna38@example.net,Asia,Up-sized foreground toolset,Toys,10,0.0,2169.09
ce52309d-a46a-47c2-a320-de1615ac80e4,2025-06-08 23:53:22.000000,Paul Moreno,wilsonmichael@example.org,North America,Optimized mission-critical moratorium,Home & Garden,2,0.0,519.95
c9f7369f-e4c1-4210-b4be-4b20dc32f8a0,2026-01-12 02:48:02.000000,Joseph Allen,jwoodward@example.net,Middle East,Business-focused 4thgeneration throughput,Sports,10,0.1,3356.16
9f8d367d-6cfa-42dd-ae28-dccd9abbe46b,2024-12-07 15:26:52.000000,Connor King,courtneyberger@example.net,Latin America,Business-focused 4thgeneration throughput,Sports,10,0.1,3210.24
8d532691-6c93-4f69-8269-041a74533044,2026-04-18 23:01:16.000000,Allison Weaver,tapiaaaron@example.net,Europe,Optimized mission-critical moratorium,Home & Garden,8,0.3,1533.58
39ca2826-5af5-4a23-a27c-a9f773363302,2024-12-12 07:10:40.000000,Eric Patrick,johnsonmatthew@example.org,Asia,User-centric coherent leverage,Sports,5,0.1,1449.53
93f3c702-01e6-4e9a-9ac5-50236cbdd931,2025-08-11 22:06:02.000000,Denise Cruz,pmarsh@example.org,North America,Reverse-engineered multi-state knowledge user,Home & Garden,7,0.1,2415.5
b64e26cf-3c9b-4542-bb1d-23a8d8c823b0,2025-08-14 16:41:05.000000,Andrew Diaz,nolanjason@example.org,Latin America,Down-sized contextually-based adapter,Sports,1,0.0,260.02
8bd18d4b-ed33-43fc-a92c-aaae44ed98e2,2025-10-11 15:46:06.000000,Justin Nelson,gilbertbrenda@example.org,Middle East,Exclusive object-oriented orchestration,Other,8,0.1,1076.11
09b185d6-fa6d-41ee-8890-f5065df1bf6f,2025-10-05 06:51:27.000000,Melissa Abbott,jamie98@example.org,Europe,Front-line encompassing leverage,Toys,6,0.3,467.53
1cf8570b-5e5b-4ad8-b473-2eb67bb775d4,2025-10-14 16:46:33.000000,Brenda Mitchell,ihorton@example.net,Europe,User-friendly tangible synergy,Clothing,6,0.3,1061.59
147f0413-b0c4-4ddc-b634-71f87b45bd9c,2024-11-08 08:29:04.000000,Jacob Hunter,alexander67@example.org,Europe,Cross-platform asymmetric leverage,Electronics,6,0.2,1022.55
fbcbd6ec-86c2-4d8f-bb36-07b0baed6f49,2026-05-19 11:14:21.000000,Micheal Young,luis81@example.org,Europe,Devolved responsive model,Sports,4,0.1,1067.09
478817ec-c764-432e-8026-27d1fbd1b0c0,2025-07-17 02:49:23.000000,Jennifer Lewis,reeddaniel@example.net,Europe,Function-based grid-enabled adapter,Clothing,4,0.0,555.26
e3d1803c-85fa-45ea-9407-2edb8456ce4f,2025-11-06 20:19:20.000000,Aaron Myers,smitchell@example.net,Middle East,User-centric coherent leverage,Sports,7,0.3,1746.18
a1731ed8-78f2-461c-bec7-7a8f16a46b83,2026-02-17 01:48:47.000000,Timothy Johns,wsantos@example.com,Middle East,Cross-platform uniform flexibility,Toys,3,0.2,541.73
13fd2d26-ab31-4bfe-b5dd-7f92a9eaa9ff,2026-01-03 07:50:45.000000,Robert Clarke,zbell@example.net,Latin America,Down-sized scalable workforce,Home & Garden,6,0.1,1556.08
94628786-cc50-4a89-8a08-d40ea2395ad5,2025-03-20 17:11:56.000000,Michael Warner,ojones@example.com,Europe,Streamlined national conglomeration,Home & Garden,1,0.1,384.94
743b9f71-7807-4947-82c2-b367c74d8df0,2025-08-23 04:30:53.000000,Laura Schroeder MD,melissahopkins@example.net,Asia,Function-based methodical product,Clothing,9,0.1,3262.41
bbdb4536-92ef-43c1-b81f-9d3fe7f339dc,2025-04-04 11:39:02.000000,Mason Johnson,bboone@example.net,Middle East,Organized contextually-based orchestration,Electronics,10,0.1,3483.46
fa4e8355-f5e8-47e1-9a58-9b676bc7b635,2026-04-01 23:44:28.000000,Aaron Myers,smitchell@example.net,Middle East,User-centric coherent leverage,Sports,8,0.2,2211.38
090b23ed-2ae1-40bc-8a09-90884b6c14e4,2026-01-11 20:28:28.000000,Brandi Page,williambenson@example.com,Middle East,Robust secondary infrastructure,Toys,8,0.1,1429.79
4dd7962b-bfda-45c9-98fe-b4f3ec40d95a,2026-02-05 15:31:00.000000,Monica Herrera,smiller@example.net,Europe,Synergistic demand-driven implementation,Clothing,7,0.0,3306.91
0fb91307-42ac-46dc-904f-0df7c8f72c2d,2025-11-21 18:47:06.000000,Brittney Webster,craigjoseph@example.net,Latin America,User-friendly tangible synergy,Clothing,6,0.2,1151.3
92a6f3e6-2b48-46e6-9401-0dfe79210c7c,2024-08-30 02:02:46.000000,Shawn Deleon,katrinaanderson@example.net,Latin America,Profit-focused grid-enabled infrastructure,Toys,7,0.0,1195.01
cf13cb3d-4ab0-4699-bd88-8cbda8049463,2026-02-13 17:32:34.000000,Charles Edwards MD,glennstephanie@example.com,North America,Multi-layered high-level initiative,Electronics,6,0.2,2228.05
7c193e6f-496c-403a-86fd-01e69fd33d40,2024-09-23 01:52:58.000000,Andrew Diaz,nolanjason@example.org,Latin America,Team-oriented cohesive approach,Sports,9,0.1,1784.07
d9f850e9-13ad-4ead-816e-bf3220775ce4,2026-03-21 18:10:47.000000,Matthew Foster,shannonjordan@example.org,North America,Multi-tiered dedicated circuit,Electronics,10,0.2,1869.6
9da4ec0f-21ee-4f6c-8086-69bb4721194b,2025-02-24 05:28:42.000000,Garrett Gibson,kathleen64@example.com,Europe,Fundamental contextually-based neural-net,Electronics,2,0.1,410.43
e8fe6095-2cb3-4e23-9a94-0c6c1c8e806b,2025-10-23 15:10:35.000000,Zachary Levy,anna99@example.com,Latin America,Front-line encompassing leverage,Toys,4,0.2,345.38
7257dcb6-a8be-4c80-a6b0-d2c9bd2cf4eb,2025-05-04 04:44:06.000000,Carolyn Fuller,rhernandez@example.org,Asia,Horizontal heuristic Graphic Interface,Electronics,1,0.0,77.02
c853bc55-42e1-4302-ace6-f908cecea5d3,2026-01-16 07:10:20.000000,Gina Beard,angela83@example.org,Asia,Upgradable disintermediate protocol,Toys,6,0.2,1832.66
cca3a4c4-2e49-42cf-bc23-9ebc3c775558,2025-09-03 15:01:21.000000,Carolyn James,josephadams@example.org,Asia,Decentralized grid-enabled service-desk,Electronics,3,0.2,884.62
fbec1ed8-57c4-42c3-8878-9ef0dcacfa54,2024-09-24 13:08:21.000000,Jeffrey Hawkins,fgarcia@example.com,North America,Fundamental contextually-based neural-net,Electronics,6,0.3,1007.42
ef16d03b-9875-43c3-a523-52f6f7a3f6a6,2026-04-20 05:49:23.000000,Brenda Mitchell,ihorton@example.net,Europe,Multi-lateral contextually-based methodology,Sports,7,0.3,1235.78
c0b4f6d6-7ef6-475b-966d-e2a1277664d0,2025-06-06 17:41:17.000000,Samantha Robertson,cameronmckinney@example.com,North America,Advanced context-sensitive instruction set,Toys,10,0.1,2716.2
a9217ddc-3cea-4f89-a217-3b7fc536d2ce,2025-06-27 21:25:30.000000,Mitchell Griffith,kingjames@example.org,Europe,Horizontal heuristic Graphic Interface,Electronics,9,0.2,595.17
35fab528-2ad3-436f-a338-17fab9db1388,2025-10-12 17:57:37.000000,Tracey Wagner,fortiz@example.com,Middle East,Advanced context-sensitive instruction set,Toys,8,0.2,1834.94
0de84b63-5856-41fc-9782-5ea3bbff16e9,2025-12-01 20:23:47.000000,Elizabeth Martin,michaeleverett@example.com,North America,Up-sized foreground toolset,Toys,2,0.3,311.12
1db1ce86-d1cc-48d3-8167-650543af6c46,2024-08-30 18:53:07.000000,Melissa Wiley,uclements@example.net,Europe,Advanced context-sensitive instruction set,Toys,1,0.2,247.48
79ea5621-6614-43a7-b6c9-aeb22ae7dc19,2025-03-12 01:40:20.000000,Brittney Webster,craigjoseph@example.net,Latin America,Robust secondary infrastructure,Toys,10,0.2,1630.12
c09f1c91-f2c0-40cf-bf03-b8c279ec958b,2026-07-07 11:40:07.000000,Peter Thompson,teresastokes@example.org,Europe,Synergized zero-defect conglomeration,Clothing,10,0.1,2921.42
aefa823b-613a-4ff9-bbd1-3a438853490b,2026-01-20 01:15:53.000000,Jeffrey Colon,kevinmorrison@example.net,Latin America,,,10,0.2,0.0
49ee4969-0309-44c0-af4a-bfccdeca8598,2026-07-11 04:27:45.000000,Vincent Smith,morrowthomas@example.net,Middle East,Down-sized contextually-based adapter,Sports,2,0.1,514.56
adb1be7a-61cb-4527-b2e5-e892cc1c7204,2025-03-23 04:38:39.000000,Heidi Stark,brownamy@example.net,Latin America,Devolved responsive model,Sports,7,0.0,2062.83
f4b3f20e-aed0-4b57-87be-b021f63614f5,2024-08-21 20:24:20.000000,Nicholas Rush,xrosales@example.net,Asia,Organized contextually-based orchestration,Electronics,7,0.2,2328.83
a32e3ab5-8802-474a-aaef-2ec218ecde2b,2025-04-21 19:36:56.000000,Tiffany Townsend,matthewsalexander@example.org,Asia,Exclusive object-oriented orchestration,Other,1,0.2,113.05
9c48c830-6e89-44f4-9820-10d1f4c873a7,2026-07-04 01:19:31.000000,Carolyn James,josephadams@example.org,Asia,Organized contextually-based orchestration,Electronics,9,0.1,3170.34
55c06c8e-45c8-4f41-9bbd-3290a6edcadd,2025-02-15 23:01:33.000000,Amber Glass,zunderwood@example.com,Asia,Exclusive object-oriented orchestration,Other,9,0.1,1146.23
415e3805-1928-4ae5-8d64-9aff445fdde1,2025-12-11 05:37:29.000000,Angie Hill,zgomez@example.com,Europe,Expanded intangible standardization,Clothing,1,0.3,60.08
c5ed3982-760b-4673-a422-a73e958c9cfd,2025-12-27 12:07:14.000000,Zachary White,manuel15@example.net,Asia,Organized attitude-oriented implementation,Clothing,6,0.2,1709.76
ac00f929-bbfb-476c-bde6-67f9bfc46c0e,2025-10-21 06:23:53.000000,Jaime Lang,stucker@example.net,Latin America,User-friendly tangible synergy,Clothing,5,0.2,1021.72
56604762-851b-4860-b1e6-a645c53f4f7e,2025-12-29 09:21:50.000000,Jennifer Pena,charlesharrington@example.com,Asia,Cross-platform uniform flexibility,Toys,5,0.2,986.04
5032739c-2e0f-4484-be43-541ab0b6148c,2025-09-19 08:01:11.000000,Michael Paul,umatthews@example.org,North America,Advanced context-sensitive instruction set,Toys,5,0.2,1192.11
d4e99a65-022b-4e76-ac3c-be3402b53d3d,2024-09-11 18:29:53.000000,Nicholas Rush,xrosales@example.net,Asia,Upgradable disintermediate protocol,Toys,8,0.1,2893.68
8677b81d-1902-493b-a947-9974030fe73e,2024-10-09 16:45:14.000000,Brenda Lawson,ejohnson@example.org,Latin America,Horizontal maximized product,Electronics,5,0.1,970.52
382bab11-59fc-4aeb-b229-44a9af7ce609,2026-02-04 07:26:02.000000,Cynthia Cochran,michelle96@example.org,North America,Reverse-engineered multi-state knowledge user,Home & Garden,9,0.1,3037.39
08b6f61d-316d-4914-807c-43704886274c,2024-08-08 09:35:26.000000,Timothy Flores,vewing@example.com,Europe,Innovative eco-centric open architecture,Toys,3,0.1,623.81
f041e4f7-0e8f-400b-9789-76de9e90d107,2025-10-25 11:19:40.000000,Ronald Jones,gilbertwilliam@example.com,Europe,Upgradable disintermediate protocol,Toys,2,0.1,723.42
3781d306-d5e0-4664-a4db-04c8a8174c85,2025-10-29 13:07:39.000000,Garrett Meyer,frazierjennifer@example.com,Latin America,Robust secondary infrastructure,Toys,5,0.2,765.96
f5321352-b544-48e4-9f2d-a344a3596667,2024-10-22 04:19:02.000000,Richard Walter,alyssa42@example.com,Europe,Multi-layered high-level initiative,Electronics,9,0.1,3704.47
21419a14-9acc-400d-9b3f-b4a2161d6acf,2025-05-09 00:09:18.000000,Charles Edwards MD,glennstephanie@example.com,North America,Down-sized contextually-based adapter,Sports,5,0.0,1313.76
a5dd2836-e65f-49fa-838c-2eafa8097a77,2025-10-03 16:04:09.000000,Brittany Miller,dixonjames@example.org,Europe,Expanded composite infrastructure,Home & Garden,10,0.1,2079.48
e5605cfb-2f4c-4efb-b798-28a2cd9e84ec,2024-10-15 02:05:02.000000,Aaron Myers,smitchell@example.net,Middle East,Organic zero-defect hierarchy,Electronics,9,0.1,3949.8
4b68d94d-40da-4c7d-af2b-dc13b2165b5a,2025-07-18 16:27:53.000000,Phillip Clark,lisahall@example.org,Middle East,Synergized zero-defect conglomeration,Clothing,2,0.1,597.87
a3871e92-1362-4119-afa9-a0a3a9151364,2025-07-08 04:35:10.000000,Sara Cardenas,rsheppard@example.com,North America,Exclusive object-oriented orchestration,Other,2,0.2,228.96
c4f4b844-46c1-42a5-bec8-8839ec35c3de,2025-06-17 15:19:45.000000,Gina Beard,angela83@example.org,Asia,Re-engineered clear-thinking application,Clothing,9,0.3,2126.59
c516e394-aae6-487e-a744-aa30b1356d67,2026-03-11 03:51:07.000000,Christopher Jones,ortizhannah@example.com,Middle East,,,8,0.1,0.0
c7de01a9-2976-4b0f-81e0-cfaf52ca9ced,2024-09-16 11:11:13.000000,Joseph Knight,georgemiller@example.com,Middle East,Cross-platform asymmetric leverage,Electronics,5,0.1,902.25
61ff1d9a-0ff8-4e8a-86f0-6a7146fc4ff2,2025-05-18 19:37:57.000000,Jennifer Vargas,grahamtamara@example.org,Europe,Synergized zero-defect conglomeration,Clothing,2,0.2,543.52
421becca-0f60-40f3-bef7-24105528dc45,2026-04-13 07:29:17.000000,Maria Harper,williamsmatthew@example.org,Latin America,Organized attitude-oriented implementation,Clothing,1,0.3,260.03
9c3cbe9d-335f-4d14-adb7-d4e4fabb6609,2025-05-21 23:01:06.000000,Joseph Martinez,calebsmith@example.net,North America,Function-based methodical product,Clothing,8,0.1,3169.68
1bc2197e-7df7-4791-a53e-62ba2dae62c0,2024-11-09 17:45:41.000000,Debra Ortiz,hancocktammy@example.net,Middle East,User-centric coherent leverage,Sports,1,0.0,337.1
37e82d71-6e66-4273-84ca-00d78a66de67,2025-11-09 20:56:35.000000,Krystal Barton,hdunn@example.net,Europe,Open-architected asynchronous artificial intelligence,Other,2,0.3,289.15
710b7fa9-e9a0-420d-9b33-2e43a4b1cf6a,2026-01-27 15:48:37.000000,Amy Parsons,mjohnson@example.org,Europe,User-centric coherent leverage,Sports,8,0.3,1887.76
12aada4b-08ec-44c8-9a71-064d424d9430,2024-09-13 16:21:46.000000,Jesse Clark,gbailey@example.com,North America,Profound mobile time-frame,Clothing,8,0.3,1154.57
261b5048-7f69-4b97-a581-d60104cdc4e8,2025-12-10 02:04:25.000000,James Howard,huffmannichole@example.net,North America,Cross-platform fresh-thinking hierarchy,Toys,6,0.0,2430.48
09af9883-eed2-4f94-8038-dc84a3ed033a,2025-12-19 04:55:57.000000,Brian Johnson,sanchezbradley@example.com,Europe,Robust secondary infrastructure,Toys,5,0.2,765.96
b336d143-26cf-4f51-8435-2e6f63f6bf77,2025-04-03 04:16:29.000000,Danielle Ford,veronica83@example.net,Middle East,Expanded composite infrastructure,Home & Garden,6,0.2,1019.62
00f2baa4-931b-4fae-a42e-3a16e79503fb,2025-08-25 07:13:02.000000,Krystal Barton,hdunn@example.net,Europe,Reverse-engineered multi-state knowledge user,Home & Garden,4,0.0,1440.96
7d9d2b3b-c55f-4445-b09e-0302b525a4d9,2025-07-27 08:56:48.000000,Nancy Wilson,pattersonangela@example.org,Europe,,,7,0.2,0.0
ba4ef72f-d813-4af7-a766-d37b6fa179a5,2026-03-19 13:30:12.000000,Jeffrey Hawkins,fgarcia@example.com,North America,Devolved responsive model,Sports,2,0.1,545.95
8a45e02e-11f2-4d9b-890e-c689cff14c0e,2025-01-12 09:52:20.000000,Diane Beck,clarence34@example.org,North America,Expanded intangible standardization,Clothing,3,0.1,212.33
b0736dd1-f443-464c-a269-9a4400d8c046,2026-04-17 07:58:19.000000,David Cannon,campbellnancy@example.com,Latin America,Cross-platform uniform flexibility,Toys,1,0.1,218.59
9136e530-1f07-43df-bb68-b323c7a2ee6f,2025-09-09 18:34:23.000000,William Huerta,lauren10@example.org,North America,Function-based grid-enabled adapter,Clothing,5,0.3,513.33
555c4e18-5be2-424f-bdd9-9681ef5eeca5,2026-01-01 14:07:16.000000,Trevor Peterson,ilee@example.org,Middle East,Operative responsive pricing structure,Sports,10,0.0,405.0
a1dc9cab-0e21-4ce5-a68e-b10e4d862412,2025-12-05 14:07:23.000000,Scott Hernandez,tanyafoster@example.org,Asia,Re-contextualized actuating infrastructure,Clothing,4,0.0,1467.65
da74a056-88dd-44cc-9d87-edd21735f36b,2025-04-11 03:00:42.000000,Garrett Gibson,kathleen64@example.com,Europe,Decentralized grid-enabled service-desk,Electronics,5,0.0,1708.1
c2ad0d97-75aa-4cb0-9757-ad381498d0dd,2026-03-08 08:31:42.000000,William Oconnor,fconner@example.net,Europe,Horizontal heuristic Graphic Interface,Electronics,5,0.2,307.31
2d36db7e-33ff-4402-a5d5-bbf94a3abb3a,2025-09-24 15:57:14.000000,Allison Weaver,tapiaaaron@example.net,Europe,User-centric coherent leverage,Sports,6,0.2,1658.53
a925de85-6258-4ce9-b7ae-ede80a119bac,2024-12-16 08:20:20.000000,Megan Richards,daniel37@example.org,Latin America,Fundamental contextually-based neural-net,Electronics,8,0.0,1772.32
e57e72d3-63dd-4733-b225-574e4c82c445,2024-10-11 22:04:55.000000,Melissa Mitchell,kwilliams@example.org,Asia,Open-architected asynchronous artificial intelligence,Other,6,0.1,1060.22
7c8b7f1e-5bf8-4967-b057-fcd4a1701e8e,2024-09-24 21:43:59.000000,Matthew Foster,shannonjordan@example.org,North America,Exclusive object-oriented orchestration,Other,9,0.2,978.8
bc3e34af-701f-43ea-a1fe-9bc6e29d650a,2024-12-15 03:39:22.000000,Randall Greene,jennifer11@example.net,Europe,Organized contextually-based orchestration,Electronics,4,0.2,1252.48
067e4b72-316e-4645-8923-85fe23d34d22,2026-01-31 00:41:23.000000,Michael Montoya,ebenson@example.org,Middle East,Intuitive system-worthy access,Clothing,9,0.1,172.26
7d3e5830-3d0d-4c8f-97cb-4585ff12fe28,2025-05-18 22:56:02.000000,William Barry,reynoldsdesiree@example.net,Latin America,Re-contextualized actuating infrastructure,Clothing,1,0.3,269.57
a4b65cfa-8a61-4e64-8af0-f442102048e6,2025-03-17 00:18:04.000000,Elizabeth Price,vmedina@example.net,Europe,Synergized zero-defect conglomeration,Clothing,9,0.3,2231.83
d5916d49-f707-4712-88b0-4b777feb4cf3,2026-04-12 12:25:20.000000,Mr. David Little MD,nolansteven@example.com,Asia,Down-sized scalable workforce,Home & Garden,9,0.0,2383.78
0433fd20-feee-43e1-b771-67007305cd23,2024-08-18 18:18:27.000000,Lucas Allen,qlopez@example.org,Latin America,Profound mobile time-frame,Clothing,8,0.0,1534.15
c9abda91-5674-49e2-8e59-95aa56db638a,2026-02-01 00:25:10.000000,Dr. Ashley James MD,victoria40@example.net,Latin America,Upgradable disintermediate protocol,Toys,10,0.2,3416.15
36308a60-1e41-42bb-a7cf-5ce00af5e4a9,2026-04-08 21:17:07.000000,Stephanie Atkinson,hessbeth@example.net,Europe,Horizontal heuristic Graphic Interface,Electronics,8,0.2,473.02
7557c28c-85eb-4b3f-aad5-3fb8a762b59c,2026-07-21 04:19:32.000000,Julie Ball,opatel@example.org,Asia,Fundamental contextually-based neural-net,Electronics,9,0.1,1846.94
895c167f-dfcf-438c-9ec5-6dc3ad968213,2024-11-13 16:28:43.000000,Tracey Wagner,fortiz@example.com,Middle East,Synergized zero-defect conglomeration,Clothing,9,0.1,2629.28
7d283421-243f-45fe-bc47-16ad0970d09d,2025-12-10 20:05:06.000000,John Allen,brent38@example.net,Latin America,Re-engineered clear-thinking application,Clothing,4,0.2,1104.9
eb034c4e-e83c-4ff9-b8a1-d98804e1502a,2025-11-13 07:04:23.000000,David Leblanc,jmorton@example.org,Europe,Multi-lateral high-level open architecture,Toys,6,0.2,1172.68
a616dde4-b388-400a-be20-718a0bb9a8f6,2024-10-30 09:10:54.000000,Zachary Webb,robert11@example.net,Middle East,Synergized zero-defect conglomeration,Clothing,2,0.3,475.58
0cca0c05-a1f6-49ed-ac18-82c903ad702e,2026-06-23 15:54:37.000000,Chelsea Gill,timothybooth@example.com,Europe,Profit-focused grid-enabled infrastructure,Toys,5,0.1,766.48
18e824e9-cb2f-4bc3-921b-f7334eada8d3,2025-07-10 07:40:44.000000,Mark Carpenter,kennedyjames@example.org,Europe,Fundamental contextually-based neural-net,Electronics,7,0.1,1452.84
974e8f83-d5d9-4385-abb2-4cbc9c794cdb,2024-09-08 16:02:17.000000,Manuel Mccullough,todd59@example.net,Latin America,Team-oriented cohesive approach,Sports,8,0.3,1364.56
1d3ae131-1b38-4581-9145-bd7fd15b5a37,2025-08-11 03:12:30.000000,Karen Howard,kathleenhall@example.com,Asia,Team-oriented cohesive approach,Sports,7,0.0,1581.23
387770f0-9d99-44c5-8c96-bf4398507072,2024-09-08 00:14:22.000000,Tracy Hart,katherineali@example.com,Asia,Organic zero-defect hierarchy,Electronics,9,0.0,4077.22
565c1e3f-6d1c-41d6-b3e0-4a38cdf0aaba,2026-04-12 07:37:49.000000,Kenneth Howard DDS,alicia28@example.org,Asia,Innovative eco-centric open architecture,Toys,2,0.0,434.15
adab7b01-bce8-4033-bb70-fbf3d5fd46d7,2025-05-29 05:45:56.000000,Maria Lucas,tammy61@example.org,North America,Function-based methodical product,Clothing,9,0.0,3641.76
af206a9d-f9d1-4507-9eec-e89153010fb9,2025-10-11 08:35:06.000000,Tracy Torres,pwilson@example.net,North America,Re-engineered clear-thinking application,Clothing,1,0.3,236.29
d62015f0-5253-46f7-a328-051e8bbf1b30,2026-03-29 00:16:07.000000,Jessica Simpson,shelly68@example.com,Middle East,Reverse-engineered multi-state knowledge user,Home & Garden,9,0.1,2969.14
461de017-1ee9-4d3b-902f-4f5c55e39295,2024-11-07 16:37:36.000000,Marc Lynch,mezajared@example.org,Asia,Multi-tiered dedicated circuit,Electronics,4,0.3,673.06
3e5f7e23-704c-49e2-aa3d-d7698dac210d,2026-07-09 23:37:28.000000,Matthew Lamb,steinmaria@example.com,Middle East,,,10,0.2,0.0
19977e2e-2224-4813-8a6b-3e3d94fd0594,2026-03-27 10:03:55.000000,Alexandra Baxter,davidsmith@example.net,Middle East,Optimized mission-critical moratorium,Home & Garden,4,0.1,987.38
604a1fe2-9cc8-4772-a1d7-8199d8ed0649,2026-03-17 00:26:44.000000,David Charles,danderson@example.net,Middle East,Open-architected asynchronous artificial intelligence,Other,1,0.1,174.7
7ca9e68f-e12f-4b21-8400-594028628b4e,2024-09-21 16:33:37.000000,Robert Campbell,xmoreno@example.net,Asia,Upgradable disintermediate protocol,Toys,1,0.1,373.77
ed174fdd-2dee-403e-81d9-6e9601a02047,2024-09-28 05:29:42.000000,Nicholas Mcbride,wrightjames@example.com,Latin America,Function-based methodical product,Clothing,8,0.1,3135.96
e30cdee2-97fe-4937-a6d9-77a1b4ecfe8d,2025-02-26 08:55:16.000000,Regina Diaz,ismith@example.org,Middle East,Cross-platform asymmetric leverage,Electronics,1,0.0,192.48
cad04982-ceb2-4a32-b189-727f6a8d8a70,2026-03-13 01:23:40.000000,Robert Pearson,cassidy82@example.org,Europe,,,10,0.1,0.0
34c6ea9b-207c-4594-b13e-655f79dbf407,2024-11-09 03:07:58.000000,Robert Garcia,nicole26@example.org,Middle East,Business-focused 4thgeneration throughput,Sports,6,0.1,2035.58
734eab10-85e9-454f-855c-f668a3cb9e18,2025-06-06 00:36:09.000000,Jennifer Hayes,bhamilton@example.com,Middle East,Front-line encompassing leverage,Toys,9,0.1,881.36
9c4c37b3-2caf-4d2f-b026-a4183d3fbbec,2026-01-09 05:30:42.000000,Erin Anderson,lucasrodney@example.com,North America,Multi-tiered dedicated circuit,Electronics,1,0.2,193.97
b79a566b-2e14-42be-98a5-47b209a18b34,2025-08-13 06:21:46.000000,Jessica Forbes DVM,erik41@example.net,Middle East,Expanded composite infrastructure,Home & Garden,3,0.2,543.35
a08fa1c6-1688-4e84-b346-bbe79caf4bfe,2026-04-23 22:33:10.000000,Corey Rodriguez,jessicawong@example.net,Latin America,Horizontal maximized product,Electronics,8,0.0,1689.34
6b358d15-590c-4e67-8d1b-6d80c8575c8a,2024-07-24 12:58:25.000000,Mitchell Jackson,cbell@example.net,Middle East,Robust secondary infrastructure,Toys,7,0.2,1044.85
1e14fe04-3120-4bde-bc52-d68a8ec61be5,2025-09-05 19:24:28.000000,Brenda Mitchell,ihorton@example.net,Europe,Down-sized contextually-based adapter,Sports,7,0.1,1685.99
5ca59057-9e71-4a56-987e-bca4fa0f01a4,2026-05-22 02:15:16.000000,Erin Anderson,lucasrodney@example.com,North America,Team-oriented cohesive approach,Sports,3,0.2,532.46
81ee30e4-8a2b-466e-bc9d-c0d0c2d94cc9,2025-01-07 07:23:07.000000,Tonya Wilson,srocha@example.net,Asia,Cross-platform uniform flexibility,Toys,4,0.1,864.86
a8c9aa31-a05f-45e6-8534-6e4176d6dc39,2024-12-29 15:12:33.000000,Elizabeth Davis,farmstrong@example.org,North America,Front-line encompassing leverage,Toys,8,0.3,614.95
1cd889e2-3197-4167-8d95-ee7246c3e497,2026-03-31 17:43:26.000000,Charles Edwards MD,glennstephanie@example.com,North America,,,7,0.2,0.0
28e60130-2d23-4ed1-bf5d-21f279731ea8,2025-12-23 12:08:45.000000,Alan Kramer,john19@example.net,Middle East,Robust secondary infrastructure,Toys,2,0.3,282.82
a5159982-0dd4-40e6-8b09-9fccec344cf0,2025-04-29 20:49:58.000000,Allison Thomas,gonzalezkaren@example.org,Middle East,Re-contextualized actuating infrastructure,Clothing,1,0.2,314.5
405a8e7e-6f46-441f-b5a7-ac9b48f9fd0d,2025-04-06 15:29:07.000000,Mitchell Griffith,kingjames@example.org,Europe,Multi-layered high-level initiative,Electronics,1,0.1,411.61
c2270738-e3dc-419d-8e1e-8d1f9de7df7b,2025-07-07 23:03:57.000000,Robert Campbell,xmoreno@example.net,Asia,Open-architected asynchronous artificial intelligence,Other,10,0.0,1987.92
0d6dcb42-bd8b-4603-9abb-574e0b16dac4,2026-07-09 08:26:49.000000,Andrew Diaz,nolanjason@example.org,Latin America,Multi-layered high-level initiative,Electronics,10,0.2,3489.72
c9160147-2875-4d5d-ad06-f8628990779c,2024-08-12 13:35:49.000000,Laura Henderson,sreid@example.net,Europe,Organized contextually-based orchestration,Electronics,8,0.1,2943.33
1223d906-1db6-4101-83d0-bae77c2cfbcf,2026-06-16 05:16:01.000000,Karen Howard,kathleenhall@example.com,Asia,Up-sized foreground toolset,Toys,5,0.3,777.8
97bb9fbf-71df-482c-b8ad-df543c3c9c08,2025-10-14 07:19:29.000000,Danielle Ford,veronica83@example.net,Middle East,Organized contextually-based orchestration,Electronics,4,0.3,1111.58
bf4113cb-32e1-4f17-ab47-ed615372ebed,2025-12-28 17:13:40.000000,Garrett Gibson,kathleen64@example.com,Europe,Expanded composite infrastructure,Home & Garden,8,0.3,1305.82
3cb3c9fa-191a-4b3d-ba4f-ece7537d66c6,2026-02-14 00:23:56.000000,Karen Strickland,hayesjeffrey@example.net,Latin America,Horizontal maximized product,Electronics,6,0.2,985.45
95c89b2d-7892-4145-92d2-d7e6387d5add,2025-08-01 05:47:46.000000,Lisa Goodwin,pyoung@example.com,North America,Front-line next generation Internet solution,Toys,6,0.2,673.71
251adf0e-6f94-4a50-a3f7-13a70de92f1b,2025-01-04 21:23:33.000000,Juan Brown,warnerchristopher@example.com,Europe,Decentralized grid-enabled service-desk,Electronics,2,0.2,546.59
2d9563ed-747a-4829-9c03-d65ced8a028c,2025-05-17 20:08:31.000000,Peter Thompson,teresastokes@example.org,Europe,Exclusive object-oriented orchestration,Other,6,0.3,626.78
b8463413-752e-4613-a2eb-69b15f9cb7e0,2024-12-18 19:05:31.000000,Tyler Hill,christina18@example.net,Europe,Devolved responsive model,Sports,7,0.0,2149.69
450ab36d-f9be-47f3-9bcc-90fca1cc22d8,2024-12-25 01:15:58.000000,Paul Moreno,wilsonmichael@example.org,North America,,,3,0.0,0.0
b134b58f-0837-49f8-a090-f35e55fcf991,2025-10-05 16:28:53.000000,Jim Baker,orose@example.com,Latin America,Operative responsive pricing structure,Sports,10,0.2,315.9
1c71a821-22f1-432b-87d5-ac920f4555da,2026-05-13 11:42:50.000000,Brandon Gregory,johnathan92@example.com,Middle East,Front-line encompassing leverage,Toys,4,0.1,379.08
4b8fb475-e2eb-42d2-b848-52b657f498e0,2025-11-01 20:22:20.000000,William Johnson,jbond@example.net,Asia,Reverse-engineered multi-state knowledge user,Home & Garden,6,0.1,2093.18
a353ea98-cb68-434e-8a1f-bff22823442c,2025-11-07 23:29:30.000000,Dr. Alicia Powell,hawkinsaaron@example.org,Asia,Streamlined national conglomeration,Home & Garden,8,0.1,3079.49
f85ad287-93ff-445f-ab80-e44ae7d3f770,2025-09-23 07:53:37.000000,Tammie Prince,morganlaura@example.com,Middle East,Innovative eco-centric open architecture,Toys,3,0.0,658.08
6964eb16-1623-4e87-bacd-c514dae18b28,2026-05-17 14:55:50.000000,Eric Patrick,johnsonmatthew@example.org,Asia,Streamlined national conglomeration,Home & Garden,3,0.3,966.82
fee3dbaa-dcb9-43b4-bd3d-16ca8592a38f,2025-01-05 02:33:52.000000,Zachary Webb,robert11@example.net,Middle East,Robust secondary infrastructure,Toys,1,0.2,164.98
7677a166-d644-49ae-b936-931e9771d80b,2025-02-22 19:54:15.000000,Grant Phillips,devonmorrison@example.net,Asia,Decentralized tangible model,Clothing,1,0.2,312.0
bc7637a0-6d98-4416-bae2-719803b68657,2026-05-29 18:11:47.000000,Dwayne Klein,sandra47@example.org,Europe,Fundamental contextually-based neural-net,Electronics,4,0.0,914.14
6f2aec8a-53c9-4acb-bf71-e1ae3f24ba6a,2025-10-14 01:49:49.000000,Austin Vasquez,hernandezlisa@example.com,Latin America,Re-engineered clear-thinking application,Clothing,4,0.2,1131.52
977e5877-ed6f-4ee3-a44e-7cd138efa3bc,2024-11-13 16:46:42.000000,Patricia Baker,katiebutler@example.net,North America,Synergized zero-defect conglomeration,Clothing,10,0.2,2751.57
014cc3a1-e5f3-4466-92de-0df8e9ebd446,2025-06-10 11:36:49.000000,Robert Clarke,zbell@example.net,Latin America,Mandatory discrete functionalities,Toys,8,0.2,3031.04
fdc419b2-0a41-4919-8b52-46f3faed5777,2025-07-21 13:22:58.000000,Andrew Stewart,carl95@example.org,North America,Re-engineered clear-thinking application,Clothing,9,0.2,2486.02
089b5b49-8114-4252-84c3-6368bbc51a50,2025-06-16 15:21:40.000000,Mark Diaz,michael41@example.net,North America,Optimized mission-critical moratorium,Home & Garden,9,0.2,1843.45
cf4994e0-7ab1-4533-a4f2-2a7c87f797fa,2026-04-01 19:54:23.000000,Suzanne Rodriguez,dianekelly@example.net,Europe,User-centric coherent leverage,Sports,1,0.2,286.54
73d3328c-1916-49d3-9240-25eab257e257,2025-08-09 16:33:51.000000,Nicholas Costa,ysnyder@example.com,Europe,Reverse-engineered multi-state knowledge user,Home & Garden,7,0.2,2017.34
c0c9c3ed-8ef9-4060-9545-7c643d922952,2024-07-30 15:21:47.000000,Daniel Velez,paul70@example.org,Middle East,Expanded intangible standardization,Clothing,2,0.3,118.51
f32ede3c-6818-4f5b-bb56-588bb172ec53,2025-01-06 07:43:02.000000,Jeffrey Colon,kevinmorrison@example.net,Latin America,Front-line encompassing leverage,Toys,4,0.1,395.93
3d333164-4bb8-4be2-9bc0-798821f969e9,2025-12-06 00:40:12.000000,Vincent Novak,jessica79@example.org,Middle East,Front-line next generation Internet solution,Toys,6,0.1,729.19
7ad30e2a-0413-4fc7-973a-0c96ffbb4bcc,2025-12-22 15:30:34.000000,Katrina Burns,thomas05@example.com,North America,Intuitive system-worthy access,Clothing,1,0.3,15.62
75938f5a-b40b-4353-a96b-e9034e09c596,2026-05-18 08:36:33.000000,Scott Brown,jim95@example.net,Europe,Down-sized scalable workforce,Home & Garden,4,0.3,772.52
063ff61e-956a-4fdf-bf4e-2e46920479ce,2025-07-09 06:37:44.000000,Michael Paul,umatthews@example.org,North America,Advanced context-sensitive instruction set,Toys,2,0.2,482.88
dfcb821b-237c-4b55-8596-fab776b90472,2026-01-18 03:09:58.000000,John Pineda,hernandezmarcus@example.org,Middle East,Robust secondary infrastructure,Toys,1,0.0,190.51
a226a75b-b432-4ce9-b6dc-16b5a076aed6,2024-07-22 01:12:07.000000,Kevin Snyder,jessicapayne@example.org,Middle East,Re-engineered clear-thinking application,Clothing,3,0.0,978.43
6287729e-1219-4d94-a097-0ff4dc420980,2026-06-14 22:36:25.000000,Lauren Bender,icraig@example.com,Latin America,Multi-lateral high-level open architecture,Toys,6,0.2,1232.05
085ff4d1-87ea-451b-9539-562bb0d508a9,2025-03-08 08:37:11.000000,John Pineda,hernandezmarcus@example.org,Middle East,Synergistic demand-driven implementation,Clothing,9,0.3,3188.81
b2b3bb39-4510-4aad-80bd-44c06d07ee0b,2025-11-08 17:37:57.000000,Ariana Jennings,bruce43@example.org,Europe,Organized contextually-based orchestration,Electronics,10,0.1,3366.04
35078c5d-cb62-45b6-9342-3b4f8add06f9,2026-03-24 19:25:19.000000,David Leblanc,jmorton@example.org,Europe,Decentralized tangible model,Clothing,5,0.3,1478.98
e17f348d-9ed6-4705-94b9-bb4daf4637b3,2025-04-07 17:35:03.000000,Tracey Wagner,fortiz@example.com,Middle East,Organic zero-defect hierarchy,Electronics,1,0.0,448.3
83c5c510-0e08-4343-aea7-7ea8bc5ad195,2026-06-27 19:29:17.000000,Kristina Young,heather06@example.com,North America,Devolved responsive model,Sports,1,0.3,220.24
0d333496-e352-4539-9d2e-7b90acb60e81,2024-10-15 04:20:53.000000,Ronald Morgan,ashleewashington@example.com,Middle East,Front-line encompassing leverage,Toys,7,0.3,530.71
9e7f87a7-7721-4daa-9d97-5cdc620956a8,2024-08-21 17:44:05.000000,Erin Anderson,lucasrodney@example.com,North America,Multi-lateral contextually-based methodology,Sports,10,0.1,2345.46
a5eea4a2-2cde-431f-9dce-8d9b5d96120d,2025-09-28 00:23:27.000000,Karen Romero,heatherthompson@example.org,Asia,Team-oriented cohesive approach,Sports,9,0.1,1867.05
b5971e43-8f8d-4995-9127-4cb2b47299b6,2026-03-13 20:16:28.000000,Zachary Levy,anna99@example.com,Latin America,Expanded composite infrastructure,Home & Garden,3,0.2,509.81
55bdf39e-fb33-4e61-a36e-900734680b6e,2025-01-22 08:13:04.000000,Kristina Preston,jeffrey92@example.com,Asia,User-friendly tangible synergy,Clothing,2,0.2,423.64
7a7e8c31-a627-4167-9d12-1daf8a257159,2026-02-13 17:32:33.000000,Blake Sosa,waustin@example.net,Middle East,Innovative eco-centric open architecture,Toys,1,0.0,221.64
df02774d-9482-442f-8095-3c13f06bffa4,2026-01-17 21:44:11.000000,Maria Harper,williamsmatthew@example.org,Latin America,Decentralized tangible model,Clothing,6,0.2,1993.58
c2c96b28-beb9-4a4a-80cf-fa7335b50ec5,2025-01-12 02:14:11.000000,Jennifer Mitchell,zhenderson@example.org,Latin America,Open-architected asynchronous artificial intelligence,Other,7,0.3,997.98
44719067-e5de-408e-9a4b-4fdb5209eaab,2025-08-16 02:55:55.000000,Lucas Allen,qlopez@example.org,Latin America,Optimized mission-critical moratorium,Home & Garden,5,0.2,997.88
0df1172a-46f2-4f38-ac45-1540ae2356f3,2024-09-08 05:04:08.000000,Steven West,rbennett@example.net,North America,Streamlined national conglomeration,Home & Garden,4,0.1,1593.46
7c795dd9-73d1-4f3e-9860-c4f45f70b951,2025-08-14 11:29:21.000000,Brian Simmons,jose86@example.net,Middle East,Team-oriented cohesive approach,Sports,7,0.1,1516.69
785ca87b-1f69-42b1-945e-087f86d4aba8,2026-01-23 07:53:03.000000,Judy Beck,melissa86@example.org,Middle East,Organic zero-defect hierarchy,Electronics,7,0.0,3204.2
5e3ece60-9ef6-499f-b3b4-daf34ad1d634,2026-04-03 07:04:14.000000,Sarah Rivera,wilsontara@example.org,Asia,Multi-tiered dedicated circuit,Electronics,3,0.1,623.98
cf0d3f06-b177-416d-b203-7633ac5dd02d,2026-06-06 22:31:28.000000,Tamara Powell,jeffreymercer@example.org,Europe,,,3,0.2,0.0
e24c724b-e453-44c2-b037-f0b710ccf85f,2025-07-11 15:10:27.000000,Zachary Brooks,florescory@example.net,North America,Re-contextualized actuating infrastructure,Clothing,2,0.0,726.34
e5dfc7af-6403-44bc-9486-0c2d1659ddcc,2024-12-06 21:04:33.000000,Jennifer Harris DDS,jwhite@example.net,Middle East,Advanced context-sensitive instruction set,Toys,8,0.1,2148.82
13b2d1ab-f4e5-40aa-b550-4c5249d2cac0,2024-10-13 22:29:30.000000,Bryan Jimenez,ythompson@example.net,North America,Synergistic demand-driven implementation,Clothing,3,0.0,1432.01
b273f93c-1cad-448a-86a4-2ee12a2e1e6a,2024-11-12 21:50:42.000000,James Davis,thomasboyle@example.org,Europe,Function-based grid-enabled adapter,Clothing,9,0.2,1080.16
344a21b7-dfff-4cea-a687-0a987f0f6662,2025-08-29 10:06:10.000000,Tyler Stevens,amy49@example.com,Europe,Synergistic demand-driven implementation,Clothing,1,0.0,477.34
4b0d2716-05cf-479e-a095-2c4df3bd2348,2025-06-09 12:35:16.000000,Jim Baker,orose@example.com,Latin America,Intuitive system-worthy access,Clothing,10,0.2,180.4
ee854c72-8a9b-4b20-aeb1-fcd3f8360a87,2024-10-31 12:57:01.000000,Taylor Carlson,chenbailey@example.net,North America,Team-oriented cohesive approach,Sports,1,0.1,209.76
71a0cff8-6b8d-4340-98c1-58e27951d52b,2026-02-13 23:40:44.000000,Adam Rodriguez,nicoleluna@example.com,Europe,Business-focused 4thgeneration throughput,Sports,2,0.2,569.09
3066478c-4aa0-4842-857f-dd20a50a0a29,2024-09-07 21:14:45.000000,Laura Henderson,sreid@example.net,Europe,Cross-platform uniform flexibility,Toys,10,0.2,1995.84
3b79da1e-cd4f-4875-9f2d-df2005a43113,2026-04-30 12:19:54.000000,Shannon Yu,janet69@example.org,Middle East,Team-oriented cohesive approach,Sports,3,0.0,663.84
55fc0f2b-a509-49f1-8505-d91df28bffb9,2025-06-05 18:16:19.000000,Trevor Peterson,ilee@example.org,Middle East,Multi-tiered dedicated circuit,Electronics,8,0.0,1794.82
a5639cf4-a7df-4b92-97c1-3f7e9425fc3a,2026-03-24 03:15:04.000000,Miss Debra Williams PhD,cstone@example.com,North America,Multi-lateral high-level open architecture,Toys,5,0.1,1076.19
aa757eeb-97e6-42d6-bc74-38955388d128,2026-01-13 06:15:38.000000,Katherine Cummings,umurray@example.com,Middle East,Decentralized tangible model,Clothing,6,0.1,2236.7
71fc5136-8c68-420e-9787-463d87b8f95c,2025-07-11 17:39:10.000000,Marilyn Mack,russellbeasley@example.com,Asia,User-friendly tangible synergy,Clothing,8,0.2,1634.75
e5f5cdc8-21c7-40f6-9137-67ab4dd85715,2026-03-26 02:18:00.000000,Barry Welch,wendy16@example.org,Europe,Decentralized grid-enabled service-desk,Electronics,2,0.0,690.43
428fd941-ca0d-42ce-abf6-f6c44e7674e9,2025-01-13 03:18:13.000000,Tyler Rogers,jamesmichael@example.com,Europe,Function-based methodical product,Clothing,6,0.2,1896.75
5a66219e-25f9-4046-8c1d-180ed8739636,2025-02-26 21:02:50.000000,Mr. Martin Hernandez,smithsarah@example.net,Europe,Robust secondary infrastructure,Toys,10,0.0,1885.44
9e5e8cfe-2a96-4526-b4ca-6e7074b799ec,2026-07-08 18:50:39.000000,Susan Smith,marydunn@example.net,Middle East,Open-architected asynchronous artificial intelligence,Other,4,0.1,690.75
4905eb93-890a-43b4-b639-529e29298691,2024-12-09 13:44:12.000000,Mark Lloyd,lancesmith@example.com,Europe,Function-based methodical product,Clothing,1,0.1,383.56
b546c5c0-d6de-40c5-ace4-599df92408c3,2026-01-10 03:36:53.000000,Cynthia Haas,daisymccarty@example.net,Europe,,,8,0.3,0.0
274ac7a7-cb61-4d75-aa96-4dfbe79b265a,2024-11-23 05:47:15.000000,Gail Barron,matthewvalenzuela@example.com,Europe,Cross-platform uniform flexibility,Toys,6,0.1,1268.78
fe67e8e9-0a88-46ca-9dee-4b6d3ce75d1e,2025-03-23 22:06:55.000000,John Allen,brent38@example.net,Latin America,Function-based methodical product,Clothing,6,0.0,2453.13
42aa0bc7-70de-43fc-a060-917a931414e8,2025-05-04 02:58:12.000000,Tracey Wagner,fortiz@example.com,Middle East,Multi-layered high-level initiative,Electronics,10,0.3,3131.8
b506c24d-8fff-49f7-b485-0fcd2f3b2b18,2024-08-16 22:26:00.000000,John Kennedy,yarnold@example.org,Asia,Reverse-engineered multi-state knowledge user,Home & Garden,9,0.0,3378.67
58065bae-fa5f-4fdb-9123-39faaa61b32f,2024-11-12 21:39:43.000000,Chase Knight,buckleyanna@example.org,Latin America,Decentralized grid-enabled service-desk,Electronics,4,0.1,1251.41
f9b81e65-8a34-426b-b2cc-3fc55f775a7a,2024-11-24 06:49:15.000000,Sara Haas,wagnergerald@example.org,Asia,Down-sized contextually-based adapter,Sports,2,0.2,410.55
eba18fa8-1f19-485b-8d33-0569889cd33d,2024-08-09 08:25:17.000000,Melissa Castillo,aaronpowers@example.org,Asia,,,8,0.0,0.0
51f9cd77-ed85-4a6d-b542-2851f2a24da4,2024-11-19 04:49:32.000000,Kristy Hernandez,millermaurice@example.net,North America,Multi-lateral high-level open architecture,Toys,7,0.0,1697.16
8bd03267-bd0e-41ce-b85b-c2d301196e6d,2025-08-19 02:34:18.000000,Robert Garcia,nicole26@example.org,Middle East,Exclusive object-oriented orchestration,Other,10,0.1,1259.28
4ba99d78-b498-45d0-a5b1-c79954cecee7,2025-07-24 02:07:01.000000,David Jones,unovak@example.org,Latin America,Down-sized contextually-based adapter,Sports,7,0.2,1609.36
f1aa9ba0-f838-41c5-8a32-1d2ae55ec749,2026-02-26 18:22:26.000000,Kara Hernandez,turnerdorothy@example.net,Latin America,Re-contextualized actuating infrastructure,Clothing,9,0.2,2763.07
aab9278d-92df-4f99-be7b-178dfb0e7c28,2024-11-12 05:36:59.000000,Sean Tucker,aeaton@example.net,Asia,Intuitive system-worthy access,Clothing,2,0.2,33.88
e82956cf-ba81-4860-90b3-032dccb1063d,2026-07-07 08:33:10.000000,Brian Leon,smithmaria@example.org,Europe,Organic zero-defect hierarchy,Electronics,6,0.0,2689.83
1cc0b764-b06b-4fca-96b4-05d7712dd406,2026-02-09 06:32:59.000000,Tiffany Townsend,matthewsalexander@example.org,Asia,Profit-focused grid-enabled infrastructure,Toys,10,0.3,1219.4
23b13ebd-0a42-4e3f-a671-d5827a9e8394,2026-08-20 11:18:07.961183,Kevin Drake,robin05@example.net,Europe,Robust secondary infrastructure,Toys,7,0.3,976.11
0659010a-4ede-49b6-9deb-979d8d0bb6d7,2025-05-28 22:42:22.000000,Alan Kramer,john19@example.net,Middle East,Multi-lateral high-level open architecture,Toys,2,0.0,494.8
722b4439-3869-43c9-9743-b5a89e15ebcc,2025-04-24 14:04:50.000000,Mary Steele,whitejacqueline@example.com,Asia,,,9,0.2,0.0
9bafcc20-0e16-4f3f-938c-c0ca17acd7e9,2025-12-01 02:42:58.000000,Emily Allen,whiteheather@example.net,Middle East,Operative responsive pricing structure,Sports,10,0.1,376.65
38de6b6e-86c4-4e42-955b-c34631f55560,2026-03-19 19:57:33.000000,Patricia Baker,katiebutler@example.net,North America,Function-based methodical product,Clothing,8,0.2,2596.44
321a6c3f-4726-4c24-8460-5896ef87bf0d,2024-08-07 12:07:09.000000,Mark Copeland,martinezmia@example.com,North America,Down-sized contextually-based adapter,Sports,9,0.0,2340.13
72098a7b-d975-4562-89d5-635715661feb,2025-12-28 21:09:29.000000,Shannon Smith,maldonadoamanda@example.com,North America,Exclusive object-oriented orchestration,Other,2,0.1,260.44
f9d09e26-165e-45b5-b526-d3b0abeb35d1,2025-08-22 12:11:34.000000,Andrew Berry,dennishunt@example.net,Latin America,Intuitive system-worthy access,Clothing,2,0.2,33.0
51589375-7d8f-4350-b1c7-7a4464f8f226,2025-11-01 11:43:14.000000,Sherry Baker,earmstrong@example.org,Middle East,Front-line encompassing leverage,Toys,6,0.1,574.94
0e5922e9-f182-4df7-82f5-52c89ae66149,2026-06-26 14:27:37.000000,Colin Golden,johnsondonna@example.net,North America,Organized contextually-based orchestration,Electronics,1,0.1,336.6
25dfc8fa-65c6-4c7b-9c6e-bf5aaab133ba,2026-01-28 02:18:50.000000,David Morris,oscar85@example.com,Latin America,Synergistic demand-driven implementation,Clothing,8,0.2,3070.7
62d846d0-5ea0-41cd-ad79-d8bfda92e740,2025-05-06 13:51:30.000000,Hannah White,urice@example.org,Latin America,Devolved responsive model,Sports,2,0.1,564.56
59f2674c-584c-40f7-88de-d8be031eef96,2025-03-17 06:54:32.000000,James Howard,huffmannichole@example.net,North America,Upgradable disintermediate protocol,Toys,2,0.0,795.76
8f9fdc15-dfd2-4d15-b211-4575fa3efd03,2024-09-27 00:44:19.000000,Zachary White,manuel15@example.net,Asia,Robust secondary infrastructure,Toys,2,0.2,314.24
7147f758-cdbe-4548-aa65-66e8fe1ad905,2025-03-02 04:18:36.000000,Paul Stokes,raylauren@example.net,Middle East,Multi-lateral contextually-based methodology,Sports,6,0.2,1255.96
6a089aa0-e57c-4c02-ba85-e4036c80444b,2024-11-06 09:30:43.000000,Jack Mora,sarahmathews@example.net,Middle East,Expanded intangible standardization,Clothing,3,0.2,199.99
160934d1-9912-4090-9651-6ec2d5e4157d,2024-11-09 13:24:44.000000,Paul Finley,brandi90@example.com,North America,Function-based methodical product,Clothing,1,0.2,328.77
fd06a179-7980-4efa-8da0-8e483531518a,2026-05-25 19:38:07.000000,Alexandra Baxter,davidsmith@example.net,Middle East,Multi-layered high-level initiative,Electronics,8,0.2,2934.94
10ecf6ae-55dd-4f38-bc94-54ae867a211a,2026-07-15 19:00:52.000000,Kelly Lee,charles87@example.net,North America,Re-engineered clear-thinking application,Clothing,4,0.1,1251.33
60329ee6-c190-40cf-9736-bb4ff5c8ce3c,2024-09-27 16:34:38.000000,James Bailey,jeffery48@example.net,Europe,Upgradable disintermediate protocol,Toys,2,0.2,667.15
ea16ce6e-a388-4a32-a8d2-699201b1c626,2025-02-18 07:00:04.000000,Brett Thompson,phelpsmichael@example.net,Europe,Organized attitude-oriented implementation,Clothing,3,0.1,951.05
764d7e7c-8e49-40f9-acc5-c9de6a1d9731,2026-01-23 15:44:44.000000,Barry Welch,wendy16@example.org,Europe,Decentralized grid-enabled service-desk,Electronics,2,0.1,661.66
230da680-ea35-4f17-8157-a7619162f6db,2024-12-22 18:12:43.000000,Joshua Davis,nicolealvarado@example.com,North America,Streamlined national conglomeration,Home & Garden,9,0.3,2860.16
4a1a4219-61bb-45fb-9510-8bc02f9e1ddb,2025-09-24 04:36:35.000000,Kelli Martinez,hinesjoshua@example.net,Asia,Open-architected asynchronous artificial intelligence,Other,7,0.2,1152.59
d3850240-d2a2-4839-8acf-c6ac7d9704fe,2025-03-12 13:20:15.000000,Ronald Morgan,ashleewashington@example.com,Middle East,Cross-platform fresh-thinking hierarchy,Toys,6,0.1,2276.98
7e7d5e88-4dcd-4534-95d0-3545d5a76023,2025-09-28 09:32:11.000000,Brian Johnson,sanchezbradley@example.com,Europe,Mandatory discrete functionalities,Toys,3,0.2,1079.81
4cd7e6f7-433e-4d2c-a76e-1d6700a0586e,2025-11-30 12:35:47.000000,Robert Campbell,xmoreno@example.net,Asia,Fundamental contextually-based neural-net,Electronics,6,0.0,1343.23
1fca0f16-78f8-455f-a2f5-a68bd590f435,2025-12-10 19:44:20.000000,Christopher Schwartz,jenniferwilliams@example.com,Latin America,Cross-platform fresh-thinking hierarchy,Toys,3,0.1,1138.49
6acac954-49a5-4d0d-a487-1ab3aa794de7,2024-12-07 07:31:26.000000,David Beck,thomas85@example.com,Middle East,Horizontal heuristic Graphic Interface,Electronics,7,0.1,473.8
a510af65-b016-4db8-a823-99437dec4605,2025-01-27 02:15:27.000000,Gina Beard,angela83@example.org,Asia,Down-sized scalable workforce,Home & Garden,7,0.1,1680.23
46f7b20a-c3c4-4506-9e8e-06ed07480379,2025-08-07 22:54:15.000000,Jennifer Kirby,carloshernandez@example.org,North America,,,9,0.2,0.0
9950f11a-1114-40da-b87a-e6defe8c9aab,2026-02-20 02:07:53.000000,Jennifer Vargas,grahamtamara@example.org,Europe,Expanded intangible standardization,Clothing,9,0.0,703.66
90c97f00-7b01-4fdd-94c0-b9e05c9c4570,2025-06-24 16:41:17.000000,Ronald Jones,gilbertwilliam@example.com,Europe,Fundamental contextually-based neural-net,Electronics,3,0.1,636.64
af97fbd2-a0c4-4942-8206-7d80de4beb12,2025-07-25 17:49:26.000000,Steven West,rbennett@example.net,North America,Mandatory discrete functionalities,Toys,1,0.3,350.46
1e9d095b-d17a-49bd-b1ba-0beaf9690579,2025-05-06 20:46:31.000000,Victor Brown,daniellegonzales@example.org,Asia,Re-engineered clear-thinking application,Clothing,8,0.0,2555.9
047dd583-9344-4b2f-bba3-16688334e524,2026-05-08 12:56:40.000000,Mr. Martin Hernandez,smithsarah@example.net,Europe,Team-oriented cohesive approach,Sports,9,0.2,1763.32
0efa8993-94e7-4f26-a9b0-5b3742710779,2024-11-11 11:58:31.000000,Wanda Perez,valdezmichele@example.org,Europe,,,8,0.1,0.0
b17aff6d-e0d9-4670-b606-fa3451d69f11,2024-11-03 05:38:11.000000,Kimberly Edwards,jamesweber@example.com,Asia,Function-based grid-enabled adapter,Clothing,8,0.0,1098.96
45cdb96b-0d8a-46f3-a9ce-9bfa5b7d9d2d,2025-04-27 12:21:23.000000,Keith Flynn,kellyhill@example.net,North America,Optimized mission-critical moratorium,Home & Garden,4,0.1,955.86
f4852088-e97f-4025-a2e1-17986b65450b,2025-04-23 11:48:38.000000,Shannon Johnston,amckinney@example.com,Middle East,,,9,0.1,0.0
8794ac7e-4aaa-4f99-8a34-041e0c78947b,2025-11-29 06:36:30.000000,James Chapman,cameronwilliams@example.com,Middle East,Decentralized grid-enabled service-desk,Electronics,1,0.2,280.49
319dd940-838c-4137-93aa-e9c8efb278fd,2026-03-08 07:18:16.000000,Patrick Parker,nathan94@example.com,Asia,Streamlined national conglomeration,Home & Garden,9,0.2,3424.14
1831b802-c3c2-4ee6-aee9-4ed9a0c69223,2025-10-29 01:31:25.000000,Cynthia Cochran,michelle96@example.org,North America,Cross-platform fresh-thinking hierarchy,Toys,5,0.2,1641.64
52965cf3-8b30-4b4c-aac9-6b60c0ac430a,2026-05-29 15:18:02.000000,Kristina Pena,xclements@example.org,Europe,Re-contextualized actuating infrastructure,Clothing,9,0.2,2527.2
af5a01cc-d851-45ac-93aa-9b2750f32ab5,2026-04-03 06:34:25.000000,Jeffrey Henderson,dshields@example.net,Middle East,Cross-platform asymmetric leverage,Electronics,8,0.2,1347.36
b2adffa6-af79-4d4a-857e-55cb4d131338,2026-01-06 15:29:36.000000,Keith Rodriguez,justin88@example.com,Europe,Synergistic demand-driven implementation,Clothing,1,0.1,447.81
947defcf-88cf-453d-9888-89ce5cce495d,2025-04-20 02:37:42.000000,Vanessa Patel,davidalvarez@example.net,Middle East,Function-based grid-enabled adapter,Clothing,5,0.1,650.7
230f1e69-034d-42fd-a4ca-abcbd2c4c286,2025-08-27 11:11:05.000000,John Allen,brent38@example.net,Latin America,Intuitive system-worthy access,Clothing,8,0.3,130.24
7c2257a0-c75f-4368-9f7d-dbb1480afe9f,2025-06-05 23:54:58.000000,Garrett Gibson,kathleen64@example.com,Europe,Business-focused 4thgeneration throughput,Sports,4,0.1,1371.65
389ae4fd-80dd-4386-a790-e92f37c6bc5d,2026-04-27 21:26:11.000000,Vanessa Hatfield,david96@example.com,Europe,,,7,0.0,0.0
8f040721-e5a5-429e-8b8c-1d76303c1503,2025-11-09 10:54:55.000000,Peter Vaughn DDS,bwest@example.org,North America,Organized contextually-based orchestration,Electronics,4,0.2,1189.86
86912efe-f3d6-49f2-94d7-b0cab08d1676,2026-05-09 03:39:54.000000,Samantha Richardson,wolfscott@example.org,North America,Innovative eco-centric open architecture,Toys,9,0.1,1891.98
b3c7a1a8-8d15-4aef-b669-7d0a88376bbc,2026-02-28 10:21:41.000000,Maria Lucas,tammy61@example.org,North America,Multi-lateral contextually-based methodology,Sports,6,0.3,1074.37
75e2c2fa-6ad7-4453-9d2c-ec89cd75e6de,2026-07-02 11:50:25.000000,Sara Haas,wagnergerald@example.org,Asia,User-centric coherent leverage,Sports,10,0.1,3101.32
21986e3c-d19f-4f31-9dd7-3f1f138ef8cc,2026-07-08 05:23:14.000000,John Pineda,hernandezmarcus@example.org,Middle East,Horizontal heuristic Graphic Interface,Electronics,2,0.0,149.38
4fc34759-5924-48ee-bac1-b4f90472f9f6,2026-01-08 17:54:02.000000,Maria Burke,walkercharlene@example.com,Middle East,,,1,0.3,0.0
7122d7a0-d129-42d3-a396-6b835cd14b22,2026-06-12 01:29:01.000000,Melanie Flores,cruzamber@example.com,Middle East,Robust secondary infrastructure,Toys,3,0.2,465.47
c37a9ab0-85eb-43c8-98ff-805cfcd2280e,2025-04-12 15:57:55.000000,Sandra Zimmerman,hthompson@example.net,Asia,Cross-platform uniform flexibility,Toys,3,0.2,563.11
075cc8eb-4dff-49aa-b5bb-abce2c15c4ad,2026-02-19 05:31:34.000000,Mitchell Griffith,kingjames@example.org,Europe,Cross-platform uniform flexibility,Toys,7,0.2,1413.72
20f36e92-38ec-41aa-9e5c-5da8d087edcb,2026-05-17 11:58:30.000000,Derek Hodge,taylorkaren@example.com,Latin America,,,5,0.2,0.0
3a00c83e-b023-4bc3-a471-a957b1b9fd9d,2025-03-16 18:39:40.000000,Kimberly May,timothy64@example.com,Asia,Function-based grid-enabled adapter,Clothing,2,0.2,234.25
c8b62c18-c355-453e-b0d9-751c6cc0067f,2024-10-15 18:26:04.000000,Debra Ortiz,hancocktammy@example.net,Middle East,Multi-tiered dedicated circuit,Electronics,1,0.1,200.98
7bf820f6-c652-4c3d-84d0-7f2913e675fd,2026-03-01 05:30:41.000000,Jennifer Kirby,carloshernandez@example.org,North America,Devolved responsive model,Sports,10,0.0,3102.0
1b99eb83-3244-4f07-8ae2-63e06e663c0a,2024-08-15 11:04:56.000000,Donald Juarez,barbaramoore@example.org,Asia,User-friendly tangible synergy,Clothing,2,0.2,388.75
97da64cb-8373-4f49-a8e7-ebe3cb05aa14,2024-09-05 00:33:57.000000,Brian Johnson,sanchezbradley@example.com,Europe,,,1,0.3,0.0
40c56cf6-e895-4041-9e71-afa97815c7df,2024-08-23 14:36:27.000000,Melissa Castillo,aaronpowers@example.org,Asia,Organized attitude-oriented implementation,Clothing,7,0.1,2318.86
02a13629-aae6-41a1-8d38-a8d010f59651,2026-02-27 01:37:06.000000,Rachel Bradley,gregorychase@example.com,Latin America,Organized contextually-based orchestration,Electronics,8,0.1,2880.7
eb8b8c11-1fb0-4f34-8849-743618b475b1,2025-10-31 09:59:50.000000,Mitchell Griffith,kingjames@example.org,Europe,User-centric coherent leverage,Sports,6,0.2,1698.98
3334cd07-e6b3-4561-966d-273534952c00,2024-12-11 12:21:53.000000,Jacob Hunter,alexander67@example.org,Europe,Down-sized scalable workforce,Home & Garden,8,0.2,1677.47
173d5030-077d-4688-99fe-1c45abac7bf8,2024-11-11 01:09:38.000000,Holly Stewart,ujackson@example.org,North America,Reverse-engineered multi-state knowledge user,Home & Garden,1,0.0,375.41
daea544a-291a-4905-9a29-fe6b590bd0c6,2025-08-13 20:17:01.000000,John Pineda,hernandezmarcus@example.org,Middle East,Multi-lateral contextually-based methodology,Sports,8,0.1,1735.14
d1d06bcd-195e-4d72-917e-894e91faf1c7,2025-10-13 00:58:29.000000,Daniel Velez,paul70@example.org,Middle East,Fundamental contextually-based neural-net,Electronics,5,0.0,1107.7
378d2f8d-8761-49da-8394-79c1c363f61f,2026-01-27 23:28:40.000000,Patricia Banks,cwood@example.net,Europe,Multi-tiered dedicated circuit,Electronics,2,0.2,373.92
2bf95861-4827-4440-b6d9-fe1731094211,2026-06-21 07:56:52.000000,Bradley Reynolds,lisa80@example.net,North America,Intuitive system-worthy access,Clothing,6,0.2,105.6
f93c8859-011b-4348-8981-1f35c10750bc,2026-02-04 09:16:26.000000,Lauren Moore,shannonedwards@example.org,North America,Multi-lateral contextually-based methodology,Sports,1,0.1,221.94
eba46463-36c9-4657-ac9a-799e19437791,2025-08-16 14:39:46.000000,Christopher Schwartz,jenniferwilliams@example.com,Latin America,User-friendly tangible synergy,Clothing,4,0.1,867.22
5dd0855c-7986-4498-b52f-80c9d9ee9678,2026-01-14 05:55:21.000000,Maurice Gray,christinaturner@example.net,North America,Upgradable disintermediate protocol,Toys,2,0.0,803.8
ac6c2e1b-708d-4094-af64-672f96e1a522,2024-10-12 08:27:20.000000,Kathleen Garcia,ugill@example.org,Europe,Decentralized tangible model,Clothing,3,0.2,996.79
fb368cf4-5ad5-4309-95b1-a96a2e4c16e2,2025-05-11 20:19:10.000000,Carolyn James,josephadams@example.org,Asia,Reverse-engineered multi-state knowledge user,Home & Garden,8,0.0,3033.6
5074ac13-fc0f-44cd-82eb-baa21ce370ed,2024-10-25 00:08:24.000000,Casey Gillespie,lfrench@example.net,Latin America,Down-sized contextually-based adapter,Sports,3,0.1,706.15
22cb2720-850c-4dfd-9c3d-ae1977455560,2025-08-10 02:27:44.000000,Ariana Jennings,bruce43@example.org,Europe,Team-oriented cohesive approach,Sports,2,0.2,359.58
49cc253f-b469-4ec4-9c7a-e8efc3245e35,2025-09-26 17:28:38.000000,Stephanie Salazar,jrivas@example.com,Asia,Synergistic demand-driven implementation,Clothing,6,0.1,2627.81
53ff5f1f-150e-4388-8a65-52a5b8ddf15d,2025-08-08 11:15:20.000000,Erin Anderson,lucasrodney@example.com,North America,Fundamental contextually-based neural-net,Electronics,7,0.2,1256.95
74fa65ce-489a-427e-a281-03f01d9fff25,2025-10-30 07:51:12.000000,James Bailey,jeffery48@example.net,Europe,Fundamental contextually-based neural-net,Electronics,3,0.0,685.61
f9e6debb-afe2-487f-8fdf-af5dbc75ed53,2026-05-05 06:50:21.000000,Tracey Wagner,fortiz@example.com,Middle East,Re-engineered clear-thinking application,Clothing,10,0.2,2662.4
6843a5c3-8dcd-4e9b-b9d2-d74a71a71782,2025-03-03 16:45:34.000000,Heidi Stark,brownamy@example.net,Latin America,Innovative eco-centric open architecture,Toys,4,0.2,740.34
3054366b-6d8e-4559-9af9-3e99fc267da6,2026-05-17 11:12:08.000000,Austin Vasquez,hernandezlisa@example.com,Latin America,,,10,0.2,0.0
cd6c78dd-d74f-4844-a50e-a3ec11d1e7d5,2025-07-25 11:02:24.000000,Kenneth Howard DDS,alicia28@example.org,Asia,Organized contextually-based orchestration,Electronics,2,0.3,571.44
2de66d5b-5e10-43a0-addb-8943f067ad82,2024-07-30 22:07:38.000000,Peter Vaughn DDS,bwest@example.org,North America,Cross-platform asymmetric leverage,Electronics,1,0.2,164.41
ac0e7307-7ddc-4af6-ac95-adb1ffac54fd,2024-10-10 16:19:40.000000,Christopher Ferrell,tjimenez@example.com,Europe,Innovative eco-centric open architecture,Toys,7,0.1,1455.54
a8969e70-85cd-4384-b024-979265787d0c,2025-12-28 11:00:14.000000,Peter Vaughn DDS,bwest@example.org,North America,Cross-platform uniform flexibility,Toys,5,0.2,962.28
65125d2e-24b3-4c8e-9e85-0f8015c2f297,2025-05-28 03:57:35.000000,Nicholas Edwards,elizabeth52@example.net,Middle East,Horizontal maximized product,Electronics,10,0.2,1749.06
1a0a7680-fa42-456e-972e-c23eb1edf3d3,2026-02-16 21:04:44.000000,Rachel Leon,troyrodriguez@example.com,Asia,User-centric coherent leverage,Sports,1,0.2,252.83
2b3171dc-fa54-4893-a476-231aecdfd364,2024-09-09 06:04:17.000000,Jacqueline Mccoy,aguilarjonathan@example.org,Latin America,Advanced context-sensitive instruction set,Toys,4,0.2,1014.05
56b09052-32f7-4350-b9a7-32dc5d1c1906,2024-12-23 12:57:50.000000,Joanne Perez,rreynolds@example.net,North America,Multi-layered high-level initiative,Electronics,7,0.1,2849.94
677f7c73-fd9b-4af3-9812-5123984f5a56,2024-10-24 08:14:04.000000,Kim Brown,yorkcasey@example.org,North America,Cross-platform uniform flexibility,Toys,8,0.1,1672.7
b9a6bd75-6cb9-4a2c-968e-51f03b9d5832,2025-08-12 15:52:07.000000,Mason Johnson,bboone@example.net,Middle East,Streamlined national conglomeration,Home & Garden,10,0.0,4386.48
c416c07c-b6a7-47b1-83cb-0c28474cfa29,2025-10-15 23:31:52.000000,Austin Garcia,wlynn@example.org,North America,Re-engineered clear-thinking application,Clothing,6,0.3,1437.7
ca1c3218-c19d-41c5-85e1-8b7797f971d5,2026-04-04 03:12:36.000000,Sandra Zimmerman,hthompson@example.net,Asia,Team-oriented cohesive approach,Sports,10,0.1,2005.35
5b29317a-6675-45e2-b177-3294a4d21eae,2025-07-25 13:49:36.000000,Eric Patrick,johnsonmatthew@example.org,Asia,Reverse-engineered multi-state knowledge user,Home & Garden,3,0.2,875.95
67899d92-f33c-4c36-9a69-0cadaaab5830,2025-08-01 08:07:44.000000,Andrew Greene,christinacraig@example.com,Asia,Business-focused 4thgeneration throughput,Sports,2,0.0,722.3
c49b9e62-25ba-4f03-8765-606982ec0fc3,2025-07-09 02:47:16.000000,Sarah Wagner,rebecca01@example.net,Asia,Re-engineered clear-thinking application,Clothing,5,0.1,1564.16
7d457a09-402d-45e8-9f47-d9021ba84a91,2025-08-11 05:38:13.000000,Christopher Mullen,johnsjessica@example.com,Asia,Synergized zero-defect conglomeration,Clothing,7,0.2,2021.22
2275b1e2-f141-42c7-a0dc-ec7d3b172319,2024-08-13 01:52:06.000000,David Garcia,perezwilliam@example.org,Latin America,Upgradable disintermediate protocol,Toys,9,0.2,2785.17
d48f5ba3-0d87-4c72-bce0-5a63197f9b8d,2024-09-11 23:39:23.000000,Casey Gillespie,lfrench@example.net,Latin America,Down-sized contextually-based adapter,Sports,7,0.0,1877.58
f8d9bf33-06d9-43c0-ad98-73017f85c4e7,2024-12-07 02:22:03.000000,Suzanne Rodriguez,dianekelly@example.net,Europe,Organized attitude-oriented implementation,Clothing,10,0.0,3383.9
53b3618b-ade0-4648-9ac6-030661f43c2b,2024-11-16 14:59:58.000000,Sarah Rivera,wilsontara@example.org,Asia,Advanced context-sensitive instruction set,Toys,2,0.2,513.06
851b5f38-c069-4f1d-a93c-94131396a289,2026-03-09 04:21:47.000000,Ronald Morgan,ashleewashington@example.com,Middle East,,,2,0.1,0.0
33b1cca4-774d-44f5-8af0-72267e000029,2025-03-06 00:11:29.000000,Daniel Bernard,vhernandez@example.net,Latin America,User-friendly tangible synergy,Clothing,4,0.0,976.86
813a3aa5-7d81-4c21-bf76-4fcea97ef131,2025-02-09 05:34:34.000000,Michael Smith,michaeljones@example.net,Latin America,Multi-lateral high-level open architecture,Toys,2,0.1,425.53
dc137c04-cf3a-4f8d-97f7-31e38add3976,2025-09-13 19:58:21.000000,Rachel Leon,troyrodriguez@example.com,Asia,Synergized zero-defect conglomeration,Clothing,5,0.2,1358.8
c3933447-f3dc-40bf-8486-0bee8bef4a76,2024-08-14 12:49:15.000000,Brian Leon,smithmaria@example.org,Europe,Expanded composite infrastructure,Home & Garden,3,0.0,643.97
ea3973ff-e14f-4a78-ae2f-1d3bfd9f45f4,2024-10-21 12:36:09.000000,Elizabeth Davis,farmstrong@example.org,North America,Fundamental contextually-based neural-net,Electronics,1,0.0,221.54
da55f825-5086-4384-b33a-c54f62359144,2025-05-09 07:12:14.000000,Victor Brown,daniellegonzales@example.org,Asia,Innovative eco-centric open architecture,Toys,9,0.2,1727.46
08697ffa-0936-4f02-b5ac-0819714b5c03,2024-12-05 08:51:44.000000,Kristina Pena,xclements@example.org,Europe,User-friendly tangible synergy,Clothing,5,0.0,1183.7
c7859c05-dc40-4942-a8cf-29368e81b2f0,2025-03-13 08:56:31.000000,Laura Odonnell,tsanders@example.org,Latin America,Expanded composite infrastructure,Home & Garden,5,0.2,872.04
7dd19b8f-2a05-4b69-b4c0-4bdfe27bb6c4,2025-06-20 12:15:35.000000,Garrett Gibson,kathleen64@example.com,Europe,Business-focused 4thgeneration throughput,Sports,1,0.1,328.32
639ac771-b739-428a-8ffd-5b7a226dd24f,2025-08-03 14:36:01.000000,Rachel Bradley,gregorychase@example.com,Latin America,Multi-tiered dedicated circuit,Electronics,9,0.0,2061.23
acce693e-91a0-4ef2-9c00-7554c3963bf9,2025-08-06 00:21:57.000000,Kara Wilson,qruiz@example.com,Latin America,Down-sized scalable workforce,Home & Garden,2,0.2,469.03
8a159e92-af74-4e63-8dc4-c81fa8fae904,2025-10-08 10:33:13.000000,Elizabeth Wright,millereric@example.net,Europe,Re-contextualized actuating infrastructure,Clothing,1,0.2,318.24
dab6c73d-8fef-487b-b9d5-4e9f78460474,2024-11-19 09:37:45.000000,Krystal Barton,hdunn@example.net,Europe,Multi-lateral contextually-based methodology,Sports,6,0.0,1437.54
436d977b-6431-4bbe-8e44-c9dc81b61c87,2025-08-09 05:29:34.000000,Scott White,freemancrystal@example.org,North America,Synergistic demand-driven implementation,Clothing,10,0.2,3936.8
9defc23f-60b7-49a9-b88a-fc64974ebb87,2025-12-28 10:25:41.000000,James Elliott,millerroy@example.com,North America,,,9,0.0,0.0
48d0e602-fa4f-4ba8-8437-6d895a4eb9f3,2025-03-26 22:00:50.000000,John Pineda,hernandezmarcus@example.org,Middle East,Re-engineered clear-thinking application,Clothing,4,0.0,1317.89
0b8ce21f-9728-4c5e-8734-a4030fb97b5d,2024-10-28 13:34:01.000000,Jason Andrews,teresaday@example.com,Middle East,Team-oriented cohesive approach,Sports,3,0.0,656.92
e42f0c28-c3e3-4148-86e2-e861957edc3c,2025-11-18 13:28:42.000000,Jacob James,seanbaker@example.com,Asia,Expanded composite infrastructure,Home & Garden,7,0.1,1455.64
6d9b1eb1-18eb-4ed7-a16d-41c8575c9669,2025-04-15 01:42:51.000000,Nicholas Edwards,elizabeth52@example.net,Middle East,,,6,0.1,0.0
59ecc846-6974-47ea-9b7c-57e8fdf02450,2024-09-02 20:04:19.000000,Norman Cook,vpham@example.org,Asia,Down-sized scalable workforce,Home & Garden,6,0.0,1589.18
3c10316d-3f63-4065-be85-c8c4a9470663,2025-12-06 08:55:17.000000,Robert Campbell,xmoreno@example.net,Asia,Synergized zero-defect conglomeration,Clothing,3,0.1,947.76
e90f4137-15be-4dd0-97b0-27ce4fe5c13b,2026-01-06 08:52:07.000000,Rachel Shields,carterpaul@example.org,Latin America,Profit-focused grid-enabled infrastructure,Toys,7,0.0,1195.01
1d4dfdb1-4e0e-4e2e-9e72-d97010c49f9e,2025-04-09 04:59:42.000000,Elijah White,oallen@example.com,Latin America,User-centric coherent leverage,Sports,5,0.1,1516.95
537c64b0-89d5-4f23-850b-d8482b76a718,2024-08-19 00:33:04.000000,Jim Baker,orose@example.com,Latin America,Decentralized grid-enabled service-desk,Electronics,1,0.1,320.04
6c27316b-dd05-4827-a863-782e75fe2857,2025-10-05 04:59:25.000000,Sara Haas,wagnergerald@example.org,Asia,Down-sized scalable workforce,Home & Garden,5,0.2,1076.01
05b149a0-9686-4676-b83e-40abb22a55a6,2025-03-23 20:02:12.000000,Corey Fox,joseph61@example.com,North America,Business-focused 4thgeneration throughput,Sports,4,0.2,1138.18
528a34f3-63ea-40a1-9202-b09c60b36938,2025-10-08 16:40:33.000000,Eric Patrick,johnsonmatthew@example.org,Asia,Cross-platform asymmetric leverage,Electronics,4,0.0,761.9
199d5089-7d05-421c-8eee-7d6519048ca7,2026-01-08 14:25:10.000000,Patricia Banks,cwood@example.net,Europe,,,1,0.1,0.0
7f29c9e7-5601-46a5-b4b6-685dacd4180a,2025-08-15 12:03:59.000000,William Gould,lambertrichard@example.net,Middle East,,,1,0.3,0.0
56ec0e55-aad9-493d-83d0-bde3cfbba84a,2024-11-27 09:56:18.000000,Donald Walker,rhodespatricia@example.org,North America,Cross-platform asymmetric leverage,Electronics,7,0.2,1052.62
f82c6ad8-5d03-4a06-8cad-66c59d655c03,2025-06-24 15:14:44.000000,Chase Knight,buckleyanna@example.org,Latin America,Advanced context-sensitive instruction set,Toys,2,0.1,567.38
d8eae31b-a2ac-4896-bf38-3a3e33a67403,2026-03-24 09:18:51.000000,Cynthia Morris,josephmartinez@example.com,Latin America,,,8,0.3,0.0
892c6b33-d9af-4224-9723-2ce313483fb3,2025-01-03 06:31:27.000000,Mr. Nicolas Salas II,maryhuff@example.com,Europe,Front-line encompassing leverage,Toys,5,0.0,510.7
4c1d2e43-0c2b-43e4-83e1-346d49902258,2025-10-09 10:58:57.000000,Andrew Berry,dennishunt@example.net,Latin America,,,9,0.1,0.0
9fe3f824-39d3-49cf-8dfa-76af66eb43b0,2026-02-18 00:13:06.000000,Ian Frazier,natalie77@example.com,Middle East,Re-contextualized actuating infrastructure,Clothing,8,0.3,2126.59
d81ca1a0-b7bb-42aa-978a-8c73f53ba020,2025-10-13 02:05:07.000000,Kyle Reed,samuel81@example.com,North America,Operative responsive pricing structure,Sports,2,0.2,68.85
45fb3e8a-563b-44fa-9784-713d18407642,2024-09-11 05:46:53.000000,Kevin Snyder,jessicapayne@example.org,Middle East,Function-based methodical product,Clothing,2,0.2,691.26
79ab3018-87f3-49a4-8d1a-810d910171d2,2025-06-17 17:36:46.000000,Derek Mahoney,suarezmike@example.org,Asia,Multi-lateral high-level open architecture,Toys,3,0.1,690.25
13a0181b-cbaf-4542-98e9-bbad35b1773c,2025-12-09 01:18:30.000000,Sergio Knight,vjones@example.net,North America,Devolved responsive model,Sports,7,0.2,1715.41
cddb3f9e-8130-4e68-8d45-d885d2e08e57,2025-03-10 22:29:28.000000,Melinda Compton,dennismccann@example.com,North America,Devolved responsive model,Sports,6,0.1,1600.63
5037e669-8a3a-4129-a9d8-4c4f6ed338be,2024-12-23 09:29:14.000000,Phillip Clark,lisahall@example.org,Middle East,Decentralized tangible model,Clothing,4,0.0,1555.97
b40d8aef-a0ba-4142-84c3-2fede182701b,2026-08-20 11:18:07.961183,Paul Williams,jeffrey10@example.org,North America,Organized attitude-oriented implementation,Clothing,6,0.3,1517.41
7fcbcf31-93ac-409a-afc1-0403dcda8cc1,2025-01-02 09:30:35.000000,Sean Osborne,lozanojulie@example.com,Middle East,Function-based grid-enabled adapter,Clothing,5,0.1,621.78
be015802-d2eb-4277-b64d-4de0a92a9880,2026-07-19 15:17:21.000000,Amy Manning,christinenorman@example.com,North America,Cross-platform fresh-thinking hierarchy,Toys,2,0.0,810.16
a34f2452-efe9-48c9-8497-734d77a0aa7f,2025-09-07 18:23:24.000000,William Oconnor,fconner@example.net,Europe,Advanced context-sensitive instruction set,Toys,10,0.0,2987.82
c4e4fe52-da4f-406b-9d4a-c78bcf1643a0,2026-06-25 08:25:37.000000,Karen Romero,heatherthompson@example.org,Asia,Devolved responsive model,Sports,3,0.0,902.68
ba0371f9-90ed-41d3-af44-4cf56f089155,2025-11-19 19:24:24.000000,Nicholas Edwards,elizabeth52@example.net,Middle East,Innovative eco-centric open architecture,Toys,7,0.2,1359.58
5d411ac5-335d-4b46-85b3-75aa0f546781,2025-07-15 05:09:31.000000,Kevin Drake,robin05@example.net,Europe,Advanced context-sensitive instruction set,Toys,5,0.2,1131.75
bf164454-2685-402c-bd89-25a925d287d0,2026-01-04 06:49:24.000000,Olivia Harris,sarakim@example.net,North America,Optimized mission-critical moratorium,Home & Garden,7,0.3,1360.27
6f75a3b2-d818-4112-8cde-dddbc3f9c78c,2025-06-04 15:35:15.000000,Hannah Bruce,lisamccarthy@example.com,Middle East,Expanded composite infrastructure,Home & Garden,9,0.1,1871.53
e94053af-d488-4dff-9c35-25775193412d,2024-09-09 00:47:53.000000,Shawn Odom,roberthill@example.net,Europe,Synergistic demand-driven implementation,Clothing,3,0.0,1417.25
69958fd1-d891-4adf-b41c-612aa2491260,2025-02-13 07:48:23.000000,Derek Mahoney,suarezmike@example.org,Asia,Business-focused 4thgeneration throughput,Sports,4,0.0,1400.83
291c0da1-a563-4d3a-897b-c13bd2deb47d,2025-02-05 04:17:37.000000,Kristina Pena,xclements@example.org,Europe,Function-based methodical product,Clothing,6,0.2,1997.91
67e6d49a-3c73-413b-99ea-5bbdafd5b90b,2025-01-22 05:26:06.000000,Patrick Smith,meyernicholas@example.org,Europe,Robust secondary infrastructure,Toys,2,0.2,326.02
07179ef3-3121-4863-a663-ed111d122ccf,2025-01-27 17:50:53.000000,Mary Steele,whitejacqueline@example.com,Asia,Decentralized tangible model,Clothing,1,0.3,283.64
76d32b96-4f7f-463e-93c5-44a3cc0b200d,2025-08-01 23:57:53.000000,Michael Berger,nguyenbrian@example.com,Middle East,Robust secondary infrastructure,Toys,8,0.2,1194.11
6c097204-6fa6-481c-bdc5-62858f50b11f,2025-12-05 11:16:58.000000,Jeffrey Carpenter,steven73@example.net,Latin America,Up-sized foreground toolset,Toys,2,0.0,433.82
28cbb7ca-33b5-4667-8979-13a0e7d90c1b,2025-02-17 19:30:05.000000,Shawn Odom,roberthill@example.net,Europe,Synergized zero-defect conglomeration,Clothing,3,0.3,733.75
ca27cd69-4226-4ba4-8775-d77822ed1e25,2026-04-06 02:49:09.000000,Paul Finley,brandi90@example.com,North America,User-friendly tangible synergy,Clothing,7,0.2,1482.74
2d0d5e1d-8cfb-437c-a89e-a4df471c10ae,2025-12-03 10:17:21.000000,Dylan Cruz,kwright@example.com,Middle East,Reverse-engineered multi-state knowledge user,Home & Garden,7,0.0,2521.68
b8f40e5e-f6ba-4ccc-8acf-bd89da3ed15a,2025-08-02 08:31:57.000000,Richard Walter,alyssa42@example.com,Europe,Expanded intangible standardization,Clothing,5,0.1,378.58
dc0db266-0e29-4d9a-8518-bd4dc840789b,2026-06-17 07:51:19.000000,Alexandra Baxter,davidsmith@example.net,Middle East,Front-line encompassing leverage,Toys,1,0.2,86.35
4c485cfc-9a02-40da-905c-1021157c6813,2026-05-25 13:02:08.000000,Brittany Miller,dixonjames@example.org,Europe,Cross-platform uniform flexibility,Toys,5,0.2,1009.8
683199c6-f480-4da5-a68c-13481046e3df,2026-06-17 12:50:48.000000,Brandy Myers,susan24@example.net,Latin America,Horizontal maximized product,Electronics,8,0.0,1672.27
e2be80e1-a84d-4f25-abf2-b3695d0a06d3,2024-09-29 03:12:47.000000,Angela Schultz,rebeccabailey@example.net,North America,Team-oriented cohesive approach,Sports,3,0.1,601.6
b9676dc6-d6fd-41a5-b173-12f4659ae9f2,2026-05-06 13:47:08.000000,Stephanie Meyer,stephen19@example.org,Asia,Profound mobile time-frame,Clothing,4,0.2,640.55
922b4fb2-1ca7-4972-bc6d-317323fbc01f,2026-02-11 11:29:20.000000,Anna Chang,smithdevon@example.net,Asia,Organized attitude-oriented implementation,Clothing,1,0.3,249.34
859f02bb-1ee2-4f39-aed4-db8980104995,2025-12-18 21:41:12.000000,Gail Barron,matthewvalenzuela@example.com,Europe,Upgradable disintermediate protocol,Toys,6,0.1,2073.8
c66dfe25-f31d-4e25-9496-634fd438231d,2026-07-14 13:14:14.000000,Gail Barron,matthewvalenzuela@example.com,Europe,Streamlined national conglomeration,Home & Garden,1,0.3,326.75
e272d7ca-7f17-4b55-8076-7e21867772d3,2024-09-29 02:08:28.000000,Laurie Goodwin,thickman@example.org,Latin America,Devolved responsive model,Sports,7,0.1,1997.69
c5efd670-1f4d-48ce-998d-e3d83cf29ade,2026-04-08 13:31:19.000000,Jeffrey Chavez,teresa28@example.org,North America,Devolved responsive model,Sports,10,0.1,2884.86
95966725-d513-4a02-944c-14d1503ba8c3,2026-02-13 14:51:49.000000,Ian Frazier,natalie77@example.com,Middle East,Business-focused 4thgeneration throughput,Sports,5,0.0,1787.52
be741860-bf95-4403-8e4b-a2bb63d3ce8e,2025-01-20 05:59:11.000000,Chelsea Gill,timothybooth@example.com,Europe,Profound mobile time-frame,Clothing,6,0.2,913.37
24ef65a7-37cf-45ca-ac41-2493ef7cef26,2024-10-11 22:56:22.000000,Phillip Clark,lisahall@example.org,Middle East,Multi-lateral contextually-based methodology,Sports,2,0.1,469.09
4648bbe8-f84c-47a9-b6cf-d2d52cd6e8df,2025-06-27 08:11:50.000000,Mason Johnson,bboone@example.net,Middle East,Multi-tiered dedicated circuit,Electronics,9,0.2,1598.51
96e83922-dce7-4289-811a-315b688b4cfb,2024-09-02 10:18:25.000000,Billy Schneider,edwardmoore@example.net,Middle East,Expanded composite infrastructure,Home & Garden,1,0.2,172.17
b31a25b5-5fec-4a6e-8891-7cf57d8823d2,2024-10-16 17:32:02.000000,Vincent Smith,morrowthomas@example.net,Middle East,,,10,0.2,0.0
e1228e75-4719-4f5c-b69b-d5963f10938c,2026-03-22 03:41:41.000000,Lauren Bender,icraig@example.com,Latin America,Expanded intangible standardization,Clothing,3,0.1,229.62
79a8226b-5ced-4017-a518-ec09efdd6a87,2026-01-27 20:51:38.000000,Zachary Brooks,florescory@example.net,North America,Expanded composite infrastructure,Home & Garden,6,0.3,979.37
05651e80-4ee4-4227-9245-00395e24296e,2025-12-04 06:51:53.000000,Katie Gonzalez,kathryn88@example.org,Europe,Upgradable disintermediate protocol,Toys,6,0.3,1736.21
08e94548-9b16-4cb8-a7bd-1db7f7808afc,2026-05-05 13:58:29.000000,Tracey Wagner,fortiz@example.com,Middle East,Front-line encompassing leverage,Toys,10,0.3,758.16
f0db6ecb-cc87-4b1c-a987-799bbd4c938c,2024-09-01 10:56:53.000000,Lisa Morris,mbarnes@example.net,North America,Streamlined national conglomeration,Home & Garden,9,0.1,3665.84
abede2b6-c9ee-497c-aade-7b17b0d090bd,2025-01-23 03:39:47.000000,Joseph Hill,andre62@example.org,North America,Profit-focused grid-enabled infrastructure,Toys,2,0.0,341.43
4f2c386f-627b-4edd-8d7f-937140c37cbc,2025-11-29 06:39:20.000000,Jessica Robinson,taylordavid@example.net,Asia,,,1,0.2,0.0
e7354db2-5ce4-424b-b35b-9f78f55f2e80,2026-04-12 21:13:29.000000,Donald Walker,rhodespatricia@example.org,North America,Up-sized foreground toolset,Toys,10,0.1,2059.54
ddf0a0a2-88ef-482b-9f3e-ea66af6c6f61,2025-01-20 14:15:35.000000,Jacob Hunter,alexander67@example.org,Europe,Up-sized foreground toolset,Toys,3,0.3,473.26
02038340-6372-4635-b141-4f58db8ec35b,2026-06-27 15:28:47.000000,Lauren Bender,icraig@example.com,Latin America,Devolved responsive model,Sports,1,0.0,307.1
fa5dbd40-ed71-4fe9-a49a-0bf9f5f3943a,2026-07-03 23:10:32.000000,Ronald Morgan,ashleewashington@example.com,Middle East,Upgradable disintermediate protocol,Toys,3,0.2,928.39
efb2d33c-171a-4532-8d07-018b416aa7f6,2026-04-21 00:09:55.000000,Allison Thomas,gonzalezkaren@example.org,Middle East,Profound mobile time-frame,Clothing,6,0.3,842.2
35dbe396-4c23-4844-bc47-22f3c1b4fd44,2026-05-19 12:28:15.000000,Patricia Baker,katiebutler@example.net,North America,Upgradable disintermediate protocol,Toys,7,0.2,2306.91
70583380-ea77-41d6-a904-a6d6e3e735ab,2025-11-23 09:02:57.000000,Eric Sanders,wking@example.net,Latin America,Advanced context-sensitive instruction set,Toys,6,0.0,1738.37
c44921b6-cfef-4811-a124-c3f25132fe68,2025-12-03 12:49:06.000000,Christopher Jones,ortizhannah@example.com,Middle East,User-friendly tangible synergy,Clothing,7,0.2,1325.74
ed2eebea-69b7-4533-bca8-3a8278997035,2026-05-05 08:12:19.000000,Tracy Torres,pwilson@example.net,North America,Organic zero-defect hierarchy,Electronics,10,0.2,3586.44
e0736c70-6c20-4d89-b7a6-9c32552d4865,2026-07-04 10:43:26.000000,Jason Marshall,catherine55@example.net,North America,Advanced context-sensitive instruction set,Toys,5,0.0,1448.64
290c42f8-d30b-4f65-99b3-8619d1fb55b1,2026-01-14 12:26:01.000000,Sherry Baker,earmstrong@example.org,Middle East,Re-engineered clear-thinking application,Clothing,10,0.1,2928.64
8c37e264-d03c-420a-baae-ebf89a244525,2026-02-14 01:06:03.000000,Zachary Brooks,florescory@example.net,North America,Mandatory discrete functionalities,Toys,4,0.2,1534.46
070077c1-b1f9-4a09-b408-f64653a71719,2026-03-04 20:02:01.000000,Paul Larsen,katie87@example.net,Middle East,Streamlined national conglomeration,Home & Garden,3,0.1,1208.52
2f098f4d-a43f-483a-a431-01e40d565923,2025-11-22 10:44:51.000000,Norman Cook,vpham@example.org,Asia,Cross-platform uniform flexibility,Toys,6,0.3,1012.18
22d6f0a2-a41f-4d38-8a80-3df87182fcf2,2024-07-23 09:07:08.000000,Miss Debra Williams PhD,cstone@example.com,North America,,,2,0.2,0.0
4e385d03-a0d8-4651-b338-22d16691c664,2025-03-21 15:58:48.000000,Hailey Cunningham,paul20@example.com,Middle East,,,6,0.1,0.0
28670d3b-1c5f-4cba-950d-28eb93683dd6,2025-01-30 20:43:46.000000,Brittney Webster,craigjoseph@example.net,Latin America,Organized contextually-based orchestration,Electronics,4,0.2,1236.82
c481ea69-f83b-4029-b6ac-204884308e0c,2026-04-27 03:41:12.000000,Travis Johnson,erikarush@example.com,Europe,Front-line next generation Internet solution,Toys,2,0.2,206.08
d8d2660e-214d-4588-835e-a18aa630b287,2025-10-25 09:02:42.000000,Tracy House,gabrieltucker@example.org,Latin America,Team-oriented cohesive approach,Sports,8,0.2,1438.32
f07db671-caea-4ae5-a90a-7b80af8d888d,2025-03-26 01:48:47.000000,Cassandra Edwards,patriciaadams@example.net,Latin America,Multi-lateral contextually-based methodology,Sports,7,0.2,1500.59
bc343d5d-df9e-4425-ba76-28e67394d796,2024-11-01 16:35:06.000000,Jason Marshall,catherine55@example.net,North America,Innovative eco-centric open architecture,Toys,9,0.1,1830.28
97d02f8f-affd-443b-ac69-1f0442bbeaae,2026-04-24 03:51:57.000000,Mitchell Griffith,kingjames@example.org,Europe,Exclusive object-oriented orchestration,Other,10,0.2,1144.8
32dba028-4823-4ebe-8cad-e92e53dc4fae,2024-09-24 13:05:32.000000,William Oconnor,fconner@example.net,Europe,,,3,0.1,0.0
64bc08cf-2e90-4b5c-9e1b-015f6a1c701b,2026-06-01 16:52:33.000000,Brett Thompson,phelpsmichael@example.net,Europe,Profit-focused grid-enabled infrastructure,Toys,5,0.0,862.29
e2643336-d5ad-46bc-b1db-9ad860980b94,2025-10-07 00:37:57.000000,Sergio Knight,vjones@example.net,North America,Synergistic demand-driven implementation,Clothing,2,0.1,885.78
05e15e2f-f2b7-4922-854e-dd713977fd2f,2026-07-07 23:50:36.000000,Dawn Wilson,yorksarah@example.net,Asia,Team-oriented cohesive approach,Sports,3,0.2,539.37
76617a3b-f960-4ca3-96c7-2b1ae826fac7,2024-12-21 23:43:54.000000,Jennifer Mitchell,zhenderson@example.org,Latin America,Exclusive object-oriented orchestration,Other,1,0.1,124.5
2b339734-da11-4684-b385-d9de430438b5,2024-08-28 15:48:13.000000,Scott Hernandez,tanyafoster@example.org,Asia,Multi-lateral contextually-based methodology,Sports,10,0.3,1841.06
99b3568d-6dcc-4c60-9e35-836f66aa394c,2025-02-08 01:28:28.000000,Christopher Jones,ortizhannah@example.com,Middle East,Synergized zero-defect conglomeration,Clothing,2,0.1,611.46
5e3003e1-f541-444e-96cc-b813263553ba,2024-11-30 03:06:08.000000,Blake Sosa,waustin@example.net,Middle East,Multi-layered high-level initiative,Electronics,7,0.2,2474.12
039d08d0-1e0a-4f12-9136-d4adf27e8ce7,2026-08-20 11:18:07.961183,Peter Thompson,teresastokes@example.org,Europe,User-friendly tangible synergy,Clothing,9,0.1,2063.38
eb8466e4-c5fa-4047-af66-9013869d4cb7,2026-07-12 00:15:58.000000,Charles Gonzalez,kathleenrios@example.org,Asia,Advanced context-sensitive instruction set,Toys,4,0.0,1170.98
7e808d05-ac71-4531-93c7-24e8742632d7,2024-10-21 01:00:44.000000,Andrew Williams,linda87@example.org,North America,Down-sized scalable workforce,Home & Garden,9,0.2,1862.32
30c7809b-3401-45bd-b6ac-1c8e3977c7b4,2026-05-21 11:26:49.000000,Phillip Obrien,kimberlyjames@example.com,Latin America,Synergized zero-defect conglomeration,Clothing,6,0.0,2038.2
49b7e037-4425-4ea7-8839-24d7d03bcbfc,2026-02-20 18:29:18.000000,Michael Smith,michaeljones@example.net,Latin America,User-centric coherent leverage,Sports,10,0.1,2899.06
6e6a3d5b-2154-4e4a-a1cf-91fb7e81cdfa,2026-05-17 03:04:27.000000,David Alvarez,gibsonolivia@example.net,Middle East,Optimized mission-critical moratorium,Home & Garden,4,0.0,997.88
fec5ea47-372f-4f47-999f-069134e420bf,2026-04-22 01:54:44.000000,Sara Haas,wagnergerald@example.org,Asia,Intuitive system-worthy access,Clothing,8,0.2,132.0
307a1acb-ad5c-4c49-ba09-8a2748708a92,2025-06-10 22:02:12.000000,Lisa Goodwin,pyoung@example.com,North America,Function-based methodical product,Clothing,8,0.2,2866.2
255c82c7-cade-43ec-a895-09082e2cb850,2024-08-12 08:09:06.000000,Matthew Lamb,steinmaria@example.com,Middle East,Front-line next generation Internet solution,Toys,2,0.2,214.0
3c48c936-4305-4a31-b9e3-89054a4a15ea,2025-11-12 18:10:34.000000,Adam Rodriguez,nicoleluna@example.com,Europe,Expanded intangible standardization,Clothing,6,0.3,360.47
5ea0942c-3f91-4419-a846-a9df73733554,2025-10-16 17:52:58.000000,Tyler Hill,christina18@example.net,Europe,Expanded intangible standardization,Clothing,8,0.0,651.82
15f2f85a-754a-4e48-a5b1-3afdaf2c20ac,2024-07-29 00:09:54.000000,Heidi Stark,brownamy@example.net,Latin America,Decentralized grid-enabled service-desk,Electronics,1,0.1,334.43
52c03f9b-df16-4b70-a219-b7f77808a004,2026-01-10 06:40:38.000000,Elizabeth Walker,smithkevin@example.org,Latin America,Down-sized scalable workforce,Home & Garden,1,0.0,262.1
98e1d54c-bc71-4183-ac5c-cba7b55d2fc1,2025-02-05 00:10:23.000000,Mitchell Jackson,cbell@example.net,Middle East,Organized attitude-oriented implementation,Clothing,7,0.3,1770.31
0f0a6450-8e97-4ce1-9864-3b6a12b3c5eb,2024-08-30 11:13:53.000000,Mark Copeland,martinezmia@example.com,North America,,,9,0.0,0.0
788f06ed-3c1e-419b-ae5a-400755367ab6,2026-06-26 10:21:06.000000,Adam Rodriguez,nicoleluna@example.com,Europe,Profound mobile time-frame,Clothing,7,0.3,982.57
f077671b-9b3b-4b4c-bf2a-50c05ab383c9,2025-12-24 00:14:33.000000,William Oconnor,fconner@example.net,Europe,Exclusive object-oriented orchestration,Other,10,0.3,1058.94
b5a61d61-9925-4c9b-8d60-2879f79b1079,2026-02-22 04:01:14.000000,David Morris,oscar85@example.com,Latin America,Advanced context-sensitive instruction set,Toys,2,0.1,531.17
40efa857-015f-466c-8ba6-aa86cf5285f7,2025-08-16 21:07:35.000000,Kimberly Morrison,kellythompson@example.net,Asia,Upgradable disintermediate protocol,Toys,1,0.2,341.61
fa3f012e-4d71-4f28-a185-21ab9ea1e617,2025-05-23 13:27:49.000000,Kimberly Lutz,jvaldez@example.com,Asia,Profound mobile time-frame,Clothing,10,0.2,1581.6
f7d2a2ee-21da-4db1-9ef3-61c2abd7d3f1,2026-06-14 00:04:44.000000,Jeffrey Chavez,parkerjudith@example.net,Latin America,Front-line encompassing leverage,Toys,2,0.3,151.63
2deb5687-949a-4a46-8a87-2ac28f3f5995,2025-02-08 03:58:12.000000,Amy Shannon,ajohnson@example.org,North America,Expanded intangible standardization,Clothing,3,0.3,175.3
ee29e80e-7e2a-403a-80f5-8b812b7c5ee3,2025-04-10 10:29:40.000000,Amy Dunlap,dalepruitt@example.com,Latin America,Multi-layered high-level initiative,Electronics,3,0.0,1328.78
16f32b93-21c5-4a88-b7d4-68eae0bdd765,2025-03-24 11:00:24.000000,Ashley Brennan,dwalker@example.com,Asia,Reverse-engineered multi-state knowledge user,Home & Garden,7,0.1,2495.14
244cb9a8-6ed4-4a6d-87c9-daacb5d34f2f,2025-02-08 06:06:06.000000,Kristina Pena,xclements@example.org,Europe,,,3,0.2,0.0
fa801062-0b4e-460a-9032-6fe61de95c72,2024-10-28 07:28:45.000000,Mary Steele,whitejacqueline@example.com,Asia,Devolved responsive model,Sports,2,0.0,601.79
d5b5b7b0-f92e-4fa1-9f26-64247fcc4456,2025-02-24 06:00:49.000000,Hannah Bruce,lisamccarthy@example.com,Middle East,Function-based methodical product,Clothing,9,0.1,3414.15
6e1a1e1b-ed1d-4efa-9c4f-c55ebf715a28,2025-02-25 17:53:44.000000,Frederick Solis,xcollier@example.org,Europe,Profound mobile time-frame,Clothing,8,0.3,1138.75
9ce91544-4362-462d-a07e-e721e71d6ba3,2026-04-26 08:26:42.000000,Mark Diaz,michael41@example.net,North America,Down-sized contextually-based adapter,Sports,1,0.2,224.43
8458526b-4385-43e3-ad3d-5159c2f5da5f,2025-03-21 02:43:01.000000,Gail Barron,matthewvalenzuela@example.com,Europe,,,2,0.1,0.0
50c76baa-2a3c-4137-a486-23dd6f8ef978,2026-02-13 08:01:12.000000,Michael Martinez,mccannangela@example.net,Europe,Down-sized scalable workforce,Home & Garden,10,0.2,2289.97
f33685da-c380-4b4a-bdc4-2f12fe9bd0e1,2024-11-15 11:33:40.000000,Tracy Hart,katherineali@example.com,Asia,Synergistic demand-driven implementation,Clothing,2,0.2,816.89
a84ca488-ec40-44c6-9a60-69f38e40b294,2025-11-27 11:50:20.000000,David Charles,danderson@example.net,Middle East,User-centric coherent leverage,Sports,9,0.3,2245.09
305d0ef7-0d9f-483d-b0a3-2883cc582872,2024-11-13 10:16:28.000000,Margaret Montgomery,haynescharles@example.net,Middle East,,,5,0.1,0.0
092e44b7-2ee2-4989-bad8-24060df81d2b,2025-07-21 05:49:52.000000,Katherine Stark,warrenmary@example.org,North America,Down-sized scalable workforce,Home & Garden,10,0.1,2372.74
7796048f-b4b9-4b73-a9de-bccc429e09bd,2025-06-24 23:25:27.000000,Samantha Smith,mgutierrez@example.net,Asia,Multi-tiered dedicated circuit,Electronics,7,0.0,1570.46
ed5d6510-e52a-43e6-bec5-8a891db3c075,2025-08-09 09:35:15.000000,Rachel Leon,troyrodriguez@example.com,Asia,Reverse-engineered multi-state knowledge user,Home & Garden,7,0.0,2627.86
fd2336f4-5b44-46ed-b107-6f2e0a715350,2026-01-22 17:02:35.000000,Austin Garcia,wlynn@example.org,North America,Up-sized foreground toolset,Toys,4,0.0,867.64
7e347f69-752f-4d7e-bc36-09088f942977,2024-10-16 08:45:50.000000,David Morris,oscar85@example.com,Latin America,Multi-tiered dedicated circuit,Electronics,6,0.0,1388.18
25e6d919-ddeb-4d5c-b842-7379d888dcb6,2024-10-25 00:51:50.000000,John Allen,brent38@example.net,Latin America,Advanced context-sensitive instruction set,Toys,5,0.1,1388.28
de4097c3-3427-4466-97f4-b85d597faaf0,2025-02-26 16:05:47.000000,Joseph Hill,andre62@example.org,North America,Down-sized contextually-based adapter,Sports,2,0.3,388.65
bffbd93b-2b15-419e-95bf-85f32e3f674c,2025-08-20 03:20:28.000000,Lisa Crosby,antonio53@example.com,Europe,Fundamental contextually-based neural-net,Electronics,5,0.3,827.86
e411a9d7-9030-4b0c-85d5-aacbd294100f,2025-12-18 01:33:51.000000,Garrett Meyer,frazierjennifer@example.com,Latin America,Business-focused 4thgeneration throughput,Sports,6,0.1,2013.7
ff7d39f7-9563-4c97-b65f-982b95eef45c,2024-07-24 04:41:27.000000,David Garcia,jennifer12@example.org,Europe,Open-architected asynchronous artificial intelligence,Other,2,0.1,377.5
2e39c29a-921f-466f-8450-205286a8f21a,2025-06-09 10:23:40.000000,Amanda Diaz,christopherphillips@example.net,Asia,,,8,0.2,0.0
c4ac41b5-3f04-4c7b-93ab-7d2ceba0330c,2025-08-11 21:14:23.000000,Jaime Lang,stucker@example.net,Latin America,Re-contextualized actuating infrastructure,Clothing,1,0.2,318.24
5422ea97-e32a-4787-9824-6315ad49e072,2024-08-10 03:45:06.000000,Michael Warner,ojones@example.com,Europe,Decentralized tangible model,Clothing,5,0.2,1600.54
ae3e6268-fb38-4c6c-ae6a-7c4848c6a7ed,2024-10-23 17:51:28.000000,Jeremy Barnes,avaughn@example.net,North America,Fundamental contextually-based neural-net,Electronics,9,0.3,1553.11
eddcac0a-9720-4c66-9fa1-846864e84ffc,2024-10-11 09:04:06.000000,Katie Gonzalez,kathryn88@example.org,Europe,Expanded intangible standardization,Clothing,1,0.3,60.9
076451d3-275d-4459-92d3-6897d6442365,2024-09-21 22:54:36.000000,Joseph Knight,georgemiller@example.com,Middle East,Synergized zero-defect conglomeration,Clothing,4,0.0,1345.21
a8d791b6-b52c-4358-94a8-b45a75d1d776,2025-07-28 16:55:45.000000,Aaron Myers,smitchell@example.net,Middle East,Re-contextualized actuating infrastructure,Clothing,4,0.1,1377.79
44f20d97-f488-4671-a0db-fca2743cfb6b,2025-10-25 12:33:07.000000,Kristina Pena,xclements@example.org,Europe,Decentralized grid-enabled service-desk,Electronics,9,0.1,2848.03
f842e163-5455-4290-817c-75c5a87319fe,2024-08-24 01:08:57.000000,Christopher Mullen,johnsjessica@example.com,Asia,Cross-platform fresh-thinking hierarchy,Toys,1,0.1,396.55
73fe7e1d-f36d-4b13-9f53-4d9aa7faf009,2025-03-30 08:38:42.000000,Luke Estrada,bhopkins@example.org,Middle East,Open-architected asynchronous artificial intelligence,Other,8,0.0,1526.08
bbfc5dc1-fff4-46b9-bb46-8c13f28a030b,2026-06-25 09:13:11.000000,Tiffany Jackson,simsjason@example.net,Asia,Exclusive object-oriented orchestration,Other,10,0.2,1187.73
211b20eb-91b4-4e06-8c0a-628bf5185923,2025-01-01 03:56:44.000000,Mitchell Jackson,cbell@example.net,Middle East,Multi-lateral contextually-based methodology,Sports,5,0.2,983.58
a4c5dae5-cd32-4712-8c76-7092dcffd7b6,2025-02-25 18:25:37.000000,Kristina Preston,jeffrey92@example.com,Asia,Intuitive system-worthy access,Clothing,5,0.0,108.9
be69ad39-0e37-4b07-8c53-5c3e52bb530d,2024-09-13 22:10:28.000000,Aaron Myers,smitchell@example.net,Middle East,Multi-lateral contextually-based methodology,Sports,10,0.2,1941.94
61a2d612-9a2f-4701-b3af-bb098c126e0e,2024-09-30 21:03:28.000000,Richard Walter,alyssa42@example.com,Europe,,,4,0.2,0.0
3d75e423-2d92-4dab-8152-6bff661b9738,2026-03-11 17:58:47.000000,Elizabeth Walker,smithkevin@example.org,Latin America,Robust secondary infrastructure,Toys,7,0.2,1168.58
054046cc-16d5-4b84-a61f-7117dd926cbf,2026-05-14 00:39:35.000000,Paul Moreno,wilsonmichael@example.org,North America,Business-focused 4thgeneration throughput,Sports,1,0.1,313.73
c78cd2c3-6374-4d14-a9b6-7b14354e15ec,2025-05-29 12:59:29.000000,Sandra Zimmerman,hthompson@example.net,Asia,Robust secondary infrastructure,Toys,3,0.2,483.14
f455af73-c0a7-4d9c-a5ac-cd5a48f18eed,2025-12-11 00:25:27.000000,Monica Herrera,smiller@example.net,Europe,,,5,0.2,0.0
7da80631-4c6d-4ddd-9edf-c59e27755e9d,2026-04-04 05:22:34.000000,Jennifer Harris DDS,jwhite@example.net,Middle East,Advanced context-sensitive instruction set,Toys,5,0.1,1312.83
ebf484d0-ce6d-49bf-bc63-3d6c6eaf0a90,2025-03-18 20:29:21.000000,Kimberly May,timothy64@example.com,Asia,Innovative eco-centric open architecture,Toys,8,0.1,1681.76
219c00cb-9a7f-4e23-af59-aa66e75b2113,2025-04-25 20:51:07.000000,Elijah White,oallen@example.com,Latin America,Advanced context-sensitive instruction set,Toys,9,0.2,2037.15
5e11a680-d501-4ada-989a-c35daa5f89ca,2025-08-23 04:19:50.000000,Katrina Burns,thomas05@example.com,North America,Operative responsive pricing structure,Sports,2,0.0,81.0
e2aa6dc7-7208-438e-bd57-ef69332ac35a,2025-05-18 10:17:42.000000,Amber Glass,zunderwood@example.com,Asia,Re-contextualized actuating infrastructure,Clothing,9,0.2,2729.38
99afee64-9024-4225-84bb-10e079f7f38c,2025-06-14 14:23:21.000000,Rachel Leon,troyrodriguez@example.com,Asia,User-centric coherent leverage,Sports,5,0.2,1331.54
cf9d539c-6c2b-4781-81a9-5ee21718cfde,2025-05-03 00:11:56.000000,Craig Hall,victorpena@example.net,Latin America,Decentralized tangible model,Clothing,1,0.3,283.64
a174a785-6f21-40cb-afb5-04019d267076,2025-06-16 21:18:58.000000,Allison Weaver,tapiaaaron@example.net,Europe,Devolved responsive model,Sports,1,0.1,285.38
577c9717-836a-4887-8a5a-269817cb67b8,2025-07-16 00:30:42.000000,Kara Wilson,qruiz@example.com,Latin America,Robust secondary infrastructure,Toys,5,0.1,923.08
afad328e-a5c9-4f20-b967-26aaad2b2c82,2026-01-26 06:54:41.000000,Rachel Shields,carterpaul@example.org,Latin America,Cross-platform asymmetric leverage,Electronics,4,0.3,585.46
86fbbcdb-7ecd-4062-ae40-3b9f27b2a5c1,2025-11-21 23:37:23.000000,Denise Cruz,pmarsh@example.org,North America,Open-architected asynchronous artificial intelligence,Other,7,0.2,1124.48
4a6b836b-157f-408b-8651-4886a5b09024,2025-07-19 16:01:11.000000,Kyle Smith,nsmith@example.org,North America,Fundamental contextually-based neural-net,Electronics,1,0.2,186.56
cd320878-e83e-43a0-9445-587e6ff6881f,2025-07-26 23:06:11.000000,Brandon Gregory,johnathan92@example.com,Middle East,Front-line next generation Internet solution,Toys,7,0.1,813.74
3fa7c199-d76f-4813-8ce7-94d7e724b119,2025-08-31 06:55:28.000000,Martha Wright,colemichael@example.org,Middle East,Multi-layered high-level initiative,Electronics,6,0.2,2093.83
0c37eb80-918b-4e18-8ba4-af256d7fd4e2,2025-09-21 23:03:38.000000,Connie Brown,tblankenship@example.net,North America,Reverse-engineered multi-state knowledge user,Home & Garden,9,0.2,2764.37
836f224b-0b8b-46f7-aad4-4e111397a29f,2024-10-12 14:11:27.000000,David Morris,oscar85@example.com,Latin America,Organic zero-defect hierarchy,Electronics,6,0.2,2406.69
18302082-69bb-43c4-acc7-21f082ba0fed,2025-07-16 21:36:24.000000,Lauren Bender,icraig@example.com,Latin America,Multi-lateral contextually-based methodology,Sports,9,0.0,2156.31
d0154898-9187-49a0-b866-3c7ca92dcf4f,2025-02-02 19:08:01.000000,David Alvarez,gibsonolivia@example.net,Middle East,Exclusive object-oriented orchestration,Other,3,0.2,334.85
bd9277a4-1d2a-4042-842a-2f6480e1be4d,2025-12-16 20:29:44.000000,Stephanie Atkinson,hessbeth@example.net,Europe,Up-sized foreground toolset,Toys,2,0.1,407.53
2ea5312a-c942-46e8-adf7-21e0767f3c15,2026-05-06 16:45:35.000000,Tracy Torres,pwilson@example.net,North America,Expanded composite infrastructure,Home & Garden,5,0.1,972.66
6a8f7654-1552-47c7-8b96-13466498da39,2026-06-01 23:41:10.000000,Dawn Wilson,yorksarah@example.net,Asia,Up-sized foreground toolset,Toys,6,0.1,1209.43
965349ee-505e-49d6-8c32-a0a2b4522738,2026-02-03 09:53:06.000000,Lisa Cox,paul59@example.org,Europe,Decentralized grid-enabled service-desk,Electronics,2,0.1,618.51
732fc932-ab96-4697-81e1-f813747ac231,2025-11-17 12:27:01.000000,Melanie Flores,cruzamber@example.com,Middle East,,,10,0.2,0.0
f77aefe1-5761-4099-83db-ea42cece36ae,2026-07-04 02:37:43.000000,Jeffrey Chavez,parkerjudith@example.net,Latin America,Decentralized tangible model,Clothing,8,0.3,2366.37
360893b2-2feb-4c33-8f5c-8dd3df107434,2024-12-11 18:03:39.000000,Thomas Cohen,rachel90@example.org,Latin America,Cross-platform fresh-thinking hierarchy,Toys,7,0.2,2507.23
9aa33580-fb70-4dd7-bf3d-5023140642a8,2025-02-07 09:48:49.000000,Dwayne Klein,sandra47@example.org,Europe,Synergized zero-defect conglomeration,Clothing,3,0.0,978.34
6f0d7229-1b38-4c72-ac64-8459df22367d,2025-09-09 01:16:21.000000,Joseph Knight,georgemiller@example.com,Middle East,Up-sized foreground toolset,Toys,7,0.3,1073.59
1ddea07d-651a-4277-817f-319f04961795,2024-07-31 07:47:51.000000,Holly Stewart,ujackson@example.org,North America,Decentralized grid-enabled service-desk,Electronics,3,0.1,981.71
75cd3e5c-7a24-4720-a7e2-92992bf6d915,2026-01-09 07:59:05.000000,Kristy Hernandez,millermaurice@example.net,North America,Expanded intangible standardization,Clothing,2,0.2,139.91
f73eeb07-a860-45bf-9e68-666d67b41520,2026-02-19 01:32:54.000000,David Moon,joseph19@example.com,Middle East,Expanded intangible standardization,Clothing,6,0.2,399.98
4d844cb6-7c99-486e-b9d5-546c9a154b85,2025-11-13 09:26:45.000000,Kevin Pacheco,blakeerik@example.com,Asia,Function-based grid-enabled adapter,Clothing,5,0.1,679.62
5c58b8ba-9de2-4d3f-b952-f1e8d029733c,2026-01-08 10:39:36.000000,Donald Juarez,barbaramoore@example.org,Asia,Multi-lateral contextually-based methodology,Sports,10,0.2,1941.94
acd380ef-b0b7-40ab-b690-72cfac7e5cc6,2025-05-23 19:03:50.000000,Luke Estrada,bhopkins@example.org,Middle East,Cross-platform asymmetric leverage,Electronics,2,0.0,384.96
2005dd7e-166f-419a-8d7a-e829cdfcef75,2024-11-02 22:29:18.000000,Amy Wilson,erik84@example.net,North America,,,7,0.1,0.0
d0e34b2b-1ca6-4c33-b0d8-67cd038d5f5a,2024-08-02 07:54:15.000000,Shannon Olson,carlos33@example.com,Latin America,Exclusive object-oriented orchestration,Other,7,0.0,1001.7
dbe83664-302f-420e-b874-05cab22f2e91,2024-08-10 19:39:19.000000,Kimberly Mclean,ystephens@example.com,Asia,Multi-layered high-level initiative,Electronics,6,0.3,1905.92
2528d32d-a60c-4bed-bb2a-7f1035901039,2025-12-07 15:48:36.000000,Manuel Mccullough,todd59@example.net,Latin America,Devolved responsive model,Sports,9,0.1,2624.29
a0456992-d793-40f1-af8f-d55c3de54ee2,2026-05-18 13:35:27.000000,Kevin Drake,robin05@example.net,Europe,Re-engineered clear-thinking application,Clothing,4,0.1,1238.02
160a3a13-30df-450c-89e0-8b89ca3e3238,2025-03-11 17:17:51.000000,Margaret Montgomery,haynescharles@example.net,Middle East,Innovative eco-centric open architecture,Toys,5,0.0,1096.8
7957595f-25ee-4f0f-b6a3-0eb0c50c71f4,2025-06-13 16:10:50.000000,Christopher Ferrell,tjimenez@example.com,Europe,Horizontal heuristic Graphic Interface,Electronics,10,0.1,707.98
e704b115-2a85-43b1-9dd0-3ecd0595c9a3,2024-11-16 09:08:18.000000,Steve Newton,josephjacobs@example.net,Europe,Profit-focused grid-enabled infrastructure,Toys,5,0.3,627.12
f6bffaa9-71fc-42e6-b3dd-7820bd20c36a,2025-08-01 17:42:37.000000,Colin Golden,johnsondonna@example.net,North America,User-friendly tangible synergy,Clothing,9,0.2,1839.1
73137fa5-dc1b-4eb1-8506-536c78b3842a,2025-10-18 13:11:25.000000,Eric Sanders,wking@example.net,Latin America,Multi-lateral high-level open architecture,Toys,3,0.1,667.98
91c631cf-4b7a-423e-b38a-ea2d3e1cfa14,2026-04-26 05:51:53.000000,Kimberly Lutz,jvaldez@example.com,Asia,Streamlined national conglomeration,Home & Garden,6,0.2,2067.91
b68d4037-d8fe-4fb8-a162-8abf1a482803,2025-06-21 08:53:33.000000,Chase Knight,buckleyanna@example.org,Latin America,Fundamental contextually-based neural-net,Electronics,4,0.2,727.58
7ee667de-d93e-4a4d-aa6a-642bfabfa7ef,2026-02-13 11:55:03.000000,Mark Copeland,martinezmia@example.com,North America,Horizontal heuristic Graphic Interface,Electronics,3,0.0,224.06
8de6e6b3-bb27-46bc-9888-f0d99423251e,2025-03-03 20:12:43.000000,Kara Wilson,qruiz@example.com,Latin America,Robust secondary infrastructure,Toys,1,0.1,174.8
7c711cc8-6651-43fa-bccc-92580979f5d3,2025-08-23 17:25:34.000000,Allison Weaver,tapiaaaron@example.net,Europe,Front-line next generation Internet solution,Toys,9,0.2,963.01
ef6e9295-9c8a-4485-b980-50a6974e598d,2025-12-30 03:04:07.000000,Michele Smith,lmiller@example.org,Latin America,Synergized zero-defect conglomeration,Clothing,2,0.2,543.52
7ce71cca-de1d-4653-9112-8bb8e7b2df91,2025-01-17 02:49:08.000000,Jennifer Robinson,williamdavis@example.org,Latin America,Synergized zero-defect conglomeration,Clothing,2,0.1,591.08
10423a8e-8da2-4a39-90db-8e34938f2b90,2025-02-14 00:50:48.000000,Trevor Jones,pamelamartin@example.org,Middle East,Front-line encompassing leverage,Toys,4,0.2,332.75
e39eb7c2-6ac9-4528-a5f7-01fee493998a,2025-07-23 15:26:28.000000,Jack Mora,sarahmathews@example.net,Middle East,Re-engineered clear-thinking application,Clothing,5,0.1,1447.68
f05ff9c3-9f69-4cde-beaa-7a911defd401,2025-12-04 21:26:48.000000,David Charles,danderson@example.net,Middle East,Organic zero-defect hierarchy,Electronics,9,0.1,3907.33
6facc50d-b290-4e73-b2c5-73e958c58875,2024-08-06 03:39:04.000000,Melissa Abbott,jamie98@example.org,Europe,Down-sized contextually-based adapter,Sports,3,0.1,714.36
31341ab8-b9e8-4781-89bb-1313294d25fc,2025-07-20 11:03:27.000000,Stephanie Atkinson,hessbeth@example.net,Europe,Synergistic demand-driven implementation,Clothing,9,0.2,3454.54
81f46dfd-3b6b-4c0d-b028-05af580661f1,2025-01-07 15:19:49.000000,Garrett Gibson,kathleen64@example.com,Europe,User-centric coherent leverage,Sports,2,0.2,512.39
56d2bb12-af5a-4636-a8b8-d2529670cd19,2026-07-06 22:10:43.000000,Juan Brown,warnerchristopher@example.com,Europe,Multi-layered high-level initiative,Electronics,10,0.1,4205.56
b7174acf-d7ab-4d02-9a7b-f28b9a233be3,2025-12-13 06:22:09.000000,Cindy Barnes,eric45@example.net,Asia,Profound mobile time-frame,Clothing,4,0.1,703.81
4b1bdf3b-e217-46df-a193-9b9377ed78d9,2026-02-02 13:23:08.000000,Edwin David,kellie37@example.com,Asia,User-centric coherent leverage,Sports,3,0.0,1001.19
6ab76840-f5b5-4c71-a3ef-5e69b61d56f5,2026-04-29 01:31:57.000000,Juan Brown,warnerchristopher@example.com,Europe,Organized contextually-based orchestration,Electronics,8,0.1,2818.08
bc0dbd13-a70a-409d-ac50-c260f0f24933,2025-04-26 19:25:56.000000,Brandon Hall,hoffmanjennifer@example.net,North America,Re-engineered clear-thinking application,Clothing,2,0.3,485.89
f88fa199-ccbc-4f4b-b8ea-47e2cbc4dd42,2026-05-07 22:59:10.000000,Karen Romero,heatherthompson@example.org,Asia,Down-sized scalable workforce,Home & Garden,8,0.0,2118.91
484f1db9-350b-4f51-9f31-0fff297a8503,2026-01-08 11:19:02.000000,Maurice Gray,christinaturner@example.net,North America,Business-focused 4thgeneration throughput,Sports,9,0.0,3217.54
7b9ea9eb-aac4-463f-9610-ac0abfcf214e,2024-10-29 06:18:58.000000,Michael Harris,maryscott@example.net,Asia,Synergistic demand-driven implementation,Clothing,5,0.2,1993.0
9b125dfb-2804-435a-b311-65e02c5cce54,2025-08-07 06:47:20.000000,Colin Golden,johnsondonna@example.net,North America,User-centric coherent leverage,Sports,5,0.1,1449.53
f16c084e-6a7d-4379-8b21-aa8019d4d39a,2025-08-08 11:29:04.000000,David Charles,danderson@example.net,Middle East,Expanded intangible standardization,Clothing,1,0.3,60.9
8e8c71d8-359d-45ae-bc16-89c24dbc217c,2024-08-26 12:50:42.000000,Curtis Taylor,jjohnson@example.net,Asia,Reverse-engineered multi-state knowledge user,Home & Garden,6,0.1,1979.42
e1831003-5bd9-42c7-84a4-34e7ffcf956e,2025-02-08 13:35:44.000000,James Elliott,millerroy@example.com,North America,Synergistic demand-driven implementation,Clothing,1,0.0,492.1
2cba1bc6-289a-4e38-ad4b-24ec5b673a25,2026-04-25 01:51:50.000000,Gina Beard,angela83@example.org,Asia,Organic zero-defect hierarchy,Electronics,3,0.1,1274.13
082f2fb9-80e3-4e4f-a4fb-2a3bdc05ae03,2026-04-08 15:54:49.000000,Holly Stewart,ujackson@example.org,North America,Function-based grid-enabled adapter,Clothing,10,0.1,1330.32
1d2d1771-6e3d-4494-9675-c8f3104c6350,2025-11-12 15:59:21.000000,Tammie Prince,morganlaura@example.com,Middle East,Intuitive system-worthy access,Clothing,6,0.2,100.32
395e54f0-8fde-442a-9ee5-69303a085f6a,2025-08-02 18:17:17.000000,Breanna Jones,ymorgan@example.net,Europe,Cross-platform fresh-thinking hierarchy,Toys,7,0.1,2626.62
c8ee46bf-571f-4cdb-be60-afde4200a1aa,2025-04-22 21:57:13.000000,Colin Golden,johnsondonna@example.net,North America,Multi-tiered dedicated circuit,Electronics,7,0.2,1292.36
e0b1d762-c524-4047-8bf2-fb51c4f5b03e,2025-09-26 15:25:52.000000,Kathleen Garcia,ugill@example.org,Europe,,,3,0.0,0.0
ab636d66-9ab2-4735-83f0-6e7ddfaa8505,2024-10-09 21:07:47.000000,Lauren Bender,icraig@example.com,Latin America,Multi-lateral contextually-based methodology,Sports,2,0.1,443.87
f23e9a06-ed37-42ce-8ce8-7570b4d6f3e6,2025-06-26 01:27:47.000000,Jessica Forbes DVM,erik41@example.net,Middle East,Exclusive object-oriented orchestration,Other,10,0.2,1144.8
d772e63e-f670-4a62-b506-d74ccc8a6796,2026-02-28 00:15:01.000000,John Kennedy,yarnold@example.org,Asia,Mandatory discrete functionalities,Toys,7,0.2,2552.7
c81a5f0f-1b1b-4a94-b983-4d4b1c65f6bd,2025-11-07 05:40:44.000000,Tiffany Townsend,matthewsalexander@example.org,Asia,Optimized mission-critical moratorium,Home & Garden,3,0.1,677.51
f287b989-dbbf-46ed-883b-64679c1267d2,2024-10-08 02:44:23.000000,Jennifer Kirby,carloshernandez@example.org,North America,Cross-platform fresh-thinking hierarchy,Toys,7,0.1,2596.78
81dec9db-0abe-4257-8ffe-38c9d2d81eb3,2024-10-10 20:47:13.000000,Lisa Archer,contrerasangela@example.net,Europe,Front-line next generation Internet solution,Toys,6,0.0,792.6
def14d58-1e39-4331-a142-d68f2ac38bd3,2024-12-27 12:27:31.000000,Jaime Lang,stucker@example.net,Latin America,Reverse-engineered multi-state knowledge user,Home & Garden,9,0.2,2627.86
ba751921-2833-48ea-9c94-563ae9365d1b,2025-03-04 21:20:56.000000,Derek Hodge,taylorkaren@example.com,Latin America,User-friendly tangible synergy,Clothing,10,0.1,2317.56
818270d2-c310-4e2e-b107-514fb54a31ba,2025-08-12 02:27:48.000000,Angie Hill,zgomez@example.com,Europe,Organic zero-defect hierarchy,Electronics,6,0.2,2378.38
277fecc6-196b-48f1-9ed8-9c47bb88854e,2025-12-05 14:28:09.000000,Kristina Preston,jeffrey92@example.com,Asia,Down-sized contextually-based adapter,Sports,10,0.0,2654.89
23450e72-d1b4-4562-95a8-d6a15d1ddcb7,2024-10-24 12:21:35.000000,Matthew Lamb,steinmaria@example.com,Middle East,User-friendly tangible synergy,Clothing,4,0.1,857.25
f83a1bce-7069-4977-b3af-15bed93d8722,2025-06-08 21:55:14.000000,Amber Glass,zunderwood@example.com,Asia,Reverse-engineered multi-state knowledge user,Home & Garden,7,0.0,2548.22
3ecd0888-01af-4939-84df-5b8dc4eb8e5d,2026-04-30 09:49:51.000000,Ronald Brandt,amy51@example.org,North America,Horizontal maximized product,Electronics,10,0.0,2090.34
4968fdf2-5760-4094-b942-000acf242413,2025-08-17 06:05:16.000000,Stephanie Meyer,stephen19@example.org,Asia,Multi-lateral contextually-based methodology,Sports,9,0.2,1702.35
5f57fd27-4419-49b6-95d1-e2f82bd7d038,2026-08-20 11:18:07.961183,Amy Manning,christinenorman@example.com,North America,Streamlined national conglomeration,Home & Garden,3,0.0,1315.94
a1230193-5c53-4042-aa3e-0103c13d8929,2025-12-19 12:11:31.000000,Joseph Hill,andre62@example.org,North America,Devolved responsive model,Sports,4,0.1,1116.72
c0e5d883-c0d2-401b-a6cf-fe043ed5e52e,2025-09-05 09:10:43.000000,Kevin Warren,vharrell@example.com,Middle East,Synergized zero-defect conglomeration,Clothing,9,0.1,2843.29
235398a6-3a6a-42d9-8986-f8936bf5fc98,2026-04-04 17:50:00.000000,Stephanie Meyer,stephen19@example.org,Asia,Team-oriented cohesive approach,Sports,7,0.2,1210.12
68c87ed8-eb03-4cda-a9d5-33176dc75587,2026-06-18 12:55:54.000000,Ashley Brennan,dwalker@example.com,Asia,Decentralized grid-enabled service-desk,Electronics,8,0.2,2186.37
8422c0cf-da36-433a-b3ab-d2467570d730,2026-03-30 04:20:11.000000,Amy Shannon,ajohnson@example.org,North America,Intuitive system-worthy access,Clothing,8,0.1,153.12
079e8b0b-f198-462e-9c9d-3eadaea491fc,2025-06-29 18:02:48.000000,Garrett Gibson,kathleen64@example.com,Europe,Streamlined national conglomeration,Home & Garden,1,0.0,434.17
b7b651ee-028b-4fb6-8528-ac362545034c,2026-04-08 05:18:46.000000,Dwayne Klein,sandra47@example.org,Europe,Profit-focused grid-enabled infrastructure,Toys,9,0.2,1316.95
15b4066e-11d0-42a7-b192-93c98470f6c8,2025-04-09 18:13:07.000000,Randall Greene,jennifer11@example.net,Europe,Intuitive system-worthy access,Clothing,10,0.3,156.2
c5ba36af-fb60-4e1c-a6d2-975250970843,2024-11-25 15:00:57.000000,Kevin Snyder,jessicapayne@example.org,Middle East,Advanced context-sensitive instruction set,Toys,9,0.2,2254.45
c25a6eb3-64ad-4905-8fbc-63776f1f5c6a,2024-08-18 19:15:33.000000,William Johnson,jbond@example.net,Asia,Organic zero-defect hierarchy,Electronics,8,0.3,2680.39
26a4cbef-a437-499c-ac2a-322ba9014e33,2026-06-21 23:48:31.000000,Jason Andrews,teresaday@example.com,Middle East,Synergized zero-defect conglomeration,Clothing,4,0.2,1019.1
a1b1087e-fa4c-4559-8ecc-9ff593162f53,2026-01-26 01:57:12.000000,Alan Kramer,john19@example.net,Middle East,Horizontal maximized product,Electronics,10,0.2,1749.06
851031c0-e035-4d75-a90d-75adcc8fe6ce,2025-03-07 16:29:05.000000,Kristy Hernandez,millermaurice@example.net,North America,Organic zero-defect hierarchy,Electronics,6,0.2,2236.81
ae4d8a19-e2c2-4a24-a6e9-a80e6b579789,2026-01-16 07:27:42.000000,Don Tucker MD,dramsey@example.org,Asia,Synergistic demand-driven implementation,Clothing,4,0.0,1968.4
b8b791b0-4de8-4d1e-9fa0-bc178db969af,2026-02-17 20:40:00.000000,Susan Wilson,jane39@example.com,Europe,,,5,0.2,0.0
0205e16a-581a-426c-a8c3-5a79504e54ac,2026-04-24 08:14:44.000000,Patricia Baker,katiebutler@example.net,North America,Down-sized contextually-based adapter,Sports,2,0.0,541.93
72397201-6768-4c42-b346-89992598bc54,2025-12-03 02:33:46.000000,Denise Colon,hreid@example.net,Middle East,User-friendly tangible synergy,Clothing,7,0.0,1692.07
9fd60922-8b5f-44aa-a338-6d523483a23b,2026-03-25 07:32:02.000000,Vanessa Hatfield,david96@example.com,Europe,Multi-layered high-level initiative,Electronics,4,0.0,1718.02
b28d7506-7130-4648-a6eb-e7029e418884,2025-04-15 03:43:11.000000,Amy Manning,christinenorman@example.com,North America,Function-based methodical product,Clothing,4,0.1,1449.96
a614f06a-c814-44cd-8fd4-2949e33ea976,2025-05-31 04:18:53.000000,Gail Barron,matthewvalenzuela@example.com,Europe,Multi-layered high-level initiative,Electronics,6,0.0,2603.87
4d3129b3-e187-4e93-b281-f976c680a2e5,2024-09-24 10:53:32.000000,Justin Nelson,gilbertbrenda@example.org,Middle East,Profit-focused grid-enabled infrastructure,Toys,10,0.0,1672.32
63d69dd8-55a1-4414-8995-3dd10976e09f,2026-02-04 04:36:03.000000,Manuel Mccullough,todd59@example.net,Latin America,Function-based grid-enabled adapter,Clothing,8,0.2,925.44
2041e7ed-e13f-4740-bd74-0fe0b8088e14,2025-08-29 06:02:25.000000,Angie Hill,zgomez@example.com,Europe,Horizontal heuristic Graphic Interface,Electronics,3,0.3,165.71
36b74e27-48af-4f10-8a71-3a73fdeebaa1,2024-10-01 02:03:50.000000,Kevin Pacheco,blakeerik@example.com,Asia,Profound mobile time-frame,Clothing,1,0.2,164.09
85764472-4fef-463f-8d41-d66082fce908,2025-04-11 15:03:20.000000,Paul Finley,brandi90@example.com,North America,Operative responsive pricing structure,Sports,8,0.3,233.28
05fef7bc-28f7-4d49-a2bc-491ec1cdc9a4,2024-08-11 15:42:43.000000,James Chapman,cameronwilliams@example.com,Middle East,Expanded intangible standardization,Clothing,10,0.0,781.85
97ae50f0-8a39-468b-8bed-e473e3ebf7c1,2025-02-06 22:06:59.000000,Mr. Martin Hernandez,smithsarah@example.net,Europe,Fundamental contextually-based neural-net,Electronics,2,0.1,410.43
4dcf2615-c62f-4461-950c-f57e3dc8719c,2026-02-05 06:53:45.000000,Justin Bishop,scottbowen@example.net,Middle East,Open-architected asynchronous artificial intelligence,Other,6,0.2,1024.08
1c45eba3-8159-4ce5-bca9-10286c3912ef,2026-02-09 12:59:35.000000,Christopher Ferrell,tjimenez@example.com,Europe,,,10,0.3,0.0
427f6635-5f7b-4b00-9772-03300f589a93,2025-11-19 23:42:50.000000,Margaret Alvarez,william28@example.org,Asia,Cross-platform uniform flexibility,Toys,5,0.1,1045.44
0c3838a5-1fb2-45c4-9abe-c3fa81eb7abb,2026-02-28 15:04:53.000000,Zachary White,manuel15@example.net,Asia,User-centric coherent leverage,Sports,8,0.2,2049.57
72e06bb4-1fef-4a77-b0fb-db65a6a5790a,2025-03-09 10:10:46.000000,Gina Beard,angela83@example.org,Asia,,,10,0.2,0.0
740173c1-0155-4a51-bca2-c581928b1e4b,2025-04-10 06:49:57.000000,Debra Ortiz,hancocktammy@example.net,Middle East,Horizontal heuristic Graphic Interface,Electronics,5,0.2,291.75
f0029577-e4f3-44d5-b6f3-1d0290cafac3,2025-11-20 13:47:05.000000,Joseph Knight,georgemiller@example.com,Middle East,Organized contextually-based orchestration,Electronics,10,0.2,3092.06
9875e4da-d830-4ffe-8885-9ae5aa5f8dfc,2025-01-18 14:50:10.000000,William Oconnor,fconner@example.net,Europe,Innovative eco-centric open architecture,Toys,3,0.3,486.7
aabb6cac-48d7-4165-8c98-7a1b59afb1d1,2026-03-22 13:18:50.000000,Lauren Moore,shannonedwards@example.org,North America,Expanded intangible standardization,Clothing,9,0.2,622.19
ac249f30-92a0-4677-b700-b3c5d0a90840,2024-11-06 17:02:22.000000,Kevin Snyder,jessicapayne@example.org,Middle East,Devolved responsive model,Sports,2,0.2,477.71
bccd9b8c-8508-4f91-a0ae-b372b6dfb4a6,2025-01-29 08:00:06.000000,Charles Edwards MD,glennstephanie@example.com,North America,Exclusive object-oriented orchestration,Other,10,0.2,1187.73
95162359-8436-4fc7-93ed-c74f1af026df,2024-12-17 13:16:19.000000,Kathleen Andrade,rbrown@example.com,Middle East,Upgradable disintermediate protocol,Toys,7,0.2,2250.64
744da236-5c7c-4778-874f-054fd2a5d216,2024-10-05 02:24:27.000000,Holly Stewart,ujackson@example.org,North America,Organized attitude-oriented implementation,Clothing,5,0.3,1317.94
d4147d03-6cfa-48cf-b62e-110a25848385,2025-06-06 01:00:20.000000,Casey Gillespie,lfrench@example.net,Latin America,Re-engineered clear-thinking application,Clothing,9,0.0,2905.34
6cc56071-0feb-4cad-979d-9ae314fa7d50,2026-06-11 02:47:44.000000,Dylan Cruz,kwright@example.com,Middle East,Front-line encompassing leverage,Toys,1,0.2,84.24
7237cf5b-36fc-4c46-b9eb-b8bb214bd473,2024-09-19 15:09:44.000000,Joseph Knight,georgemiller@example.com,Middle East,Multi-tiered dedicated circuit,Electronics,3,0.3,490.77
671adde5-86b8-4fef-ad44-3c485e8a10da,2025-10-20 21:21:36.000000,Tamara Richard,brian29@example.net,North America,Front-line next generation Internet solution,Toys,1,0.2,99.07
651076d6-c761-4e83-84d9-94518f188e72,2026-05-29 07:18:57.000000,Nicholas Rush,xrosales@example.net,Asia,User-centric coherent leverage,Sports,4,0.2,1038.27
a2ef1e21-7fb3-4568-9594-eea843816e47,2025-06-14 20:56:37.000000,Vanessa Patel,davidalvarez@example.net,Middle East,Innovative eco-centric open architecture,Toys,8,0.0,1773.16
ee585967-b063-496a-b0a9-1477ff1b654d,2025-08-05 05:29:19.000000,Jaime Lang,stucker@example.net,Latin America,Reverse-engineered multi-state knowledge user,Home & Garden,9,0.3,2525.47
d2e55512-6abb-4c41-b928-62a9bb51cd74,2024-11-24 11:23:28.000000,Denise Colon,hreid@example.net,Middle East,Robust secondary infrastructure,Toys,9,0.1,1555.49
7c198515-208b-426a-817b-2f2124f3df14,2026-01-24 08:35:21.000000,Elizabeth Wright,millereric@example.net,Europe,Down-sized contextually-based adapter,Sports,5,0.2,1081.12
b45bbad3-f7d0-4ea0-a11f-632b752caa97,2025-08-23 14:15:09.000000,Tracy House,gabrieltucker@example.org,Latin America,Team-oriented cohesive approach,Sports,7,0.1,1419.88
b1c8d50a-1e39-4f21-8775-cabfdcff5f1e,2025-01-02 03:43:34.000000,Amber Rodriguez,williamsdarrell@example.com,Europe,Reverse-engineered multi-state knowledge user,Home & Garden,6,0.3,1615.39
bf1a61d7-0858-4527-b92d-d4997497375c,2024-11-19 19:29:08.000000,Kim Brown,yorkcasey@example.org,North America,Re-engineered clear-thinking application,Clothing,5,0.1,1564.16
ebf45b9d-5e8c-4bbf-8f1c-5f8cf1ae8af9,2024-10-21 05:44:30.000000,Jaime Lang,stucker@example.net,Latin America,Business-focused 4thgeneration throughput,Sports,8,0.2,2188.8
1c3efda4-689b-4fb2-9a31-7fd79a0278a6,2024-10-22 20:53:43.000000,Warren Schultz,mary49@example.net,Asia,,,6,0.2,0.0
0a4fee3b-4a22-4ba5-925f-2cc65e9d2f8a,2025-08-31 01:03:39.000000,Eric Patrick,johnsonmatthew@example.org,Asia,Expanded composite infrastructure,Home & Garden,10,0.1,2101.84
07298d47-7c65-4dc9-8b42-5bba4da273ed,2026-03-27 12:53:16.000000,Tamara Richard,brian29@example.net,North America,Decentralized tangible model,Clothing,3,0.3,863.08
96f19d54-c8a6-4005-a463-463c249316b4,2025-06-13 13:54:06.000000,Melinda Compton,dennismccann@example.com,North America,Horizontal heuristic Graphic Interface,Electronics,2,0.1,138.48
4e1f39be-e4ed-4295-afd3-7a6d0c746518,2026-06-11 13:00:34.000000,Rachel Bradley,gregorychase@example.com,Latin America,Multi-tiered dedicated circuit,Electronics,9,0.1,1935.04
d1b22e3c-2ede-4487-b730-58be48924bd6,2026-02-15 12:02:59.000000,Joshua Holland,margaret10@example.org,Asia,Operative responsive pricing structure,Sports,5,0.0,202.5
8c2b678e-1f50-41aa-8088-b13a7d2194cb,2025-04-17 19:04:09.000000,Elijah White,oallen@example.com,Latin America,Upgradable disintermediate protocol,Toys,3,0.0,1193.64
6ae63480-0b70-4f97-9ed4-4617114be8ca,2025-07-29 17:33:38.000000,Brian Harris,mserrano@example.org,Middle East,Devolved responsive model,Sports,1,0.0,304.0
73cecf7c-90d5-487e-8f48-9f4592b4002c,2026-06-20 06:21:12.000000,Patricia Banks,cwood@example.net,Europe,,,10,0.2,0.0
79a8832f-6097-4a15-8806-82d3567b9583,2026-04-30 03:14:36.000000,Trevor Peterson,ilee@example.org,Middle East,Streamlined national conglomeration,Home & Garden,10,0.2,3715.08
21ffcf72-9b0f-4aa7-956c-478fb8541d6a,2026-03-04 19:34:56.000000,Andrew Diaz,nolanjason@example.org,Latin America,Upgradable disintermediate protocol,Toys,6,0.2,2025.58
75ffe99a-a2ef-4f53-8138-34472376324f,2026-03-04 14:30:12.000000,Angie Hill,zgomez@example.com,Europe,Expanded intangible standardization,Clothing,9,0.0,725.89
2623b91a-72f6-4fe1-aace-fa98732e9280,2026-05-24 21:38:00.000000,Sarah Rhodes,patrick21@example.net,Europe,Multi-lateral contextually-based methodology,Sports,7,0.2,1482.94
ccc07446-16dd-48af-9341-5fe2ba554e35,2025-11-18 06:20:48.000000,Jeremy Barnes,avaughn@example.net,North America,Intuitive system-worthy access,Clothing,6,0.1,122.76
6321d753-68dd-46fd-9fa3-8f4baa1cd2d8,2025-01-17 19:54:13.000000,Richard Walter,alyssa42@example.com,Europe,Organic zero-defect hierarchy,Electronics,6,0.1,2548.26
8a7e9cce-56c8-40a5-a538-bf11e6766b0a,2024-08-25 13:55:23.000000,Lisa Cox,paul59@example.org,Europe,Organized contextually-based orchestration,Electronics,10,0.2,3287.76
716ec0b6-e3d9-4e7f-aba2-3511f544b28c,2026-02-12 14:11:26.000000,Charles Edwards MD,glennstephanie@example.com,North America,Cross-platform asymmetric leverage,Electronics,1,0.0,194.48
ddaf2233-16a9-4518-a55a-c92f47020de0,2024-11-26 15:03:54.000000,William Gould,lambertrichard@example.net,Middle East,Function-based grid-enabled adapter,Clothing,4,0.3,422.23
a14ed649-926e-402e-8659-8f83b50b9ff8,2026-03-31 09:15:26.000000,Jennifer Mitchell,zhenderson@example.org,Latin America,Mandatory discrete functionalities,Toys,4,0.3,1345.02
8fa09a4c-4f10-4ae3-b518-174fc5874243,2025-12-04 02:25:48.000000,Tamara Richard,brian29@example.net,North America,Devolved responsive model,Sports,7,0.3,1585.12
15cc861a-8f31-4f2e-a4d7-8f641fb026cc,2024-12-17 10:52:34.000000,Laura Schroeder MD,melissahopkins@example.net,Asia,Cross-platform fresh-thinking hierarchy,Toys,7,0.1,2746.02
93acceb8-8ab5-4799-9e63-638cf485e944,2026-03-01 10:45:08.000000,Michael Harris,maryscott@example.net,Asia,User-centric coherent leverage,Sports,1,0.3,246.08
8591a818-91fb-4925-b511-24380d892ced,2024-12-15 02:22:36.000000,Dr. Alicia Powell,hawkinsaaron@example.org,Asia,Business-focused 4thgeneration throughput,Sports,6,0.2,1860.48
e598e5c2-80ac-4fb5-b9d0-5e2bc0249b51,2024-08-04 11:42:19.000000,Joanne Perez,rreynolds@example.net,North America,Function-based grid-enabled adapter,Clothing,8,0.0,1145.23
8827f0b5-efa9-4c7e-a883-5c661ecae0c0,2024-12-07 14:26:30.000000,Casey Obrien,michele28@example.org,Middle East,Robust secondary infrastructure,Toys,4,0.1,707.04
c968e8ee-4663-41a1-84db-73f3f65e52fd,2024-12-27 20:15:54.000000,Sarah Rivera,wilsontara@example.org,Asia,Synergistic demand-driven implementation,Clothing,3,0.3,1048.17
d6c34b19-b4a3-4c95-9466-99843ecb1bd6,2026-06-10 10:53:09.000000,Scott White,freemancrystal@example.org,North America,Organized attitude-oriented implementation,Clothing,9,0.0,3205.8
ce926059-15ab-4cd2-b1b9-05c8945d91a5,2025-09-08 09:45:37.000000,Steve Newton,josephjacobs@example.net,Europe,Organized contextually-based orchestration,Electronics,4,0.3,1158.54
96c1b183-66dc-4989-9207-c6cc9b5ad674,2024-08-24 22:20:16.000000,Keith Rodriguez,justin88@example.com,Europe,Synergistic demand-driven implementation,Clothing,4,0.2,1653.46
05f4949b-ef10-46cc-9caa-59947dd12d57,2025-04-11 01:01:53.000000,Trevor Jones,pamelamartin@example.org,Middle East,Expanded composite infrastructure,Home & Garden,7,0.2,1267.81
06289878-6a39-4607-ae35-c5c86fe05fa2,2026-05-19 16:47:23.000000,Brian Simmons,jose86@example.net,Middle East,Decentralized tangible model,Clothing,3,0.0,1203.44
41d6676a-61cb-48c3-913f-f9a9872491ca,2024-09-29 16:36:45.000000,Sara Cardenas,rsheppard@example.com,North America,Up-sized foreground toolset,Toys,1,0.0,212.53
8ab20bf4-196d-4dc0-bad3-43521d59598c,2024-11-28 14:26:12.000000,Kim Brown,yorkcasey@example.org,North America,Expanded intangible standardization,Clothing,5,0.2,341.54
416c0562-2ec3-4411-a4df-6dcc490ccf97,2026-03-09 18:01:10.000000,Robin Trujillo,amanda98@example.org,Europe,,,5,0.1,0.0
f3c1114d-4e8a-40cb-a77b-71ea16f1e5cb,2025-06-02 07:57:53.000000,Steven West,rbennett@example.net,North America,,,7,0.1,0.0
9d4e42f2-0f14-486c-ab50-1ad7adb94a81,2025-03-30 15:38:24.000000,Andrew Stewart,carl95@example.org,North America,Team-oriented cohesive approach,Sports,2,0.2,387.24
0ef9f903-b69a-4eac-86f4-b0ee2e740569,2025-03-09 11:21:29.000000,Joseph Allen,jwoodward@example.net,Middle East,User-friendly tangible synergy,Clothing,10,0.0,2442.16
24784b7d-51ee-4cc8-9947-4d1a63d316c1,2025-06-06 15:21:24.000000,Kirk Thompson,wmatthews@example.com,North America,Operative responsive pricing structure,Sports,1,0.2,32.0
6021a15b-4207-4b51-92ff-eff5e49c5edd,2026-04-24 21:59:59.000000,Andrew Diaz,nolanjason@example.org,Latin America,Innovative eco-centric open architecture,Toys,9,0.0,1994.8
33daefc1-0d47-426d-9ef7-a52ee645bb00,2025-01-23 02:40:39.000000,Jacob Santos,brooksdanielle@example.net,Europe,Reverse-engineered multi-state knowledge user,Home & Garden,5,0.2,1554.72
3c8aae87-9606-406a-98d5-4b7ec08bd631,2025-08-07 21:35:05.000000,Charles Gonzalez,kathleenrios@example.org,Asia,Cross-platform asymmetric leverage,Electronics,8,0.1,1427.56
62928cdc-8121-4051-809c-a132823500f9,2024-10-18 09:03:15.000000,Dr. Alicia Powell,hawkinsaaron@example.org,Asia,Organic zero-defect hierarchy,Electronics,1,0.1,405.83
76feacd6-517e-4f4a-8f85-93c344f00717,2025-09-23 14:42:22.000000,Kimberly Mclean,ystephens@example.com,Asia,,,3,0.2,0.0
0766699f-7bf2-4a06-90c1-de9c683629ce,2025-06-02 12:01:00.000000,Melissa Castillo,aaronpowers@example.org,Asia,Organized attitude-oriented implementation,Clothing,5,0.3,1264.51
960f69fc-f6a6-46ee-8dd7-e05244e7a702,2025-12-27 08:30:36.000000,Michele Williams,kendragalloway@example.org,Europe,Horizontal maximized product,Electronics,9,0.0,1842.91
8e014eb3-c352-4ba4-bf0e-924b19fc8579,2025-12-09 01:34:16.000000,Jeffrey Henderson,dshields@example.net,Middle East,Re-engineered clear-thinking application,Clothing,10,0.2,2728.96
91788bdd-4dfb-4b6e-a025-7194c903cc1d,2025-06-01 22:04:31.000000,Maria Lucas,tammy61@example.org,North America,Horizontal maximized product,Electronics,2,0.1,388.21
a2c3b917-d8a5-4a52-957b-0495722be4aa,2025-08-13 16:31:03.000000,Debra Ortiz,hancocktammy@example.net,Middle East,Expanded composite infrastructure,Home & Garden,6,0.1,1261.1
24722a76-f7c9-4c89-886a-ed733415c076,2026-08-20 11:18:07.961183,David Maynard,katherinetaylor@example.org,North America,Robust secondary infrastructure,Toys,9,0.0,1696.9
c832b3f0-2b0e-43fd-bc3d-31388a5a4272,2025-01-27 09:55:23.000000,Edwin Matthews,cgrimes@example.net,Latin America,,,10,0.2,0.0
f61b2bfd-6c7b-4a77-b3de-6bc2899bef4b,2026-06-28 23:14:16.000000,Sarah Phelps,ofinley@example.net,Europe,Cross-platform fresh-thinking hierarchy,Toys,3,0.2,1023.36
00419afc-0ab2-42ca-b3a5-5d2e8e1e7525,2026-04-13 04:33:31.000000,Krystal Barton,hdunn@example.net,Europe,Synergized zero-defect conglomeration,Clothing,9,0.1,2629.28
9ee827fa-d451-459f-b60b-988176f36fc7,2025-03-02 15:46:57.000000,Matthew Foster,shannonjordan@example.org,North America,Decentralized tangible model,Clothing,5,0.2,1620.8
002394e2-2ad9-4682-b8da-5a79a72edd5f,2024-09-05 17:31:32.000000,Bradley Reynolds,lisa80@example.net,North America,Synergistic demand-driven implementation,Clothing,4,0.2,1535.35
45f72e6c-7b70-4f15-abfb-c97aeefa4d76,2025-10-28 08:50:40.000000,Jennifer Kirby,carloshernandez@example.org,North America,Up-sized foreground toolset,Toys,6,0.0,1262.02
6151bd93-ae14-45f4-96e8-aad3403a423a,2025-04-19 22:41:12.000000,William Johnson,jbond@example.net,Asia,Cross-platform uniform flexibility,Toys,2,0.1,432.43
95ccfda2-3677-4e04-a1d8-507bd7aa0f83,2026-05-04 23:16:16.000000,Gavin Anderson,evan78@example.net,North America,Multi-layered high-level initiative,Electronics,6,0.2,2281.74
29529420-0ba4-432b-8804-044c82a4e22e,2026-02-15 03:09:02.000000,Joseph Romero,myerstheodore@example.net,North America,Mandatory discrete functionalities,Toys,5,0.2,1870.72
4cf6a297-11e7-4656-9026-1d4c88ba135e,2024-09-28 16:11:33.000000,Phillip Obrien,kimberlyjames@example.com,Latin America,Down-sized scalable workforce,Home & Garden,10,0.1,2455.51
d49b862d-1f7b-4b19-b2cc-43726532b3ae,2024-11-06 11:03:05.000000,Thomas Velasquez,sarah60@example.com,Europe,Multi-lateral high-level open architecture,Toys,3,0.0,742.2
478a943a-ffb2-4fe1-8e75-69bcb99e6f7b,2026-06-03 04:05:40.000000,Marilyn Mack,russellbeasley@example.com,Asia,,,7,0.1,0.0
813be64b-9c46-44d3-b5fa-46fe6e951719,2026-04-04 23:11:59.000000,Curtis Taylor,jjohnson@example.net,Asia,Fundamental contextually-based neural-net,Electronics,6,0.3,1035.41
f2064a1c-ae9e-4bbf-a249-5790517c5dec,2025-04-13 02:57:57.000000,Shawn Odom,roberthill@example.net,Europe,Function-based grid-enabled adapter,Clothing,6,0.2,668.05
c0b08dd0-fac9-45b6-82e8-8605a29a7e5f,2026-01-21 17:16:28.000000,Jennifer Kirby,carloshernandez@example.org,North America,Horizontal maximized product,Electronics,2,0.0,405.27
a98afcb0-3ef5-47fe-85e4-307a73e5550d,2025-03-27 19:33:12.000000,Melissa Abbott,jamie98@example.org,Europe,Intuitive system-worthy access,Clothing,5,0.3,81.4
f5808b59-75b5-48d7-b5eb-728f57750d0f,2025-10-29 15:31:36.000000,Peter Vaughn DDS,bwest@example.org,North America,Organized attitude-oriented implementation,Clothing,4,0.1,1310.82
b11cc20e-e9fd-4972-8410-5bd15415c636,2024-11-01 20:36:37.000000,Angela Clark,jason82@example.org,Europe,,,2,0.2,0.0
9bd972ca-0086-4f9e-ac19-1606a57d4eb4,2025-07-26 02:55:31.000000,Manuel Mccullough,todd59@example.net,Latin America,Optimized mission-critical moratorium,Home & Garden,9,0.2,1914.35
ac367cb9-0273-4e68-a6c5-1969011871cf,2024-12-02 18:43:40.000000,Laura Cunningham,april91@example.com,Europe,Operative responsive pricing structure,Sports,10,0.1,356.4
b24d2a35-e530-4b87-8e48-4bc069c50d69,2026-01-18 06:14:17.000000,Jessica Forbes DVM,erik41@example.net,Middle East,Organized contextually-based orchestration,Electronics,1,0.2,324.86
89c2fba5-648d-44c0-8330-ec147d2d93e8,2024-09-22 00:30:17.000000,Jesse Clark,gbailey@example.com,North America,Organized attitude-oriented implementation,Clothing,8,0.2,2279.68
d50372a8-e47f-4c7e-87ec-2d3289e4ec28,2026-04-15 20:10:46.000000,Scott White,freemancrystal@example.org,North America,Operative responsive pricing structure,Sports,5,0.0,194.4
1f982a0d-ac18-4ef9-b1f7-1addabeed5b2,2025-04-21 04:04:50.000000,Thomas Cohen,rachel90@example.org,Latin America,Horizontal heuristic Graphic Interface,Electronics,2,0.1,136.93
d3d4ddd3-605a-44f5-9012-6e91f8d78cbc,2025-10-31 01:01:44.000000,Laurie Goodwin,thickman@example.org,Latin America,Re-engineered clear-thinking application,Clothing,4,0.2,998.4
d6d24227-2d5c-4a61-a302-1daa5ba3a49c,2026-03-09 11:42:10.000000,Denise Cruz,pmarsh@example.org,North America,Mandatory discrete functionalities,Toys,3,0.2,1094.02
02288f07-fbda-45ae-b270-9103cfd6b161,2024-10-25 21:32:56.000000,Peter Vaughn DDS,bwest@example.org,North America,Function-based grid-enabled adapter,Clothing,3,0.0,412.11
3167d947-efad-4069-9ed7-d1a676730495,2025-07-01 07:18:36.000000,Vincent Smith,morrowthomas@example.net,Middle East,Down-sized scalable workforce,Home & Garden,3,0.2,645.61
05106943-be3e-46f7-b8b5-95b90265a223,2026-03-02 01:46:26.000000,Katherine Cummings,umurray@example.com,Middle East,Innovative eco-centric open architecture,Toys,1,0.1,212.5
b58dfc59-ebe0-48c1-ae38-cf4647f86de4,2025-04-24 22:02:57.000000,Jennifer Kirby,carloshernandez@example.org,North America,,,2,0.1,0.0
9d0a94df-d0f7-47b0-9708-0bbd3106e8ce,2025-11-18 15:02:10.000000,Phillip Clark,lisahall@example.org,Middle East,Profit-focused grid-enabled infrastructure,Toys,4,0.2,585.31
389d2267-b7c2-4d94-8ef4-40984d9d1bb1,2025-01-18 22:39:59.000000,Mercedes Barnes,huntchristine@example.com,North America,Re-contextualized actuating infrastructure,Clothing,7,0.1,2253.89
5ced83b3-f7a0-4e7a-be6a-3ea7fae91634,2024-08-18 13:42:35.000000,Julie Ball,opatel@example.org,Asia,Profit-focused grid-enabled infrastructure,Toys,1,0.3,123.68
b43c7851-e78d-4f32-be2a-9f7347dfa607,2026-01-21 02:37:14.000000,Ricardo Young,williamsrobert@example.net,North America,Synergistic demand-driven implementation,Clothing,9,0.2,3587.41
3232be72-01d3-4033-b586-ae6f9b24955c,2026-04-19 18:37:58.000000,Shannon Johnston,amckinney@example.com,Middle East,Expanded composite infrastructure,Home & Garden,5,0.2,927.94
deb2d490-1c66-4dd9-a565-e779a3708c7f,2025-02-21 09:54:54.000000,Samantha Richardson,wolfscott@example.org,North America,Expanded intangible standardization,Clothing,7,0.2,460.88
2ba46308-7e77-46aa-8015-575691b0af07,2025-09-22 13:48:12.000000,Shawn Deleon,katrinaanderson@example.net,Latin America,Operative responsive pricing structure,Sports,2,0.2,68.85
90d22d54-bd22-47fc-a8eb-2ba6319aed6a,2025-12-25 02:02:32.000000,Kimberly May,timothy64@example.com,Asia,,,9,0.1,0.0
2cef7557-90ad-47c6-9a5c-68adaeb0b110,2024-09-09 18:11:32.000000,John Allen,brent38@example.net,Latin America,Innovative eco-centric open architecture,Toys,8,0.2,1389.28
10a71298-bef8-4d85-a0d4-c1659691f45d,2024-10-27 23:15:58.000000,Dawn Wilson,yorksarah@example.net,Asia,Open-architected asynchronous artificial intelligence,Other,1,0.2,170.68
db00ab4c-91e5-4e86-aefe-02c34276bfe1,2025-01-14 01:21:38.000000,Peter Vaughn DDS,bwest@example.org,North America,Function-based grid-enabled adapter,Clothing,3,0.1,403.43
c841b6a8-ba99-4da0-85e8-9165e1896b25,2025-02-19 01:37:33.000000,Jeffrey Hawkins,fgarcia@example.com,North America,Robust secondary infrastructure,Toys,5,0.1,923.08
05eb074d-ad90-4360-9900-b745311d2ed4,2026-01-10 05:58:25.000000,Phillip Bennett,molly39@example.com,Latin America,Multi-lateral contextually-based methodology,Sports,6,0.2,1240.82
40bf6f6b-9d4d-4658-886e-dae8ad80016d,2025-12-31 16:35:00.000000,John Allen,brent38@example.net,Latin America,Cross-platform fresh-thinking hierarchy,Toys,4,0.1,1500.93
00801ed9-7434-40a1-a212-f7e18f63c2bb,2026-07-19 11:19:32.000000,Alan Kramer,john19@example.net,Middle East,User-friendly tangible synergy,Clothing,2,0.1,428.62
f16d4fe8-ac50-4475-a416-5dd16d575fd1,2025-12-07 21:13:13.000000,Justin Walker,allentran@example.net,North America,Exclusive object-oriented orchestration,Other,4,0.2,469.37
52b0147b-f052-4803-9a96-8e7d0d46e159,2025-06-21 23:03:51.000000,Tammy Long,louis43@example.org,Asia,,,1,0.1,0.0
46273272-6829-44ca-bebf-4c56d826c496,2024-10-23 12:45:51.000000,Raymond Jefferson,hoganashlee@example.org,Asia,Down-sized scalable workforce,Home & Garden,10,0.0,2621.05
7eddfc17-7772-4a5a-84ae-ffbeae1fd957,2025-04-27 18:06:19.000000,Jack Mora,sarahmathews@example.net,Middle East,Horizontal heuristic Graphic Interface,Electronics,1,0.3,56.79
e240e060-0b20-402f-824f-3f4c846af2e6,2026-02-01 04:18:08.000000,Michael Martinez,mccannangela@example.net,Europe,Synergized zero-defect conglomeration,Clothing,3,0.1,937.57
eb1bb47f-4726-4e7f-8c05-e009397bfdd7,2025-06-12 06:18:23.000000,John Kennedy,yarnold@example.org,Asia,Profound mobile time-frame,Clothing,7,0.2,1134.8
01521e60-50f5-4bd8-b2e8-9652884c0a55,2025-05-21 08:33:39.000000,Tracey Wagner,fortiz@example.com,Middle East,,,1,0.3,0.0
e14e21f7-14f1-4d92-95af-47da31d1d6cb,2025-10-08 03:16:19.000000,Chase Knight,buckleyanna@example.org,Latin America,Organic zero-defect hierarchy,Electronics,5,0.3,1698.84
bcc9245c-fd81-4bc0-867e-c672cec3a6f4,2025-01-12 05:47:33.000000,Gina Wilson,taylortammy@example.net,Europe,Function-based grid-enabled adapter,Clothing,10,0.3,1012.2
f530c98d-6c7f-4bef-b086-47e1fa647958,2024-09-16 19:27:03.000000,Jaime Lang,stucker@example.net,Latin America,Exclusive object-oriented orchestration,Other,3,0.1,399.25
2a1b76e3-3266-44ff-bffe-f652eac032fa,2025-04-02 16:58:26.000000,Taylor Griffith,david86@example.com,Latin America,Open-architected asynchronous artificial intelligence,Other,3,0.2,457.82
a0135044-a041-401d-9016-8d654f90f91a,2024-10-04 02:53:13.000000,Dr. Alicia Powell,hawkinsaaron@example.org,Asia,Business-focused 4thgeneration throughput,Sports,3,0.2,886.46
cedcf5bf-6e94-44ab-badf-14580722ab3c,2024-08-08 15:36:46.000000,Elizabeth Wright,millereric@example.net,Europe,Front-line next generation Internet solution,Toys,3,0.2,309.11
ef60250e-a055-41d3-8c16-ab4e97b018b0,2025-04-06 15:37:58.000000,Zachary White,manuel15@example.net,Asia,Decentralized grid-enabled service-desk,Electronics,10,0.2,2948.72
1b9b71f0-3f45-44d4-801a-d5cdd72b8154,2025-07-23 19:53:17.000000,Ariana Jennings,bruce43@example.org,Europe,Team-oriented cohesive approach,Sports,7,0.0,1548.96
d51fde3f-573e-4c3a-b574-175b3d051bf4,2024-09-01 06:29:02.000000,Andrew Stewart,carl95@example.org,North America,Multi-layered high-level initiative,Electronics,9,0.3,2979.68
cb4addc6-8509-4c78-9566-0d8ed25697ad,2025-01-20 21:00:13.000000,Sarah Rhodes,patrick21@example.net,Europe,Reverse-engineered multi-state knowledge user,Home & Garden,7,0.2,1990.8
9997496b-c697-4476-92aa-48cff18c5581,2025-11-14 05:20:22.000000,Melissa Abbott,jamie98@example.org,Europe,Synergistic demand-driven implementation,Clothing,3,0.1,1269.62
a016db34-187d-40c5-839b-f6de704377c3,2025-07-02 18:19:42.000000,Jennifer Mitchell,zhenderson@example.org,Latin America,Open-architected asynchronous artificial intelligence,Other,1,0.3,148.59
f97a822c-15e5-4a0f-9ff4-9f0a94350cb1,2024-09-06 03:04:06.000000,Eric King,jennifermccormick@example.org,Europe,Horizontal heuristic Graphic Interface,Electronics,2,0.0,150.93
503314b1-609c-47af-8889-360feaadcb2f,2026-06-12 08:08:43.000000,Jacqueline Mccoy,aguilarjonathan@example.org,Latin America,Fundamental contextually-based neural-net,Electronics,10,0.2,1958.88
c85b811b-10a5-4073-b180-4803d9025a2c,2024-10-28 01:13:17.000000,Donald Walker,rhodespatricia@example.org,North America,Business-focused 4thgeneration throughput,Sports,7,0.2,2145.02
71219097-cd69-4dab-ab4b-2c0c0fdf60d5,2024-09-01 13:07:11.000000,Tyler Hill,christina18@example.net,Europe,Profit-focused grid-enabled infrastructure,Toys,9,0.1,1363.99
6e8d0018-a04d-4c84-9c59-5e034d2d3557,2024-09-10 02:12:04.000000,Patrick Smith,meyernicholas@example.org,Europe,Exclusive object-oriented orchestration,Other,7,0.1,891.51
8f2b892b-0e48-4034-ad74-dd431a115f59,2024-08-30 12:55:08.000000,Jeffrey Howell,watsonmatthew@example.org,Europe,Expanded composite infrastructure,Home & Garden,10,0.0,2168.92
3bad3a0d-693e-4fcf-8080-aba49e07809d,2026-05-23 12:46:20.000000,Daniel Velez,paul70@example.org,Middle East,Intuitive system-worthy access,Clothing,5,0.2,90.2
9fbeffb3-a8e3-4c9b-8997-f2fa997dcd9a,2024-07-29 05:30:08.000000,Jesse Clark,gbailey@example.com,North America,,,5,0.1,0.0
cb8fe981-76d6-482f-a248-953e7412c272,2025-06-18 12:15:04.000000,Brandon Colon,bgonzalez@example.org,North America,Expanded composite infrastructure,Home & Garden,1,0.2,185.59
19ed59a5-9e85-44d4-9ec6-20e0e143a0ad,2025-04-10 18:41:30.000000,Garrett Gibson,kathleen64@example.com,Europe,Profound mobile time-frame,Clothing,1,0.1,175.95
c86e0b55-acff-499f-b005-8f9aa6a2c945,2024-08-10 03:56:11.000000,Dr. Ashley James MD,victoria40@example.net,Latin America,Down-sized contextually-based adapter,Sports,6,0.1,1445.14
967aefbb-5404-401d-8468-1060743e5fef,2024-12-17 11:53:37.000000,Micheal Young,luis81@example.org,Europe,Front-line encompassing leverage,Toys,7,0.2,589.68
985d654b-0325-4820-9a49-de981ba651ed,2026-01-26 00:38:47.000000,Jennifer Russo,uparrish@example.org,North America,Front-line next generation Internet solution,Toys,9,0.1,1034.34
d73d52ba-ca17-41d0-97c7-68d6114a9827,2024-12-18 09:01:06.000000,Shawn Deleon,katrinaanderson@example.net,Latin America,Mandatory discrete functionalities,Toys,5,0.3,1657.6
a32a4516-2040-44fb-92be-07c4e784cabe,2025-08-20 06:19:42.000000,Katrina Burns,thomas05@example.com,North America,Cross-platform asymmetric leverage,Electronics,4,0.1,705.76
7b3cfc10-6bc7-4d7f-9afa-eb32419bf74e,2026-02-03 19:44:03.000000,Tamara Powell,jeffreymercer@example.org,Europe,Horizontal maximized product,Electronics,8,0.0,1621.08
3e3f3da0-2f98-4d33-b1d2-e63f9ef01577,2024-11-04 22:11:13.000000,Laura Henderson,sreid@example.net,Europe,Horizontal maximized product,Electronics,8,0.1,1569.89
20afaf9e-0f7c-49ad-8b48-3935cc09de64,2025-03-20 01:40:23.000000,Lisa Goodwin,pyoung@example.com,North America,Down-sized scalable workforce,Home & Garden,6,0.2,1274.66
f5b19be4-835c-4541-af93-be2a95a340d9,2025-12-09 04:26:35.000000,Katrina Burns,thomas05@example.com,North America,Expanded composite infrastructure,Home & Garden,3,0.3,496.39
956b212f-4faa-4851-9b95-1652c11ea16b,2026-06-08 13:30:51.000000,Jacqueline Mccoy,aguilarjonathan@example.org,Latin America,Cross-platform fresh-thinking hierarchy,Toys,4,0.1,1483.87
25bc99ae-2547-48dc-8686-e2518a8864c7,2025-07-20 16:20:21.000000,John Shields,franciscojones@example.org,Asia,Multi-lateral contextually-based methodology,Sports,2,0.1,474.14
4a832ab5-57c8-40b0-9a73-cd2f4f05495e,2025-05-03 11:16:16.000000,Carolyn Fuller,rhernandez@example.org,Asia,Up-sized foreground toolset,Toys,9,0.2,1616.96
9620ed14-8486-4704-8211-a6caf863af2d,2025-12-13 19:45:58.000000,Shannon Yu,janet69@example.org,Middle East,Upgradable disintermediate protocol,Toys,1,0.0,381.8
3cc56af3-0eac-4e90-a504-87e4ada517e3,2025-08-18 20:57:27.000000,Tracy Hart,katherineali@example.com,Asia,,,1,0.2,0.0
dbd3e865-8f38-4c01-95ce-0626d1b60755,2024-09-01 09:44:08.000000,Kristina Pena,xclements@example.org,Europe,Front-line encompassing leverage,Toys,8,0.3,606.53
f9fc9c3f-3206-4388-9804-550b6c0c32f9,2024-12-23 14:59:05.000000,Amy Wilson,erik84@example.net,North America,Intuitive system-worthy access,Clothing,2,0.1,40.48
c9070c97-3385-4b3b-a893-786da3fb6609,2024-09-12 02:55:14.000000,Tyler Hill,christina18@example.net,Europe,Intuitive system-worthy access,Clothing,10,0.0,217.8
79c91e00-aaf8-41d5-b079-9b56576ff264,2026-01-11 15:26:57.000000,Christopher Ferrell,tjimenez@example.com,Europe,Function-based methodical product,Clothing,10,0.2,3372.0
998a05a8-77a7-4ed0-bb5f-5290b11c7dff,2026-01-09 19:18:41.000000,Eric Hill,bellcharles@example.com,Middle East,Upgradable disintermediate protocol,Toys,10,0.0,3938.62
90ebba12-9412-4a0f-9a1d-3dab54c5f266,2025-04-07 16:56:48.000000,Donald Juarez,barbaramoore@example.org,Asia,Expanded intangible standardization,Clothing,8,0.1,572.81
542060ce-6b2f-4d47-8cb4-a7f69db8ef7e,2024-11-24 00:54:00.000000,Mr. David Little MD,nolansteven@example.com,Asia,Organic zero-defect hierarchy,Electronics,9,0.1,3864.86
ca087252-e048-42dc-b44d-24421ad74fd4,2026-06-28 05:32:03.000000,Lisa Brandt,jenniferross@example.net,Middle East,Open-architected asynchronous artificial intelligence,Other,9,0.2,1536.12
eb821435-382a-4bde-bef5-50110acd1ac7,2024-07-23 20:42:01.000000,Maria Harper,williamsmatthew@example.org,Latin America,Mandatory discrete functionalities,Toys,3,0.2,1136.64
3af33cc5-b176-471f-b918-2c16a3863cd1,2025-07-18 08:39:26.000000,Curtis Taylor,jjohnson@example.net,Asia,Cross-platform uniform flexibility,Toys,1,0.3,168.7
7b122ee5-3d30-4a07-b690-3edb9fb938e0,2026-02-11 13:27:38.000000,Michael Smith,michaeljones@example.net,Latin America,Multi-tiered dedicated circuit,Electronics,7,0.1,1455.95
54de2c80-d08d-43df-b3dc-d264c4b27b21,2026-04-09 00:24:35.000000,Timothy Flores,vewing@example.com,Europe,Function-based methodical product,Clothing,10,0.1,3962.1
667ae277-348f-4ce0-a03b-c183bd75f95c,2024-12-11 02:20:54.000000,Danielle Ford,veronica83@example.net,Middle East,Expanded composite infrastructure,Home & Garden,2,0.3,321.98
5ce195be-01b8-414a-bd68-a5d7d37a430a,2024-07-28 16:11:02.000000,Matthew Foster,shannonjordan@example.org,North America,User-centric coherent leverage,Sports,9,0.3,2214.75
8e0044e2-07af-4b8a-9b9e-75f412e00b9c,2024-10-18 11:03:57.000000,Brenda Lawson,ejohnson@example.org,Latin America,Innovative eco-centric open architecture,Toys,5,0.1,1062.52
31c46c9e-70be-4630-8a63-33e3247474b3,2025-11-23 08:42:41.000000,Tracy Hart,katherineali@example.com,Asia,Multi-layered high-level initiative,Electronics,8,0.3,2577.02
5c230306-c3f9-4409-a9a7-480095ef8b1b,2024-08-24 02:13:37.000000,Robin Trujillo,amanda98@example.org,Europe,Re-engineered clear-thinking application,Clothing,5,0.0,1580.8
32a4a8a4-32f9-4771-8799-7940f9adde7d,2025-02-26 15:48:22.000000,David Jones,unovak@example.org,Latin America,Synergistic demand-driven implementation,Clothing,9,0.0,4340.32
43125b58-e2a8-48e7-b80c-c8382c94df5a,2026-01-30 07:52:07.000000,Lisa Cox,paul59@example.org,Europe,Up-sized foreground toolset,Toys,2,0.2,333.03
8df4097b-d8f8-4018-96fe-47692c9de90a,2025-01-28 00:53:17.000000,Angie Hill,zgomez@example.com,Europe,Front-line next generation Internet solution,Toys,9,0.2,903.56
2d1368f3-0580-4066-b22c-3dae2db4e428,2026-05-06 16:13:49.000000,Robin Trujillo,amanda98@example.org,Europe,Front-line next generation Internet solution,Toys,8,0.3,750.33
055fd8d1-19e7-4a3d-a920-4a24430493f0,2026-04-27 19:03:13.000000,Tracey Wagner,fortiz@example.com,Middle East,Exclusive object-oriented orchestration,Other,4,0.2,440.75
a7a581e8-6101-44f4-a322-6464ad6d84ef,2026-03-24 14:14:39.000000,Brian Jones,matthew18@example.com,Middle East,Business-focused 4thgeneration throughput,Sports,8,0.2,2334.72
efa52c8a-56a0-4943-9c68-7714e2901d96,2024-12-31 06:53:26.000000,Casey Obrien,michele28@example.org,Middle East,Operative responsive pricing structure,Sports,1,0.1,34.83
5ea0c503-3d7a-474e-b4c9-c3ad4e19392b,2026-04-10 17:43:39.000000,Mary Steele,whitejacqueline@example.com,Asia,Decentralized tangible model,Clothing,7,0.2,2297.48
f0effa1e-2bde-4c78-a931-50445f5258ab,2026-08-20 11:18:07.961183,Megan Richards,daniel37@example.org,Latin America,Reverse-engineered multi-state knowledge user,Home & Garden,4,0.2,1152.77
9f8a4862-ff68-4f1a-8c8c-c291fa2358bc,2026-06-05 19:11:10.000000,Dwayne Klein,sandra47@example.org,Europe,Innovative eco-centric open architecture,Toys,9,0.2,1727.46
10bc94d3-b600-4df4-a0de-06766f082598,2024-10-21 00:39:27.000000,John Shields,franciscojones@example.org,Asia,Front-line next generation Internet solution,Toys,4,0.1,480.84
217bc29e-ec95-43e9-a1fa-246624f982ec,2026-03-30 09:45:24.000000,Lauren Robles,carlsonjoseph@example.net,North America,Reverse-engineered multi-state knowledge user,Home & Garden,6,0.0,2229.7
60d16c16-8855-417d-b112-0678308c523d,2026-01-11 07:28:36.000000,Linda Rich,davisdonna@example.net,Europe,Expanded intangible standardization,Clothing,8,0.1,599.14
6df65800-997c-4dc9-9165-46ca5fcf3219,2025-11-27 02:20:45.000000,Regina Diaz,ismith@example.org,Middle East,Down-sized scalable workforce,Home & Garden,5,0.0,1310.52
c3595dc2-0bd3-42a9-abc7-8c063e9ace12,2025-11-11 11:22:34.000000,Melissa Mitchell,kwilliams@example.org,Asia,Reverse-engineered multi-state knowledge user,Home & Garden,4,0.2,1289.28
8914741c-dabc-47ce-b068-ffdd965afd0f,2025-03-06 11:44:44.000000,Joseph Knight,georgemiller@example.com,Middle East,Cross-platform uniform flexibility,Toys,4,0.3,703.3
3f46a43a-53e2-4047-a608-7b53ca226cfe,2024-08-31 08:36:04.000000,Dr. Ashley James MD,victoria40@example.net,Latin America,,,4,0.2,0.0
df73321d-47b2-424d-8bad-3916a1243bea,2024-10-27 05:08:23.000000,Lisa Morris,mbarnes@example.net,North America,Mandatory discrete functionalities,Toys,6,0.0,2699.52
95866982-f7e8-48a2-821d-f2cfd9fc13b8,2026-06-09 00:55:47.000000,Micheal Young,luis81@example.org,Europe,Cross-platform fresh-thinking hierarchy,Toys,2,0.2,682.24
14d72283-ba30-4cce-b590-97e07d2e7d9e,2026-03-22 11:00:06.000000,Amber Glass,zunderwood@example.com,Asia,Streamlined national conglomeration,Home & Garden,1,0.0,447.6
9d6932c9-a9db-47b9-8a7e-cb33787da6d7,2024-09-09 09:06:11.000000,Nancy Wilson,pattersonangela@example.org,Europe,Organized attitude-oriented implementation,Clothing,1,0.2,267.15
c055b921-635b-4f49-8234-83a82adcecb5,2026-06-06 09:19:18.000000,Marcus Winters,megan90@example.org,Europe,Mandatory discrete functionalities,Toys,6,0.2,2415.36
5fcfe711-8258-4678-804a-7761a52368e3,2025-08-12 06:07:54.000000,Brandy Myers,susan24@example.net,Latin America,Down-sized scalable workforce,Home & Garden,5,0.2,1172.58
52630028-2dd2-48c0-b6da-387584d62148,2026-01-25 09:29:59.000000,Patrick Hardy,staceylam@example.net,North America,Horizontal heuristic Graphic Interface,Electronics,5,0.1,342.32
7bb95b07-b1cb-42d0-8685-92d25fb68406,2026-01-27 20:27:44.000000,Maria Burke,walkercharlene@example.com,Middle East,Down-sized scalable workforce,Home & Garden,3,0.0,811.15
44b1a1ee-7948-46f2-beaa-b0a1f4ac27ef,2025-10-15 09:53:13.000000,Brett Thompson,phelpsmichael@example.net,Europe,Multi-lateral high-level open architecture,Toys,8,0.3,1425.02
ca665da6-ebd2-4b71-a35a-e36966a466d4,2025-10-17 14:00:25.000000,Vanessa Patel,davidalvarez@example.net,Middle East,Horizontal heuristic Graphic Interface,Electronics,6,0.1,410.78
3832dfc1-350b-4860-895e-e97ca6552e7f,2026-06-16 01:38:25.000000,William Oconnor,fconner@example.net,Europe,Business-focused 4thgeneration throughput,Sports,3,0.1,941.18
3c00a0f0-dcf8-4878-b3bb-84e533f7d722,2025-05-24 11:53:32.000000,Paul Williams,jeffrey10@example.org,North America,Down-sized contextually-based adapter,Sports,9,0.1,2118.44
e3826da1-6cce-4c23-8e55-f3fe37f5c238,2025-05-09 21:07:04.000000,Kristina Preston,jeffrey92@example.com,Asia,Re-engineered clear-thinking application,Clothing,1,0.2,266.24
226378ab-15b2-42b4-8cf0-f97b4128d40b,2026-02-24 19:02:44.000000,Tiffany Townsend,matthewsalexander@example.org,Asia,Front-line next generation Internet solution,Toys,3,0.2,332.89
84d16f5e-71cb-49b3-8b88-445a1582de78,2025-04-20 01:36:50.000000,Cynthia Morris,josephmartinez@example.com,Latin America,Multi-tiered dedicated circuit,Electronics,8,0.3,1327.42
771ad3fe-0a88-47a5-957e-8c663aeceaf8,2025-08-22 21:02:21.000000,Zachary White,manuel15@example.net,Asia,Re-contextualized actuating infrastructure,Clothing,3,0.2,954.72
737ea52f-6d15-4b06-961c-9af39f021a19,2025-07-19 03:33:50.000000,Connor King,courtneyberger@example.net,Latin America,,,6,0.1,0.0
cdf40137-5e15-433b-a8b1-211a6eb8b0e2,2025-08-11 10:39:24.000000,Carolyn Fuller,rhernandez@example.org,Asia,Multi-tiered dedicated circuit,Electronics,8,0.0,1776.12
0653ee85-61e3-4fb4-85e4-9a9e51284026,2024-12-07 11:07:47.000000,Sandra Zimmerman,hthompson@example.net,Asia,Down-sized scalable workforce,Home & Garden,4,0.2,838.74
a535f9d7-43ff-4dea-bbd9-b01571127f4b,2024-09-17 22:26:42.000000,Peter Thompson,teresastokes@example.org,Europe,Multi-tiered dedicated circuit,Electronics,4,0.2,775.88
4b658517-1519-413c-a6c7-1f155bed83be,2026-05-06 11:02:51.000000,Nancy Wilson,pattersonangela@example.org,Europe,Team-oriented cohesive approach,Sports,4,0.0,885.12
3a4d45fd-ed36-4bb7-86c3-c90cc92efe01,2024-10-05 10:15:38.000000,Monica Herrera,smiller@example.net,Europe,Expanded intangible standardization,Clothing,7,0.2,489.68
09cccf1a-5c38-4c2a-9243-e8381e5bc68b,2025-09-18 02:26:43.000000,Holly Stewart,ujackson@example.org,North America,,,9,0.2,0.0
acd3d56f-3257-49cd-9571-276b33474b1b,2025-04-02 17:17:04.000000,Thomas Velasquez,sarah60@example.com,Europe,Streamlined national conglomeration,Home & Garden,5,0.1,2058.96
d0c8da67-bec6-4bbe-8d7e-c4b140018cbe,2026-03-09 21:20:26.000000,John Pineda,hernandezmarcus@example.org,Middle East,Down-sized scalable workforce,Home & Garden,1,0.1,242.79
30cdf149-4643-4f21-986f-4bb4aefc6ef1,2026-01-20 01:54:50.000000,Nicholas Rush,xrosales@example.net,Asia,Multi-lateral contextually-based methodology,Sports,1,0.1,237.07
ff9779f7-234b-40fd-bf7c-a58f9aa1f98b,2026-05-16 02:07:20.000000,Kenneth Lewis,gwalker@example.com,Middle East,Exclusive object-oriented orchestration,Other,2,0.1,248.99
8b0a4802-bd64-48d6-b757-ec69c09c3207,2026-06-29 15:49:30.000000,Amy Parsons,mjohnson@example.org,Europe,Front-line next generation Internet solution,Toys,6,0.1,705.41
4caa568b-c523-44e9-822f-46bb42d9c5d7,2025-02-24 21:45:30.000000,Emily Allen,whiteheather@example.net,Middle East,Front-line next generation Internet solution,Toys,6,0.0,784.67
ff310f21-c87b-47d9-98bc-e5e4d282d54d,2025-05-30 15:22:01.000000,Lisa Allen,kcaldwell@example.org,Latin America,Innovative eco-centric open architecture,Toys,10,0.1,2147.9
9477d9d7-d265-40c0-a7df-c9aff220eeb5,2026-03-01 14:18:39.000000,Robin Trujillo,amanda98@example.org,Europe,Robust secondary infrastructure,Toys,9,0.0,1679.22
a7728290-78d5-40ef-830b-4532a7c24c68,2025-08-23 04:12:50.000000,James Chapman,cameronwilliams@example.com,Middle East,User-centric coherent leverage,Sports,6,0.1,1820.34
263749ec-f394-460d-82db-6aabfd411a05,2026-05-24 05:14:23.000000,Elizabeth Wright,millereric@example.net,Europe,Streamlined national conglomeration,Home & Garden,8,0.3,2613.98
b92c8a72-3a17-479a-ba42-958b65c2e80d,2026-02-22 20:42:33.000000,Dylan Cruz,kwright@example.com,Middle East,Mandatory discrete functionalities,Toys,5,0.1,2036.48
840d214b-3bd5-4863-b974-c90b35ba5e93,2025-10-19 22:19:22.000000,Angie Hill,zgomez@example.com,Europe,Front-line encompassing leverage,Toys,3,0.2,255.88
77ff3c31-c1f3-4837-8d78-3178c935a278,2026-02-02 04:21:03.000000,Brian Harris,mserrano@example.org,Middle East,Up-sized foreground toolset,Toys,7,0.2,1242.3
cabaef3c-5735-473c-b61e-6287d07c5e53,2024-09-25 16:37:26.000000,Martha Wright,colemichael@example.org,Middle East,Function-based methodical product,Clothing,2,0.0,826.14
6dc56044-3016-462b-9886-75455025ac18,2026-03-11 04:03:55.000000,Zachary White,manuel15@example.net,Asia,,,6,0.1,0.0
35a758ab-6aed-479f-b2ac-4768f1224f43,2025-06-26 17:23:05.000000,Sara Haas,wagnergerald@example.org,Asia,Upgradable disintermediate protocol,Toys,5,0.2,1647.79
07b4e684-8ef6-4ee8-9a5a-8bc373315c49,2025-05-08 00:41:57.000000,Timothy Flores,vewing@example.com,Europe,Multi-tiered dedicated circuit,Electronics,8,0.2,1439.59
20db4294-dfae-4803-93d7-97e723923df4,2025-03-15 08:03:20.000000,Patrick Smith,meyernicholas@example.org,Europe,Re-contextualized actuating infrastructure,Clothing,10,0.2,3144.96
7ff2e80a-027a-46dc-bce0-caeff17fa5c0,2026-04-11 10:45:31.000000,Steven West,rbennett@example.net,North America,,,3,0.1,0.0
56fe972b-5acb-487d-9594-9c84a8aa454e,2025-01-12 03:13:55.000000,Rebecca Henderson,cruzcaitlin@example.com,North America,Fundamental contextually-based neural-net,Electronics,4,0.2,746.24
c0ac1c00-af8e-46b2-acfb-f1736b4d3d1a,2025-05-30 07:07:11.000000,Brian Simmons,jose86@example.net,Middle East,Expanded composite infrastructure,Home & Garden,2,0.1,420.37
89a06a99-b0c5-43d5-8755-2c99c34995ff,2025-03-10 17:25:27.000000,Katrina Burns,thomas05@example.com,North America,Synergistic demand-driven implementation,Clothing,2,0.0,964.52
914cc11c-05f3-4bc5-9642-b0525379f279,2026-03-22 23:54:45.000000,Margaret Montgomery,haynescharles@example.net,Middle East,Exclusive object-oriented orchestration,Other,9,0.0,1262.14
9a5e63f5-cc94-415c-a13d-26009174f53b,2026-06-30 17:21:26.000000,Sarah Rivera,wilsontara@example.org,Asia,Synergistic demand-driven implementation,Clothing,5,0.2,1993.0
641118ec-ddf0-4771-92e9-b7659b9b3926,2025-05-13 04:04:30.000000,Kyle Reed,samuel81@example.com,North America,Robust secondary infrastructure,Toys,7,0.1,1251.07
104f3fc5-6400-4b0e-b2dd-85f63446c0f0,2025-09-09 03:24:30.000000,Marilyn Mack,russellbeasley@example.com,Asia,Expanded composite infrastructure,Home & Garden,5,0.1,972.66
1bcfb92f-798b-4757-b036-f6b962ed5403,2025-04-02 09:49:45.000000,Laura Odonnell,tsanders@example.org,Latin America,Fundamental contextually-based neural-net,Electronics,9,0.2,1574.1
a395b867-7397-41a1-b641-940591cbbc49,2026-06-15 23:00:54.000000,Katie Gonzalez,kathryn88@example.org,Europe,Profit-focused grid-enabled infrastructure,Toys,6,0.3,773.45
1ab444a7-2be2-4bd1-97de-ace84dfd3ecd,2025-12-27 04:33:36.000000,Taylor Carlson,chenbailey@example.net,North America,Exclusive object-oriented orchestration,Other,8,0.3,812.81
d393daad-0835-475f-ad79-8f3e8d8b4c60,2026-01-07 04:07:49.000000,Paul Grant,seanmyers@example.net,Middle East,Multi-tiered dedicated circuit,Electronics,9,0.1,1829.87
2fcb0dce-06de-437b-bd15-c3539a760ea9,2024-12-22 13:23:14.000000,Cassandra Edwards,patriciaadams@example.net,Latin America,Down-sized contextually-based adapter,Sports,9,0.0,2340.13
62c9f4fc-f686-4fa7-a94d-ed1e11ca2a0b,2025-02-26 10:31:33.000000,Michael Montoya,ebenson@example.org,Middle East,Decentralized grid-enabled service-desk,Electronics,10,0.1,3128.52
a8d99292-4a85-4443-bba8-78d934b55b86,2025-09-01 07:13:34.000000,Allison Weaver,tapiaaaron@example.net,Europe,,,9,0.1,0.0
5e5ffeaa-0eb5-4078-b464-d6f211ea2c00,2025-08-27 17:54:47.000000,William Gould,lambertrichard@example.net,Middle East,Exclusive object-oriented orchestration,Other,9,0.1,1197.75
dc15c7c5-53a7-4581-abfc-c52402d3fb7e,2026-06-27 15:54:54.000000,Belinda Mccullough,elizabeth56@example.net,Middle East,Function-based grid-enabled adapter,Clothing,5,0.1,643.47
fd561b27-2833-49b8-a41f-79aa692e33b9,2024-10-15 00:11:55.000000,Sergio Knight,vjones@example.net,North America,Front-line encompassing leverage,Toys,5,0.0,526.5
7a6eaaa5-6b1d-40b9-8954-fc3d210f2a8a,2026-02-18 04:58:01.000000,Christina Rodriguez,adam65@example.net,Asia,Cross-platform asymmetric leverage,Electronics,3,0.1,541.35
e75182a4-f481-48b5-a395-09c4119a7396,2026-05-24 09:35:24.000000,Sarah Davis,brettbennett@example.net,Latin America,Organized attitude-oriented implementation,Clothing,1,0.2,281.4
34a73f9d-ded5-4017-a143-3dfc34dbda6b,2025-03-18 14:04:27.000000,Joseph Hill,andre62@example.org,North America,Cross-platform asymmetric leverage,Electronics,8,0.1,1459.64
aa2fd9d1-b5ad-49f5-9161-a3816ea4b405,2025-07-24 18:19:23.000000,Patrick Parker,nathan94@example.com,Asia,Multi-lateral high-level open architecture,Toys,5,0.2,1014.34
f06c69d9-9339-404b-9a8c-b3d728a5e34d,2025-03-19 00:26:57.000000,Melissa Castillo,aaronpowers@example.org,Asia,Re-engineered clear-thinking application,Clothing,9,0.1,2665.73
b77e5f7a-80a2-43e3-b3f6-07309665df7c,2026-01-03 22:02:56.000000,Taylor Griffith,david86@example.com,Latin America,Horizontal maximized product,Electronics,7,0.1,1313.93
01e7cde7-33a2-4a5f-8683-4cc5757e2b43,2024-11-08 19:45:12.000000,John Torres,gbender@example.net,North America,Upgradable disintermediate protocol,Toys,7,0.2,2109.98
663463e9-d317-48c9-9060-573a721b7707,2025-11-02 18:58:37.000000,Megan Richards,daniel37@example.org,Latin America,Front-line next generation Internet solution,Toys,2,0.1,229.85
54323b1c-869e-4836-bf30-ea12cebca264,2026-06-28 01:03:04.000000,Karen Strickland,hayesjeffrey@example.net,Latin America,Profound mobile time-frame,Clothing,10,0.2,1502.52
75cff755-7daf-46e7-a115-d52b91b8ff07,2025-07-15 09:03:01.000000,Shannon Yu,janet69@example.org,Middle East,Multi-tiered dedicated circuit,Electronics,5,0.2,946.48
1752815c-bcbf-4583-8a01-75e5937d6fb1,2025-03-01 14:50:47.000000,Eric King,jennifermccormick@example.org,Europe,Multi-tiered dedicated circuit,Electronics,7,0.1,1537.75
74d082c5-eb3c-4270-a188-d3d7a573dc30,2025-04-16 08:15:50.000000,Gavin Anderson,evan78@example.net,North America,Expanded intangible standardization,Clothing,3,0.1,224.68
cad73d36-b62e-4f02-97b7-3862b347f1d4,2025-03-09 00:37:41.000000,Kevin Snyder,jessicapayne@example.org,Middle East,Decentralized grid-enabled service-desk,Electronics,10,0.1,3092.56
cf5b294d-d2cc-4853-9cef-5ef4641e7f8c,2026-05-12 02:01:13.000000,John Shields,franciscojones@example.org,Asia,Mandatory discrete functionalities,Toys,8,0.1,3561.47
753439c0-6e9c-42ba-bbb5-e0379e23faf9,2025-05-15 18:27:25.000000,Rebecca Henderson,cruzcaitlin@example.com,North America,Expanded intangible standardization,Clothing,2,0.1,151.43
b2d2570a-2ef6-44f2-a8b9-7820e92c5b92,2025-10-05 15:32:19.000000,Laura Odonnell,tsanders@example.org,Latin America,Upgradable disintermediate protocol,Toys,8,0.2,2507.86
f2189128-b2da-41f7-a4bf-c76d1874ed7d,2024-08-23 21:44:47.000000,Phillip Clark,lisahall@example.org,Middle East,Intuitive system-worthy access,Clothing,3,0.0,66.0
286e3f0a-dedb-4ec4-a2b2-de4b3d5cab0e,2025-02-18 15:20:29.000000,Regina Diaz,ismith@example.org,Middle East,Up-sized foreground toolset,Toys,7,0.1,1395.67
4ab946a2-89a9-4af3-a0ca-0f8ee1ef2dd3,2025-12-20 19:10:04.000000,Brett Thompson,phelpsmichael@example.net,Europe,Streamlined national conglomeration,Home & Garden,6,0.1,2309.62
b9fe60c6-b2b3-42d3-9116-2039ea92659b,2026-02-02 02:28:08.000000,Mercedes Barnes,huntchristine@example.com,North America,Profit-focused grid-enabled infrastructure,Toys,6,0.0,1024.3
7e5533ba-e8a2-4417-b79e-03dde6f8dac3,2025-06-05 10:33:44.000000,Maria Burke,walkercharlene@example.com,Middle East,Front-line encompassing leverage,Toys,1,0.1,96.88
1f08f855-8d85-4df1-8309-4f28fe0d40b4,2025-05-03 09:26:45.000000,Brent Brooks,angela52@example.org,North America,Decentralized tangible model,Clothing,9,0.1,3136.25
8120053d-1aef-4f21-8161-b06c1397b542,2026-03-08 09:06:21.000000,Jennifer Pena,charlesharrington@example.com,Asia,Front-line next generation Internet solution,Toys,7,0.2,693.52
73708a7e-68fc-4e45-9375-98d4c78e0272,2024-11-26 00:36:20.000000,Lisa Allen,kcaldwell@example.org,Latin America,Business-focused 4thgeneration throughput,Sports,4,0.1,1284.1
0b6d35d7-818d-42af-b516-567d40b55023,2025-07-14 23:12:30.000000,Ethan Villanueva,travis84@example.com,Latin America,Function-based grid-enabled adapter,Clothing,4,0.2,451.15
b1c9d0dc-a38c-435f-92bc-f09006d6fba7,2025-12-27 18:17:24.000000,Lisa Brandt,jenniferross@example.net,Middle East,Multi-layered high-level initiative,Electronics,8,0.2,2791.78
57f9f3a7-6193-4947-b63f-56acbfeeb533,2026-02-20 09:26:11.000000,Diane Beck,clarence34@example.org,North America,Profound mobile time-frame,Clothing,4,0.1,680.09
658c72ee-31c4-4ef9-9b13-f2ec663b4427,2024-08-19 07:57:09.000000,Kyle Smith,nsmith@example.org,North America,Advanced context-sensitive instruction set,Toys,6,0.0,1720.26
b5878d33-1d5b-48b0-8027-b28302bfaf1c,2026-07-03 08:27:15.000000,Chase Knight,buckleyanna@example.org,Latin America,Profit-focused grid-enabled infrastructure,Toys,9,0.2,1316.95
bfa93b6e-ab98-4d93-93bd-812822f06403,2025-07-16 13:56:46.000000,Jennifer Russo,uparrish@example.org,North America,Exclusive object-oriented orchestration,Other,5,0.1,672.57
1521e825-1177-4dd5-b61b-7e117c192e61,2025-09-19 23:13:51.000000,Dawn Wilson,yorksarah@example.net,Asia,Synergized zero-defect conglomeration,Clothing,4,0.3,964.75
f334685d-b6ad-478c-be06-f427a832a228,2025-06-25 23:32:32.000000,William Huerta,lauren10@example.org,North America,,,7,0.1,0.0
4775d7ab-d207-4bc4-b885-8b6d23e7cd20,2026-05-05 15:38:40.000000,Miss Debra Williams PhD,cstone@example.com,North America,Multi-tiered dedicated circuit,Electronics,10,0.0,2243.52
049ffb5f-d6a7-4a06-abab-ba12294f513f,2025-11-04 10:52:07.000000,Kara Hernandez,turnerdorothy@example.net,Latin America,Cross-platform uniform flexibility,Toys,1,0.3,168.7
1fc8628d-4b4d-4079-ad5f-60d919bb5bf0,2025-09-09 06:27:06.000000,Kenneth Adams MD,yjones@example.org,Middle East,Down-sized contextually-based adapter,Sports,8,0.2,1729.78
13dca154-2b1f-42ab-a40e-b68ebdcf6fd4,2025-12-24 11:26:19.000000,Marc Lynch,mezajared@example.org,Asia,Re-contextualized actuating infrastructure,Clothing,2,0.1,696.38
45f3dc5a-ad68-4b45-82de-b2e6c37a927b,2024-11-17 05:09:49.000000,Shannon Davis,hallrachel@example.net,Latin America,Intuitive system-worthy access,Clothing,10,0.1,198.0
3777d823-2d8d-4db8-9bab-96cc70cef646,2026-01-26 21:23:31.000000,Cassandra Edwards,patriciaadams@example.net,Latin America,Cross-platform asymmetric leverage,Electronics,1,0.0,196.49
8844bc0c-accf-4130-a487-2e7708d16094,2025-01-04 21:25:03.000000,Jennifer Vargas,grahamtamara@example.org,Europe,Front-line encompassing leverage,Toys,9,0.2,720.25
d624f055-0c39-4d0e-b25d-b530712ab8eb,2025-11-26 01:07:58.000000,Laura Odonnell,tsanders@example.org,Latin America,Streamlined national conglomeration,Home & Garden,4,0.1,1611.36
a99c37b3-a419-4fe4-85db-19d7cfbf3d39,2026-01-28 10:38:25.000000,Emily Allen,whiteheather@example.net,Middle East,Robust secondary infrastructure,Toys,6,0.2,895.58
63ff910d-1a50-493c-a5a2-709da8f8687b,2026-01-08 04:46:38.000000,Susan Todd,kathleenbecker@example.net,Asia,User-friendly tangible synergy,Clothing,4,0.0,986.83
9923fc7a-0d6b-460f-b1a9-1c814eee5680,2024-07-24 14:45:27.000000,Jason Marshall,catherine55@example.net,North America,Innovative eco-centric open architecture,Toys,3,0.1,630.66
c461994d-609c-4e40-85bc-a4490c754a17,2024-12-24 16:27:06.000000,John Ryan,esanchez@example.com,Europe,Streamlined national conglomeration,Home & Garden,8,0.2,2972.06
e8a44238-5fe8-4710-bfec-5325edc72f12,2025-01-22 06:29:45.000000,Zachary Webb,robert11@example.net,Middle East,Down-sized contextually-based adapter,Sports,8,0.1,2058.22
6bf36656-041b-4878-9765-19e73332432b,2024-08-11 16:41:56.000000,Phillip Bennett,molly39@example.com,Latin America,Organized attitude-oriented implementation,Clothing,6,0.1,1923.48
d20e0734-564d-46aa-83ba-33a0fd42269c,2024-12-17 05:45:05.000000,Kristina Faulkner,paulscott@example.com,Europe,Multi-tiered dedicated circuit,Electronics,10,0.3,1706.01
38772265-102c-41a3-ab40-4598ae11d3c2,2026-06-06 06:47:10.000000,Jim Baker,orose@example.com,Latin America,Multi-lateral contextually-based methodology,Sports,2,0.2,423.7
0b44676d-2ac3-4be9-b958-d1532afa5f6a,2025-06-08 20:37:08.000000,Julie Ball,opatel@example.org,Asia,Re-engineered clear-thinking application,Clothing,9,0.1,2665.73
53bf8b10-d0cc-41a5-9b91-2adc833334f6,2025-03-28 14:57:54.000000,Edwin Matthews,cgrimes@example.net,Latin America,Optimized mission-critical moratorium,Home & Garden,10,0.3,1943.24
9fea97cc-3086-4fe3-a075-13728fe2c74f,2024-12-28 20:45:56.000000,Jennifer Sanford,ismith@example.org,Middle East,Mandatory discrete functionalities,Toys,4,0.1,1704.96
f05d45c7-6522-48b9-8aad-0665ef30141d,2025-06-18 08:02:55.000000,Lisa Archer,contrerasangela@example.net,Europe,Organic zero-defect hierarchy,Electronics,9,0.2,3185.32
1b1b4cd7-36ba-4918-bb7f-19981eed0236,2025-04-23 22:50:47.000000,Beth Sanford,molly71@example.net,Europe,Profound mobile time-frame,Clothing,8,0.2,1217.83
66f29d1d-03d6-4f3f-ac72-767552c83bfc,2025-12-10 23:05:26.000000,Phillip Obrien,kimberlyjames@example.com,Latin America,Mandatory discrete functionalities,Toys,5,0.1,2131.2
3677f5b4-63a1-4caa-8311-362650f51e97,2025-07-12 07:59:06.000000,Joseph Allen,jwoodward@example.net,Middle East,Devolved responsive model,Sports,2,0.0,601.79
d0a96757-a870-4d97-90e6-717638583966,2025-02-22 06:36:29.000000,Jacqueline Mccoy,aguilarjonathan@example.org,Latin America,Decentralized tangible model,Clothing,1,0.2,303.9
0b3f953a-5e75-488f-9fb8-86b2a662cb92,2024-09-11 06:55:39.000000,Jacob Hunter,alexander67@example.org,Europe,Expanded intangible standardization,Clothing,1,0.1,77.36
4d315923-693d-446c-b7f3-9aace2ad828b,2026-03-09 03:51:36.000000,Katherine Stark,warrenmary@example.org,North America,Multi-layered high-level initiative,Electronics,2,0.0,885.85
fd8fb938-fbac-4ade-bfe4-36d1994f7c31,2024-10-08 01:43:29.000000,Joseph Allen,jwoodward@example.net,Middle East,Team-oriented cohesive approach,Sports,8,0.2,1548.96
fd93754a-ca90-401c-8943-314fb668705d,2026-07-07 07:16:53.000000,Trevor Jones,pamelamartin@example.org,Middle East,Operative responsive pricing structure,Sports,5,0.0,200.48
407f2654-2be4-4e9c-91b7-6c45d9b81389,2024-10-02 13:56:55.000000,Connie Brown,tblankenship@example.net,North America,Open-architected asynchronous artificial intelligence,Other,2,0.0,401.6
a180f402-fb3e-427f-9308-e1f29990e4a9,2026-01-12 20:02:28.000000,Andrew Berry,dennishunt@example.net,Latin America,Organized contextually-based orchestration,Electronics,8,0.3,2254.46
f8ed08ae-ecaf-4800-ad8a-e3646379064f,2026-03-12 03:50:22.000000,Joanna Barrett,tamarasmith@example.net,Asia,Intuitive system-worthy access,Clothing,8,0.2,133.76
2ce27ec9-5501-40bf-a207-cb65b197aed1,2025-11-26 11:37:43.000000,Derek Mahoney,suarezmike@example.org,Asia,Re-contextualized actuating infrastructure,Clothing,9,0.2,2628.29
5166488b-b008-42da-a24b-a9d4c2ffd690,2026-05-13 09:54:10.000000,Austin Garcia,wlynn@example.org,North America,,,6,0.2,0.0
55c974a4-1148-4054-bb6c-e596aa97435d,2024-08-03 16:46:45.000000,Dean Santiago,john62@example.net,Latin America,Mandatory discrete functionalities,Toys,5,0.2,1989.12
72ebde4e-95c4-4ab0-a97f-995d9bc8d6f6,2025-05-13 23:42:05.000000,Tammie Prince,morganlaura@example.com,Middle East,Decentralized tangible model,Clothing,5,0.0,1985.48
3b803c61-bde7-4473-a3fd-d59c82d29bf8,2025-08-16 00:12:42.000000,Gina Wilson,taylortammy@example.net,Europe,Profound mobile time-frame,Clothing,2,0.0,383.54
03671560-fd06-475b-b462-931f966456be,2025-01-17 15:52:13.000000,Maria Harper,williamsmatthew@example.org,Latin America,Organized attitude-oriented implementation,Clothing,7,0.1,2343.8
e593562b-c249-459a-9dc9-06df056e3d78,2024-10-25 08:21:23.000000,Vincent Novak,jessica79@example.org,Middle East,Organic zero-defect hierarchy,Electronics,4,0.2,1566.71
6db2094b-bce7-4298-bc84-78214f10b422,2026-03-01 03:51:56.000000,Vincent Smith,morrowthomas@example.net,Middle East,Expanded intangible standardization,Clothing,9,0.2,577.75
0f571d6b-1452-4130-9ea8-ffe33e59034b,2024-11-04 20:00:07.000000,Justin Nelson,gilbertbrenda@example.org,Middle East,Expanded composite infrastructure,Home & Garden,2,0.2,344.34
33b70b63-4bee-4160-bfac-89fe5fe0c7c3,2024-11-15 19:07:35.000000,Derek Hodge,taylorkaren@example.com,Latin America,Innovative eco-centric open architecture,Toys,8,0.2,1444.12
09b4413c-a45c-494a-b452-98c460310461,2025-01-21 21:36:57.000000,Corey Rodriguez,jessicawong@example.net,Latin America,Synergistic demand-driven implementation,Clothing,3,0.2,1121.99
fd11b3ff-991b-449e-b9ad-d00aec648a9b,2025-06-30 15:26:16.000000,Matthew Foster,shannonjordan@example.org,North America,Function-based methodical product,Clothing,9,0.1,3414.15
225f52ab-5425-44b8-a098-d2e3bd3fdb62,2025-02-22 00:26:04.000000,Christopher Jones,ortizhannah@example.com,Middle East,Organized attitude-oriented implementation,Clothing,10,0.1,3098.94
c2afba28-c976-4c61-a4c3-1af7514a36bf,2024-08-20 18:07:07.000000,Kendra Sanders,john10@example.net,Middle East,Devolved responsive model,Sports,9,0.3,1954.26
6a367425-fa41-4d2e-8ab2-14388557ec6c,2025-12-06 08:14:34.000000,Taylor Carlson,chenbailey@example.net,North America,Re-contextualized actuating infrastructure,Clothing,7,0.2,2018.02
0610c42d-c024-4ac1-89d8-3188d00dcc4f,2025-01-14 20:50:17.000000,James Davis,thomasboyle@example.org,Europe,User-friendly tangible synergy,Clothing,6,0.2,1226.06
57bd0ca8-54ce-40ea-bb9d-92c0d8d0b8db,2025-01-25 03:37:49.000000,Tracey Wagner,fortiz@example.com,Middle East,Organized attitude-oriented implementation,Clothing,4,0.1,1268.07
e81909ce-0dd7-4ac2-8a10-55c534b0738e,2026-07-03 18:32:34.000000,Matthew Foster,shannonjordan@example.org,North America,Expanded composite infrastructure,Home & Garden,5,0.1,995.02
cd2bf206-3f93-4507-bd06-3a58aa3dd585,2026-01-05 20:54:41.000000,Hannah White,urice@example.org,Latin America,Function-based grid-enabled adapter,Clothing,7,0.0,1012.2
9baa0785-38f2-47f0-b831-4c26b23f4738,2026-05-29 20:11:48.000000,Lisa Brandt,jenniferross@example.net,Middle East,User-centric coherent leverage,Sports,10,0.0,3371.0
2efcd60c-5256-4d59-857f-2f3e61a90fb1,2025-06-29 13:59:11.000000,Laura Barnett,anthony52@example.com,Europe,Advanced context-sensitive instruction set,Toys,1,0.1,274.64
deaf9631-108a-4b5c-818c-0313a1396d49,2025-08-06 20:39:30.000000,Connie Brown,tblankenship@example.net,North America,Organized contextually-based orchestration,Electronics,6,0.0,2324.92
0d56e000-3145-4a6c-b423-23d911ea8815,2025-11-25 17:14:20.000000,Dr. Alicia Powell,hawkinsaaron@example.org,Asia,Down-sized contextually-based adapter,Sports,5,0.3,985.32
3447c34a-f032-4262-a43b-7101fdf48930,2024-10-26 12:24:31.000000,Elizabeth Wright,millereric@example.net,Europe,Horizontal maximized product,Electronics,10,0.3,1535.76
8c813e53-97b6-4461-ac76-04c1177d8b26,2026-04-27 14:51:43.000000,Marc Lynch,mezajared@example.org,Asia,Synergistic demand-driven implementation,Clothing,1,0.1,423.21
3c7ed208-3451-4f94-ae8b-46d3cb946541,2025-08-19 02:51:40.000000,Marc Lynch,mezajared@example.org,Asia,Fundamental contextually-based neural-net,Electronics,5,0.1,1037.74
77922d9e-b998-42d3-ad1e-0d7d140296ee,2025-03-19 21:52:21.000000,Melissa Wiley,uclements@example.net,Europe,Cross-platform uniform flexibility,Toys,4,0.1,874.37
3eb366fd-3291-4c95-b8bf-9cae2a064fd2,2025-06-15 08:01:39.000000,Erin Anderson,lucasrodney@example.com,North America,Intuitive system-worthy access,Clothing,10,0.1,193.6
4d980202-3fbc-45e0-9b19-11122d2ae08e,2025-02-27 15:08:43.000000,Billy Schneider,edwardmoore@example.net,Middle East,Organized contextually-based orchestration,Electronics,2,0.2,610.58
a2b6eddc-f7bc-40ef-b2c1-e68e93906193,2024-12-24 10:10:07.000000,Mercedes Barnes,huntchristine@example.com,North America,Exclusive object-oriented orchestration,Other,3,0.2,364.9
7b2e00e6-c802-4d0e-9cc7-eb514598ab17,2024-09-21 03:23:15.000000,Stephanie Atkinson,hessbeth@example.net,Europe,Down-sized contextually-based adapter,Sports,10,0.2,2052.75
65f35984-5c0d-4fcc-b8f9-60bdf37599aa,2025-05-10 08:56:46.000000,Diane Beck,clarence34@example.org,North America,Open-architected asynchronous artificial intelligence,Other,5,0.0,993.96
6c35e33c-70fe-45a1-b880-adc62af2b718,2025-08-17 11:07:04.000000,Amy Dunlap,dalepruitt@example.com,Latin America,Down-sized scalable workforce,Home & Garden,7,0.0,1892.67
c2a49fd8-6ef5-4cee-bc24-3f9f9c014262,2024-11-19 01:34:01.000000,Todd Hudson,harveyrobert@example.net,Europe,Business-focused 4thgeneration throughput,Sports,6,0.1,1969.92
7b64665c-cb26-4809-b429-73f5d1d18e0b,2024-08-05 09:05:13.000000,John Allen,brent38@example.net,Latin America,Multi-lateral high-level open architecture,Toys,7,0.3,1246.9
daa282b4-6d69-488c-a1a4-b230c30dcc74,2024-09-23 15:21:17.000000,Paul Williams,jeffrey10@example.org,North America,Business-focused 4thgeneration throughput,Sports,4,0.2,1138.18
4cdbf99e-ebe9-4dd4-a80d-9169c24489e1,2025-10-26 06:48:14.000000,Elizabeth Molina,howardshaun@example.net,Asia,Open-architected asynchronous artificial intelligence,Other,1,0.2,162.65
ba059e68-8d87-47be-a71d-d0f18985c98d,2024-12-04 11:03:16.000000,David Moon,joseph19@example.com,Middle East,Team-oriented cohesive approach,Sports,1,0.1,209.76
4e4c01f6-76b1-48fa-a165-2fd341dddedf,2025-07-08 07:33:24.000000,Jeffrey Henderson,dshields@example.net,Middle East,Devolved responsive model,Sports,9,0.2,2317.19
9b247a55-8fe8-4b77-a009-a05a48817b98,2025-07-29 11:22:12.000000,Lucas Allen,qlopez@example.org,Latin America,Horizontal heuristic Graphic Interface,Electronics,4,0.0,295.64
b7014925-22fb-4906-954e-d52c126aa315,2025-07-20 11:23:38.000000,Robert Campbell,xmoreno@example.net,Asia,User-friendly tangible synergy,Clothing,7,0.3,1238.52
308b5146-ea87-4f65-a79c-058a321a6d71,2024-07-24 05:42:47.000000,James Bailey,jeffery48@example.net,Europe,Open-architected asynchronous artificial intelligence,Other,10,0.2,1706.8
baf9706d-802d-4cc4-9c95-6e3103491b41,2026-02-04 09:11:59.000000,Connie Brown,tblankenship@example.net,North America,Multi-lateral high-level open architecture,Toys,5,0.2,940.12
ecfa1700-6790-4ee0-bdcf-e9245fcf5c22,2025-06-08 23:13:53.000000,Michael Martinez,mccannangela@example.net,Europe,Fundamental contextually-based neural-net,Electronics,6,0.0,1371.22
be006ccb-f872-4487-a507-c321f0b6844f,2025-05-06 19:42:25.000000,Martha Wright,colemichael@example.org,Middle East,Expanded composite infrastructure,Home & Garden,1,0.2,187.82
a41bc4c2-4ecc-40ab-bd53-38ca625046c0,2025-10-20 22:39:24.000000,Cindy Barnes,eric45@example.net,Asia,Intuitive system-worthy access,Clothing,7,0.2,130.9
09f08f24-e28f-4537-a8a6-4d97123c6a29,2026-07-06 19:42:42.000000,Donald Juarez,barbaramoore@example.org,Asia,Down-sized contextually-based adapter,Sports,3,0.2,632.25
90cbb982-eea0-4af9-a283-f50f1fddc20a,2024-11-24 02:26:10.000000,Craig Hall,victorpena@example.net,Latin America,Horizontal maximized product,Electronics,4,0.2,725.22
f5044d15-6fb1-48c2-8350-bf4f31b8f079,2025-02-04 06:08:37.000000,Christine Parker,melissa12@example.net,Europe,Down-sized scalable workforce,Home & Garden,4,0.2,915.99
b8e51141-c067-4073-a9c0-00f0c571f9ab,2025-04-17 17:45:34.000000,Melinda Compton,dennismccann@example.com,North America,Profound mobile time-frame,Clothing,4,0.1,735.44
a28e0841-7d16-4228-b589-717e8275b18a,2026-01-06 18:09:16.000000,Jennifer Lewis,reeddaniel@example.net,Europe,Business-focused 4thgeneration throughput,Sports,7,0.1,2298.24
3f2dbf97-bc54-4d54-ac8d-e840ed305556,2025-01-25 05:34:00.000000,Dwayne Klein,sandra47@example.org,Europe,Multi-lateral high-level open architecture,Toys,6,0.1,1335.96
d0290d6b-ebe5-4cc4-88d5-7cf77a4c38ef,2025-04-27 17:01:57.000000,Susan Smith,marydunn@example.net,Middle East,Innovative eco-centric open architecture,Toys,10,0.2,1828.0
42e6918c-25db-4e8d-a534-9425aa69b7f7,2025-11-03 05:55:12.000000,Brittany Miller,dixonjames@example.org,Europe,Function-based grid-enabled adapter,Clothing,10,0.0,1388.16
25b9de82-ae5a-4f99-b1bb-5d9b7499bb6b,2025-02-03 12:03:16.000000,Nicholas Mcbride,wrightjames@example.com,Latin America,,,4,0.2,0.0
f3a7bd25-940e-4521-9a26-755a3f569381,2025-12-17 15:37:41.000000,Marc Lynch,mezajared@example.org,Asia,Cross-platform asymmetric leverage,Electronics,2,0.0,388.97
1de20f2d-0328-4b00-a953-4ea7d76d9612,2026-03-11 19:44:42.000000,Kim Brown,yorkcasey@example.org,North America,Cross-platform uniform flexibility,Toys,10,0.3,1710.72
eab8d5be-b62c-49bf-a4f7-3a3017a15a60,2025-05-15 12:32:34.000000,Jaime Lang,stucker@example.net,Latin America,User-centric coherent leverage,Sports,1,0.1,303.39
f9619ae2-960e-4c1a-b4c0-fd1865cd7fd1,2026-06-20 19:33:29.000000,Jeffrey Howell,watsonmatthew@example.org,Europe,Cross-platform fresh-thinking hierarchy,Toys,5,0.1,1833.52
3056b87f-e8f2-4d63-84be-d7ed1491b51d,2026-06-01 09:43:13.000000,Rebecca Henderson,cruzcaitlin@example.com,North America,Up-sized foreground toolset,Toys,4,0.2,683.59
6d4772f8-d46a-47af-aa73-6a676c461d48,2025-02-02 09:38:36.000000,Amanda Diaz,christopherphillips@example.net,Asia,Organized contextually-based orchestration,Electronics,9,0.2,2958.98
f7ba19f9-802a-43cc-8d5e-42e8b11c377f,2025-09-08 03:22:29.000000,Mary Steele,whitejacqueline@example.com,Asia,Horizontal maximized product,Electronics,8,0.2,1382.18
960952eb-61fe-4f28-a2fb-8d66a8928ad4,2025-03-17 04:55:26.000000,David Beck,thomas85@example.com,Middle East,Down-sized contextually-based adapter,Sports,1,0.1,243.59
e05bc7ea-c0a1-4dbc-a95f-34ffbbe30fd2,2026-07-08 22:21:59.000000,David Maynard,katherinetaylor@example.org,North America,Organic zero-defect hierarchy,Electronics,9,0.0,4204.63
1bf962a5-16c0-48e8-9e92-2cf1ba47680f,2025-11-27 03:02:28.000000,Donna Landry,gibsonleonard@example.com,Latin America,Synergized zero-defect conglomeration,Clothing,5,0.1,1596.59
35a37765-bfac-463e-84de-950f2488dee3,2026-07-13 08:33:10.000000,William Johnson,jbond@example.net,Asia,Re-engineered clear-thinking application,Clothing,2,0.1,585.73
4edfaa12-b2f2-40e3-a5e1-605bbf8ff33e,2024-07-25 23:27:54.000000,Bryan Jimenez,ythompson@example.net,North America,Organic zero-defect hierarchy,Electronics,6,0.3,2095.24
49d0aac1-a78e-437c-aab6-2dbf8663e8bb,2026-02-10 08:40:46.000000,Katherine Stark,warrenmary@example.org,North America,Open-architected asynchronous artificial intelligence,Other,9,0.0,1752.98
5fe92750-2d28-42a8-abae-afc76e52b671,2024-12-12 18:31:49.000000,Michael Berger,nguyenbrian@example.com,Middle East,Horizontal heuristic Graphic Interface,Electronics,8,0.2,516.59
7c89617d-32b1-492b-a263-960ab43c6fef,2024-12-09 08:12:56.000000,Kara Wilson,qruiz@example.com,Latin America,Optimized mission-critical moratorium,Home & Garden,1,0.1,244.22
735e8153-1c38-42e8-b2cf-cd6380ab4b7f,2025-10-04 11:08:43.000000,Julia Erickson,ssalinas@example.org,Europe,Advanced context-sensitive instruction set,Toys,6,0.2,1539.18
3370dc1d-2f85-499d-b66b-3575d07a9518,2024-09-04 19:17:14.000000,Kirk Thompson,wmatthews@example.com,North America,Multi-lateral contextually-based methodology,Sports,1,0.1,226.98
c2589de2-cf26-4489-aec7-5a83bffa7a4f,2024-12-17 00:46:28.000000,Kendra Sanders,john10@example.net,Middle East,Innovative eco-centric open architecture,Toys,5,0.1,1062.52
df223246-e6fb-41d3-bba2-6c214264e318,2025-06-03 12:13:28.000000,Thomas Cohen,rachel90@example.org,Latin America,Multi-tiered dedicated circuit,Electronics,1,0.2,189.3
9fda15ac-e9b8-4e7a-a078-6a1f70d3b5f7,2024-10-13 19:19:57.000000,Margaret Montgomery,haynescharles@example.net,Middle East,Team-oriented cohesive approach,Sports,1,0.3,165.96
146e6a4f-2a87-4e02-a2ed-50b9de4cf8bc,2025-03-05 16:02:20.000000,Vincent Smith,morrowthomas@example.net,Middle East,Multi-tiered dedicated circuit,Electronics,4,0.0,888.06
46d9e34d-1feb-41c7-a0b2-d14b15f0e5ea,2024-09-08 21:43:14.000000,Casey Obrien,michele28@example.org,Middle East,Function-based methodical product,Clothing,3,0.0,1226.56
3c1a8ce2-95ec-4c2c-8798-3bc0579744ba,2025-07-27 04:25:47.000000,Dylan Cruz,kwright@example.com,Middle East,Profound mobile time-frame,Clothing,10,0.3,1462.98
19cea0c3-c2b2-447d-ac3c-ebe37c35b274,2024-07-28 08:59:50.000000,William Oconnor,fconner@example.net,Europe,,,7,0.1,0.0
f488e328-c075-4119-841d-de330fa1659f,2024-07-26 14:29:47.000000,Phillip Obrien,kimberlyjames@example.com,Latin America,Multi-lateral high-level open architecture,Toys,5,0.3,903.01
fcd49681-ca09-4b17-951b-2503aa528f85,2024-08-22 12:05:48.000000,Joseph Romero,myerstheodore@example.net,North America,Function-based grid-enabled adapter,Clothing,9,0.0,1249.34
cab285dc-85b7-4774-b608-937418caa0a9,2024-07-26 15:09:16.000000,Scott Hernandez,tanyafoster@example.org,Asia,Fundamental contextually-based neural-net,Electronics,10,0.2,1958.88
fca54576-8523-43d7-9a5d-376e602ba256,2026-03-04 08:38:06.000000,Brett Thompson,phelpsmichael@example.net,Europe,Multi-layered high-level initiative,Electronics,3,0.1,1221.4
56282768-6df0-4c3c-9ab8-180f56479889,2025-05-04 23:43:03.000000,Daniel Velez,paul70@example.org,Middle East,Business-focused 4thgeneration throughput,Sports,3,0.2,875.52
ffdba2ee-57d3-4c63-a3e1-03bbae8e6075,2025-03-22 19:58:46.000000,Keith Flynn,kellyhill@example.net,North America,Multi-lateral contextually-based methodology,Sports,6,0.0,1482.94
5c784ca4-f0e4-4a0b-bd56-3b0ed11ce5c8,2025-12-19 13:44:23.000000,Eric King,jennifermccormick@example.org,Europe,User-friendly tangible synergy,Clothing,2,0.1,468.5
0ea761a6-9c5d-4b8d-a0e1-2973660237ed,2025-04-23 12:38:52.000000,Grant Phillips,devonmorrison@example.net,Asia,Front-line encompassing leverage,Toys,1,0.2,81.08
66dce997-b2c4-44a4-9edb-cef974f8a913,2026-02-04 06:51:57.000000,Kirk Thompson,wmatthews@example.com,North America,,,5,0.0,0.0
238c8712-eccf-4b91-a352-09a0d5de293b,2024-08-09 22:29:59.000000,Patrick Thornton,qhughes@example.net,Latin America,Synergistic demand-driven implementation,Clothing,3,0.1,1387.72
87d75309-de77-4156-9f76-043f9a16b853,2025-02-23 01:26:03.000000,Margaret Alvarez,william28@example.org,Asia,Mandatory discrete functionalities,Toys,10,0.1,4357.12
d0a73b72-c05e-4ade-b303-0188f378cb94,2025-01-30 00:51:33.000000,Krystal Barton,hdunn@example.net,Europe,Mandatory discrete functionalities,Toys,4,0.2,1553.41
afa9d02c-9e4c-4be7-b3b0-e73d5e516bf8,2025-12-14 18:07:21.000000,Maria Harper,williamsmatthew@example.org,Latin America,Reverse-engineered multi-state knowledge user,Home & Garden,1,0.1,337.49
69c2aa17-83d1-477a-b9a6-ab72deaeb0c0,2025-12-15 19:19:53.000000,Kristina Preston,jeffrey92@example.com,Asia,Business-focused 4thgeneration throughput,Sports,8,0.0,2801.66
a358c4d3-fc76-427b-80cd-11a8301c8108,2026-04-13 04:05:56.000000,Allison Thomas,gonzalezkaren@example.org,Middle East,Open-architected asynchronous artificial intelligence,Other,8,0.2,1269.06
5c366f5c-a23f-4abf-8441-e22c527a9f7b,2026-05-30 09:46:51.000000,Patricia Baker,katiebutler@example.net,North America,Expanded intangible standardization,Clothing,7,0.2,489.68
bc5e3e2f-cebc-4bd7-b837-8be20bb68d75,2025-03-30 20:00:41.000000,Gina Beard,angela83@example.org,Asia,Multi-lateral contextually-based methodology,Sports,4,0.1,938.18
9b54d227-3bca-4ff6-b1be-0c72ad8cc85c,2025-08-01 08:11:25.000000,Edwin David,kellie37@example.com,Asia,Cross-platform asymmetric leverage,Electronics,1,0.3,144.36
cb40fcdd-9cd2-4a08-bd3c-83c3667139de,2024-09-22 04:36:51.000000,Daniel Miller,ramseysarah@example.com,North America,,,4,0.2,0.0
ee75b34e-f067-4ba1-ad8b-ebc3592c6a0e,2026-07-13 23:58:52.000000,Mr. David Little MD,nolansteven@example.com,Asia,Cross-platform asymmetric leverage,Electronics,4,0.0,785.96
db6ae7db-a888-47af-bca3-9bae79e3202e,2026-01-15 07:24:07.000000,Kayla Jackson,sandra99@example.org,Asia,Function-based grid-enabled adapter,Clothing,10,0.2,1229.1
628616f4-bbf9-404b-99b7-775fe7bb5e42,2025-03-06 05:47:05.000000,Taylor Carlson,chenbailey@example.net,North America,Decentralized grid-enabled service-desk,Electronics,4,0.1,1251.41
24a63a6c-b641-4449-b1f0-90219b6fbe20,2026-05-27 15:07:25.000000,Jennifer Sanford,ismith@example.org,Middle East,Profit-focused grid-enabled infrastructure,Toys,10,0.2,1358.76
20bb859a-0820-4d4e-812f-dd98b7776609,2025-08-11 17:46:39.000000,Patrick Smith,meyernicholas@example.org,Europe,Expanded composite infrastructure,Home & Garden,10,0.2,1833.52
d51528af-4d25-498f-964b-85f0cbfc721c,2025-12-25 18:34:11.000000,Jeffrey Colon,kevinmorrison@example.net,Latin America,Robust secondary infrastructure,Toys,1,0.2,164.98
dff1f5e3-fcba-4c80-8c7a-a939ff0dd3c2,2025-07-18 13:37:17.000000,Hannah White,urice@example.org,Latin America,Decentralized grid-enabled service-desk,Electronics,1,0.3,266.1
f47e3ca0-723f-485a-a57b-084d2b0582e0,2024-10-18 20:11:17.000000,Jane Harper,shawn96@example.org,Middle East,Profound mobile time-frame,Clothing,9,0.1,1565.78
3dabba61-8a69-4650-a9a2-e9cd7b6f65df,2025-01-26 00:15:59.000000,Melinda Compton,dennismccann@example.com,North America,Profit-focused grid-enabled infrastructure,Toys,9,0.1,1379.66
f1b7bd1e-c0d5-4828-aba1-7f78362e17d4,2025-12-15 10:19:19.000000,Patrick Hardy,staceylam@example.net,North America,,,1,0.1,0.0
6f552c9e-1b00-4f9f-96e5-00e5b32d3c81,2026-01-27 22:36:41.000000,Heidi Stark,brownamy@example.net,Latin America,Function-based methodical product,Clothing,5,0.2,1622.78
edd0ce02-edd3-4be9-a905-2dd7077b1426,2025-03-31 14:11:52.000000,Eric Hill,bellcharles@example.com,Middle East,Decentralized grid-enabled service-desk,Electronics,3,0.1,938.56
47c58839-c42c-40ba-a22c-636fe713f930,2025-01-08 03:53:20.000000,Tiffany Townsend,matthewsalexander@example.org,Asia,Synergized zero-defect conglomeration,Clothing,9,0.3,2231.83
79eef2c0-aa7a-407d-81f3-f1b9b81bda1d,2026-06-18 02:35:50.000000,Jessica Simpson,shelly68@example.com,Middle East,Robust secondary infrastructure,Toys,8,0.0,1524.06
22c0eee9-aa5c-48cd-9f83-5b8dabac8660,2026-07-07 16:49:52.000000,Thomas Cohen,rachel90@example.org,Latin America,Cross-platform fresh-thinking hierarchy,Toys,3,0.2,984.98
7df102c2-b9b4-4225-a230-36d288d7d47c,2024-09-29 05:44:18.000000,Patrick Smith,meyernicholas@example.org,Europe,Down-sized contextually-based adapter,Sports,1,0.0,262.75
df377ff8-5532-4432-b118-cad6cba88a28,2025-01-10 19:49:55.000000,Dwayne Klein,sandra47@example.org,Europe,Devolved responsive model,Sports,8,0.0,2456.78
ec814510-c42e-4fc8-9372-e80dee892190,2025-10-30 13:15:28.000000,Julie Ball,opatel@example.org,Asia,Operative responsive pricing structure,Sports,4,0.3,119.88
6083bf88-57dd-451e-a4dc-4d4e108e04ac,2026-06-27 22:31:36.000000,Maurice Gray,christinaturner@example.net,North America,Front-line next generation Internet solution,Toys,1,0.2,104.36
b99b70d6-bc6a-48a7-be33-2380b7aa53b6,2025-05-13 10:15:46.000000,Karen Howard,kathleenhall@example.com,Asia,Upgradable disintermediate protocol,Toys,3,0.2,940.45
8fd8acb4-c8fb-4050-a460-cf44a7674726,2026-05-16 23:24:25.000000,Carol Lawson,stricklandfrank@example.com,Asia,Intuitive system-worthy access,Clothing,2,0.2,34.76
393aa0a9-3bbd-480c-8ef6-6a146fdcc21b,2025-02-07 05:38:35.000000,Amy Walker,finleycasey@example.com,North America,Re-contextualized actuating infrastructure,Clothing,2,0.2,628.99
1c8390ba-1672-480e-8a7d-6fa11d9ddb86,2024-09-28 05:27:40.000000,Christopher Ferrell,tjimenez@example.com,Europe,User-friendly tangible synergy,Clothing,9,0.2,1839.1
efed098b-979a-4368-bd96-bb0a5719d3e4,2024-12-14 03:16:15.000000,Michael Warner,ojones@example.com,Europe,Team-oriented cohesive approach,Sports,9,0.1,1846.3
92a593c8-1db9-4330-b127-6a5cbe9f44cb,2025-05-02 14:53:49.000000,Mark Carpenter,kennedyjames@example.org,Europe,Multi-lateral contextually-based methodology,Sports,6,0.2,1255.96
f43dd740-5039-4a8c-9a73-dae0209e6e48,2025-05-12 07:07:56.000000,Jacqueline Mccoy,aguilarjonathan@example.org,Latin America,Front-line encompassing leverage,Toys,3,0.3,233.77
4f908490-006e-4070-bca6-a6b093b0d27e,2024-09-07 01:24:02.000000,Susan Murray MD,tyronemoran@example.net,Middle East,Business-focused 4thgeneration throughput,Sports,1,0.1,317.38
d8dcc3a5-309a-4327-891d-47fe970e287a,2025-05-18 11:20:20.000000,Travis Joyce,xhammond@example.com,North America,User-friendly tangible synergy,Clothing,8,0.1,1814.18
c572aa5b-51d4-4f72-ac77-8135fad76ab7,2025-04-30 12:19:10.000000,John Kennedy,yarnold@example.org,Asia,Cross-platform fresh-thinking hierarchy,Toys,3,0.3,908.23
cbebb43f-ef15-4821-ade6-bf3ccc2a261d,2024-10-27 02:19:18.000000,Brandon Hall,hoffmanjennifer@example.net,North America,Mandatory discrete functionalities,Toys,5,0.0,2368.0
973d1855-9a03-4d06-a9eb-0bf9850e6d30,2025-01-09 12:48:02.000000,Juan Brown,warnerchristopher@example.com,Europe,Streamlined national conglomeration,Home & Garden,9,0.2,3061.58
89cd90e7-025a-4dd4-a533-31401b493710,2026-05-14 00:57:42.000000,Rachel Leon,troyrodriguez@example.com,Asia,Streamlined national conglomeration,Home & Garden,4,0.1,1665.07
d0ef1299-250b-4c5a-90e0-8a8175ea1023,2025-03-08 12:58:26.000000,Jacqueline Mccoy,aguilarjonathan@example.org,Latin America,Exclusive object-oriented orchestration,Other,8,0.1,1007.42
ae133adc-7ff5-488e-b80a-1bb7d653d4bb,2025-07-10 00:13:17.000000,Ashley Brennan,dwalker@example.com,Asia,Open-architected asynchronous artificial intelligence,Other,10,0.0,2008.0
2557c82c-488c-4ea4-99f9-a33825bdab14,2026-02-21 05:59:18.000000,Brandy Myers,susan24@example.net,Latin America,Horizontal maximized product,Electronics,5,0.2,863.86
d3e78237-cd21-44d3-9960-6af0aa546c79,2026-01-18 00:01:59.000000,Emily Allen,whiteheather@example.net,Middle East,Organized contextually-based orchestration,Electronics,1,0.1,367.92
4f13823b-51f4-4724-9950-385808cac260,2025-08-15 04:47:11.000000,Todd Hudson,harveyrobert@example.net,Europe,Robust secondary infrastructure,Toys,6,0.0,1166.62
4600fc5f-1f9b-4662-b048-16fdfd869a13,2026-05-10 09:28:56.000000,Kimberly Morrison,kellythompson@example.net,Asia,Profit-focused grid-enabled infrastructure,Toys,10,0.2,1306.5
a18e4440-7a70-4cf8-92ef-d363b4dea4a4,2026-04-25 15:37:58.000000,Emily Douglas,tanderson@example.org,Middle East,Up-sized foreground toolset,Toys,2,0.0,433.82
b4428cde-4a9f-4c5c-beb9-fe2d37387270,2025-05-09 14:08:23.000000,David Garcia,jennifer12@example.org,Europe,Expanded intangible standardization,Clothing,3,0.2,197.52
5548f613-cf69-4f2d-bb2c-2c830f0e5767,2024-11-16 14:21:28.000000,Vanessa Hatfield,david96@example.com,Europe,Organic zero-defect hierarchy,Electronics,10,0.2,3916.77
d91b1cb6-35ea-4d3e-b77d-ff3ad3f04058,2026-02-10 01:31:07.000000,Charles Edwards MD,glennstephanie@example.com,North America,Expanded intangible standardization,Clothing,8,0.2,513.55
b34de663-399e-4d08-8f77-98ccef36feb1,2026-02-12 10:42:02.000000,Curtis Taylor,jjohnson@example.net,Asia,Profit-focused grid-enabled infrastructure,Toys,2,0.2,268.27
c6aa7991-dd8c-41ca-ac54-12b40d74fc38,2024-12-07 00:57:39.000000,Ricardo Young,williamsrobert@example.net,North America,Re-contextualized actuating infrastructure,Clothing,7,0.2,1965.6
e9917f60-a8c4-40ca-90a4-a31afc00f3e7,2026-05-11 01:18:30.000000,Chelsea Gill,timothybooth@example.com,Europe,Fundamental contextually-based neural-net,Electronics,2,0.2,368.46
8c45fc9e-0585-4672-bdb6-51a628c0e305,2025-05-21 16:30:54.000000,Shannon Johnston,amckinney@example.com,Middle East,Up-sized foreground toolset,Toys,9,0.1,1735.27
793228b9-ad8a-44bc-ac24-dcaa566082e1,2025-04-17 12:41:52.000000,Connor King,courtneyberger@example.net,Latin America,Down-sized contextually-based adapter,Sports,4,0.2,897.74
126301a0-641c-4619-a430-58d9c1f98e90,2025-09-03 23:30:55.000000,Christian Lewis,irussell@example.com,North America,Down-sized scalable workforce,Home & Garden,9,0.3,1738.17
b245b7d9-4849-432c-8875-4d16ba0c96e2,2026-07-07 22:56:17.000000,Katherine Cummings,umurray@example.com,Middle East,User-friendly tangible synergy,Clothing,10,0.3,1794.24
c0948932-52cb-4f69-a182-b51818e9ef77,2026-03-27 14:15:46.000000,Zachary Brooks,florescory@example.net,North America,Front-line next generation Internet solution,Toys,9,0.2,986.79
0ddb0654-ce19-4f51-9da8-b3919494065d,2026-05-12 01:22:59.000000,Paul Marks,wiseanthony@example.com,North America,Innovative eco-centric open architecture,Toys,3,0.2,562.11
7520d99e-4dd7-4b5c-b5a7-8756ef4055dd,2025-12-11 11:02:38.000000,Juan Brown,warnerchristopher@example.com,Europe,Profound mobile time-frame,Clothing,8,0.2,1344.36
711f4ae4-2337-41e0-93c0-968729e7e176,2026-01-12 13:19:59.000000,John Kennedy,yarnold@example.org,Asia,Mandatory discrete functionalities,Toys,4,0.2,1496.58
25131cd4-e5b0-45b4-8a84-525f7b814ce1,2024-12-30 22:06:36.000000,Sarah Phelps,ofinley@example.net,Europe,Re-engineered clear-thinking application,Clothing,2,0.0,658.94
32167340-bf95-4f33-8dea-6f5237d7cab3,2026-02-12 03:07:10.000000,Michael Ray,crawfordwilliam@example.org,North America,Cross-platform fresh-thinking hierarchy,Toys,4,0.2,1296.26
b9d859f5-5cba-4410-8256-8225a6b78891,2026-05-16 23:24:44.000000,Justin Nelson,gilbertbrenda@example.org,Middle East,,,1,0.1,0.0
c9167a93-ada6-4c4b-9a19-40e4935fe6e2,2026-05-18 18:05:28.000000,Laura Henderson,sreid@example.net,Europe,,,4,0.0,0.0
fb924354-f34d-4b13-a065-f5cf25c978b5,2025-06-17 17:42:33.000000,Mr. David Little MD,nolansteven@example.com,Asia,Down-sized contextually-based adapter,Sports,5,0.1,1259.02
ed0d6017-2b10-4823-9777-0933adf01fe0,2024-09-02 17:52:38.000000,Sarah Wagner,rebecca01@example.net,Asia,Advanced context-sensitive instruction set,Toys,5,0.2,1282.65
794febef-f962-47e5-9b07-8b1118969587,2024-12-07 12:22:53.000000,Ricardo Young,williamsrobert@example.net,North America,Business-focused 4thgeneration throughput,Sports,1,0.0,353.86
faf36aec-1e0a-4157-8d6e-d01ef1efa963,2025-08-25 08:11:24.000000,Joshua Li,mariacohen@example.net,Europe,Up-sized foreground toolset,Toys,7,0.2,1196.29
6f0eebef-97e8-4057-96a7-01aba66ccf43,2024-11-13 09:17:46.000000,Brittany Miller,dixonjames@example.org,Europe,Optimized mission-critical moratorium,Home & Garden,3,0.1,740.53
3eb862c6-676c-469f-b8f9-1075a08145d2,2024-08-16 09:27:15.000000,Joanna Barrett,tamarasmith@example.net,Asia,Up-sized foreground toolset,Toys,8,0.3,1279.54
2c281bbd-f45d-4d91-989d-a530b01fb9f3,2025-12-10 00:47:57.000000,David Garcia,perezwilliam@example.org,Latin America,Decentralized grid-enabled service-desk,Electronics,9,0.3,2362.57
b119779c-c69e-47c9-a018-5b17bec5715c,2026-03-30 17:43:06.000000,Shawn Odom,roberthill@example.net,Europe,,,1,0.2,0.0
c7195dd0-16f0-419c-a894-b11eabb558e1,2025-07-16 03:17:15.000000,Erin Anderson,lucasrodney@example.com,North America,Down-sized scalable workforce,Home & Garden,6,0.2,1373.98
5e08e249-71f3-4593-a737-d19ba1e09bf1,2024-07-30 00:04:00.000000,Brett Thompson,phelpsmichael@example.net,Europe,Innovative eco-centric open architecture,Toys,2,0.3,324.47
1f3ec572-1527-42ac-9ddb-4f151eb85863,2025-08-04 23:28:28.000000,Angela Schultz,rebeccabailey@example.net,North America,Optimized mission-critical moratorium,Home & Garden,6,0.3,1102.92
827ee0b2-e892-4b25-ab35-f75aa43366c9,2025-01-11 16:52:30.000000,Michael Ray,crawfordwilliam@example.org,North America,Organized attitude-oriented implementation,Clothing,3,0.2,886.94
fcc2ed18-92ae-413c-963b-d56405e514ff,2025-10-08 18:23:21.000000,Kelly Lee,charles87@example.net,North America,Expanded intangible standardization,Clothing,10,0.0,790.08
becfdded-b198-447f-8612-d4247ac067a6,2024-10-02 10:22:55.000000,Gail Barron,matthewvalenzuela@example.com,Europe,Cross-platform asymmetric leverage,Electronics,5,0.2,791.98
624b31d7-2e5c-48ad-97c6-eb3ccb5a1c0e,2025-08-01 01:45:54.000000,Thomas Velasquez,sarah60@example.com,Europe,Upgradable disintermediate protocol,Toys,1,0.1,369.75
6f041c76-b3e6-422d-a504-4925fffcff63,2025-03-09 17:40:40.000000,Michael Smith,michaeljones@example.net,Latin America,Streamlined national conglomeration,Home & Garden,4,0.1,1593.46
534234cf-1974-4b71-a00f-7ed09248c8c8,2024-09-08 07:28:33.000000,Mitchell Griffith,kingjames@example.org,Europe,Advanced context-sensitive instruction set,Toys,4,0.2,1014.05
cb93dab6-dcb9-4394-a8ac-64c4b6b98240,2025-09-11 11:42:52.000000,Olivia Harris,sarakim@example.net,North America,Cross-platform fresh-thinking hierarchy,Toys,6,0.2,1944.38
b363d272-d018-4ce6-a7c3-bd9e2f54f0e5,2024-08-05 07:52:52.000000,Kiara Smith,simsjohn@example.net,Latin America,Multi-layered high-level initiative,Electronics,2,0.1,778.48
89529c51-d145-4eb7-8e59-f57964cfd9b9,2026-03-21 12:48:22.000000,Shannon Smith,maldonadoamanda@example.com,North America,Exclusive object-oriented orchestration,Other,9,0.0,1223.5
105dd35c-7d12-4b6b-87b3-d329cfec1804,2025-08-28 00:47:59.000000,Cody Holt,sandra84@example.org,Europe,Exclusive object-oriented orchestration,Other,9,0.1,1171.99
b6b84329-89fa-45cc-95b0-4f8ad64f10b5,2026-04-17 23:50:05.000000,Lucas Allen,qlopez@example.org,Latin America,Front-line encompassing leverage,Toys,2,0.2,157.95
c0e5ea1a-1fc4-4171-a6d5-dac6ca41e052,2026-02-25 20:29:57.000000,Patrick Smith,meyernicholas@example.org,Europe,Profound mobile time-frame,Clothing,3,0.1,557.51
e5c943b1-a898-4ac4-b736-df7e351c586a,2024-10-20 02:53:54.000000,Joseph Martinez,calebsmith@example.net,North America,Decentralized grid-enabled service-desk,Electronics,7,0.2,1988.59
b1f9ab31-995e-49de-9cac-41f82e4001c1,2024-12-07 18:03:40.000000,Christina Rodriguez,adam65@example.net,Asia,Cross-platform fresh-thinking hierarchy,Toys,1,0.1,388.02
ccee6b1c-727d-4a84-8e02-3ef0015ce9f4,2025-03-22 02:41:08.000000,Nicholas Mcbride,wrightjames@example.com,Latin America,Reverse-engineered multi-state knowledge user,Home & Garden,10,0.3,2806.08
933882b3-20fa-45b7-8a05-49501f7fe5b0,2024-12-28 04:11:09.000000,Joshua Li,mariacohen@example.net,Europe,Decentralized grid-enabled service-desk,Electronics,1,0.0,348.81
8fffc06d-167b-4ea0-a945-1370a71372ab,2025-02-05 10:08:39.000000,Patrick Parker,nathan94@example.com,Asia,Organic zero-defect hierarchy,Electronics,5,0.0,2335.9
f75ddff4-5d12-4e9b-8c6f-9a458192ef8f,2025-09-16 20:38:22.000000,Jennifer Pena,charlesharrington@example.com,Asia,User-centric coherent leverage,Sports,5,0.2,1415.82
f1fa7e6a-fa23-4dbb-ac4d-17742bee2fff,2025-12-14 04:45:42.000000,Scott White,freemancrystal@example.org,North America,Function-based grid-enabled adapter,Clothing,2,0.1,266.06
0bd18d4a-4cf4-4edd-bf93-04fa00059b9d,2025-08-28 10:54:09.000000,Christopher Jones,ortizhannah@example.com,Middle East,Multi-tiered dedicated circuit,Electronics,2,0.0,467.4
a8be8d1f-4b1c-4df3-8865-b35ce79524eb,2025-09-08 20:10:20.000000,Chad Smith,hbenton@example.net,Asia,Horizontal maximized product,Electronics,9,0.0,1862.11
7d8da92b-93ba-44a3-a3cd-8a4471e64bce,2026-01-11 21:24:46.000000,Zachary Webb,robert11@example.net,Middle East,Innovative eco-centric open architecture,Toys,9,0.1,1850.85
fc6bc66b-e929-45a3-85cd-74bf501c93a3,2025-04-20 11:43:15.000000,David Beck,thomas85@example.com,Middle East,Upgradable disintermediate protocol,Toys,5,0.2,1667.88
35b80aae-82b6-4c8e-89c8-18d79b2e18c0,2026-01-06 07:43:56.000000,Donna Landry,gibsonleonard@example.com,Latin America,Decentralized tangible model,Clothing,5,0.2,1661.32
0b73ca1c-d1dc-41e5-a9a1-44751958a981,2025-01-21 03:39:10.000000,Richard Glenn,joshua56@example.com,Middle East,Organized attitude-oriented implementation,Clothing,8,0.0,2792.61
4cb9be7b-2444-4f64-b025-985609676569,2026-05-16 22:21:58.000000,Katie Gonzalez,kathryn88@example.org,Europe,Exclusive object-oriented orchestration,Other,1,0.0,138.81
225b74ad-f519-4b52-b718-31f3d527189b,2025-10-31 16:34:00.000000,Kim Brown,yorkcasey@example.org,North America,Intuitive system-worthy access,Clothing,7,0.1,135.52
5bebb1c7-977f-499a-b74e-65388d548038,2025-02-21 10:48:46.000000,William Barry,reynoldsdesiree@example.net,Latin America,Open-architected asynchronous artificial intelligence,Other,10,0.2,1626.48
6c092d0a-9f4f-4355-baa6-961c20e4dbfe,2024-09-16 17:56:47.000000,Nicholas Rush,xrosales@example.net,Asia,Down-sized contextually-based adapter,Sports,8,0.2,1795.47
61bc7c56-42bb-4f63-8145-8abc8cc2e0f0,2025-12-07 16:21:10.000000,Christopher Gonzalez,moniquewilliams@example.com,Asia,Up-sized foreground toolset,Toys,4,0.2,692.36
74c0db3e-666a-4a82-a9cf-4c70e75641e0,2024-09-23 15:45:01.000000,Hailey Cunningham,paul20@example.com,Middle East,Organized attitude-oriented implementation,Clothing,2,0.3,505.8
6ce34d67-ad30-494b-8111-e681f1da833d,2026-07-21 06:22:03.000000,Zachary Levy,anna99@example.com,Latin America,Cross-platform asymmetric leverage,Electronics,8,0.2,1331.32
3429ce3b-8931-4697-a4ab-a2a0b1cbc263,2024-09-13 19:04:45.000000,Jeffrey Carpenter,steven73@example.net,Latin America,Down-sized contextually-based adapter,Sports,8,0.0,2123.91
fecfdd72-44f7-40a8-bb90-9511a12b61ae,2025-11-24 17:59:28.000000,Travis Joyce,xhammond@example.com,North America,Reverse-engineered multi-state knowledge user,Home & Garden,8,0.1,2608.9
b6e5dd9a-3150-47d2-a544-27ecb261ad5c,2025-05-06 01:00:59.000000,Vincent Smith,morrowthomas@example.net,Middle East,,,3,0.3,0.0
d20cd375-a5d4-43c4-a845-fee9904ada37,2025-08-22 05:28:49.000000,Brittany Miller,dixonjames@example.org,Europe,Front-line next generation Internet solution,Toys,6,0.1,697.49
d2524487-6b70-4287-a9fe-ba149adda7c8,2024-11-17 05:04:09.000000,John Shields,franciscojones@example.org,Asia,Organic zero-defect hierarchy,Electronics,6,0.2,2151.86
6f023006-c9ac-476c-be11-230e50fcfdaa,2025-05-11 07:46:15.000000,Brandy Myers,susan24@example.net,Latin America,Devolved responsive model,Sports,8,0.2,2109.36
3f5c022a-9a86-413d-b6c9-dd3806a2074c,2024-09-19 04:56:42.000000,Steve Newton,josephjacobs@example.net,Europe,Exclusive object-oriented orchestration,Other,2,0.1,254.72
1c285022-880e-4ddd-9fe7-2d214526ed62,2026-01-03 06:04:45.000000,Shawn Odom,roberthill@example.net,Europe,Multi-lateral contextually-based methodology,Sports,5,0.2,970.97
5450c61f-10e2-4676-a822-d1288c61e59f,2025-11-30 05:33:19.000000,Emily Taylor,deanna38@example.net,Asia,Down-sized scalable workforce,Home & Garden,3,0.2,703.54
55616496-e8c4-4e4c-9ce1-bcc216c702a1,2026-03-17 08:04:32.000000,Nancy Brown,aprilhoffman@example.net,Middle East,Upgradable disintermediate protocol,Toys,2,0.1,723.42
cc501bea-de6d-4e25-a575-dbd145f3e8a4,2025-01-12 08:21:19.000000,Lauren Moore,shannonedwards@example.org,North America,Decentralized tangible model,Clothing,5,0.2,1701.84
608d4b54-1913-4b90-8286-675d460db751,2025-01-09 14:22:00.000000,Carolyn Fuller,rhernandez@example.org,Asia,Operative responsive pricing structure,Sports,7,0.1,263.66
ba73aa4e-86c7-4c16-acfc-bb3f1f9deccd,2026-06-01 00:30:25.000000,Christopher Ferrell,tjimenez@example.com,Europe,Decentralized tangible model,Clothing,6,0.1,2285.33
ce8a5306-d243-4d1b-96bd-5e9f4e7a081e,2025-08-05 06:56:03.000000,Cynthia Haas,daisymccarty@example.net,Europe,Operative responsive pricing structure,Sports,7,0.2,215.46
b3510ddc-5951-4620-8769-ee241875589a,2025-10-08 09:34:53.000000,Amy Wilson,erik84@example.net,North America,Down-sized scalable workforce,Home & Garden,6,0.2,1390.54
4563cafe-8d31-4f34-8830-effedd8abf0a,2025-11-04 19:47:11.000000,William Huerta,lauren10@example.org,North America,Expanded intangible standardization,Clothing,2,0.2,128.39
2bb61a4e-0c47-4261-a585-a0a5195c663b,2025-03-24 23:39:51.000000,Kara Wilson,qruiz@example.com,Latin America,Down-sized scalable workforce,Home & Garden,8,0.0,2140.98
2e408d57-63ba-4c3d-807a-be48f24e7fd6,2025-04-15 02:16:15.000000,Michael Montoya,ebenson@example.org,Middle East,Decentralized grid-enabled service-desk,Electronics,6,0.2,1790.81
f7ceddc4-ad85-4456-bdc5-a633ce5b961f,2026-03-25 15:05:56.000000,Dr. Alicia Powell,hawkinsaaron@example.org,Asia,Function-based grid-enabled adapter,Clothing,3,0.1,394.76
e1cc233c-9838-4168-8d3a-5b2d881c5211,2026-05-11 22:02:00.000000,Nancy Brown,aprilhoffman@example.net,Middle East,Decentralized tangible model,Clothing,10,0.0,3930.44
20a89260-97a1-42f6-ba13-9e906714272a,2025-02-07 05:01:46.000000,Laura Cunningham,april91@example.com,Europe,Open-architected asynchronous artificial intelligence,Other,7,0.1,1265.04
b695c2bf-8379-45ed-afc8-d769026e6d11,2024-11-18 18:20:58.000000,Jennifer Vargas,grahamtamara@example.org,Europe,Organic zero-defect hierarchy,Electronics,1,0.0,457.74
60f91495-2486-47c2-a059-ad46a8560b74,2025-10-04 19:52:53.000000,John Allen,brent38@example.net,Latin America,Fundamental contextually-based neural-net,Electronics,10,0.3,1702.36
eb1efddc-0d88-4933-8472-5ab7bc44a417,2026-02-04 10:34:38.000000,Juan Smith,kellymueller@example.net,North America,Re-engineered clear-thinking application,Clothing,3,0.2,798.72
b51ee0dd-5ec2-422f-b978-d269a3a22f35,2026-03-16 21:57:26.000000,Hannah White,urice@example.org,Latin America,Organized attitude-oriented implementation,Clothing,5,0.1,1567.28
6b1205aa-9bd3-4580-ad9f-835f3fc5c786,2026-01-20 23:14:31.000000,Derek Hodge,taylorkaren@example.com,Latin America,Function-based grid-enabled adapter,Clothing,4,0.1,543.7
fc7aa2dc-705f-4ecd-aedf-f02e75318081,2025-04-21 22:50:47.000000,Margaret Montgomery,haynescharles@example.net,Middle East,Devolved responsive model,Sports,5,0.2,1287.33
496d036a-8092-489b-b7fa-7bbccc68753e,2025-02-20 05:29:41.000000,James Matthews,blacknicholas@example.org,North America,Reverse-engineered multi-state knowledge user,Home & Garden,5,0.3,1365.12
f111be9e-8545-411f-ad82-0335f3dea9dc,2026-01-30 00:58:26.000000,David Cannon,campbellnancy@example.com,Latin America,Multi-lateral high-level open architecture,Toys,6,0.3,1039.08
3a9048cc-d063-43e7-ac7e-f0abe1a29ffa,2025-03-15 00:53:16.000000,Melissa Wiley,uclements@example.net,Europe,Re-engineered clear-thinking application,Clothing,10,0.3,2329.6
f28c635f-1641-4960-9ba0-bdeca2b8fdcc,2025-03-15 09:43:31.000000,Jeremy Barnes,avaughn@example.net,North America,Fundamental contextually-based neural-net,Electronics,5,0.0,1142.68
d862042e-500f-46b1-8544-a04968115a5c,2024-09-29 00:07:27.000000,Kimberly Lutz,jvaldez@example.com,Asia,Horizontal maximized product,Electronics,1,0.0,213.3
bade33a0-13a2-4a82-9458-771da27a2bda,2025-01-23 10:23:27.000000,Laura Henderson,sreid@example.net,Europe,Innovative eco-centric open architecture,Toys,2,0.3,338.18
9347f486-2a44-4a88-97f8-5f5bf1e2cce7,2024-09-03 14:00:37.000000,Melanie Flores,cruzamber@example.com,Middle East,Optimized mission-critical moratorium,Home & Garden,4,0.1,913.85
8ddd6a3e-492d-45a7-be50-150015a75ed9,2026-07-13 00:34:37.000000,Jessica Forbes DVM,erik41@example.net,Middle East,Function-based methodical product,Clothing,6,0.2,1997.91
02bce2e0-dfd5-488e-8eef-d2c97e2b73ce,2025-06-15 07:24:34.000000,Nancy Brown,aprilhoffman@example.net,Middle East,Team-oriented cohesive approach,Sports,7,0.2,1355.34
bb15894a-eeb4-4b07-8239-01c4ad5209e7,2024-11-03 22:59:28.000000,Amber Glass,zunderwood@example.com,Asia,Expanded intangible standardization,Clothing,8,0.0,632.06
af642572-83d7-4afc-bf70-29737acabb76,2025-12-28 15:46:00.000000,Hannah Bruce,lisamccarthy@example.com,Middle East,Team-oriented cohesive approach,Sports,6,0.2,1037.25
1febc9af-b2a8-4456-884b-fa8ce3593ee9,2025-05-31 22:19:03.000000,Phillip Obrien,kimberlyjames@example.com,Latin America,User-centric coherent leverage,Sports,3,0.0,970.85
e92fd9fd-30af-4613-9dc4-f583038ef7af,2026-04-27 18:09:11.000000,Tony Vazquez,amydavenport@example.net,North America,Robust secondary infrastructure,Toys,1,0.0,188.54
6ccb6ae1-b6d3-41ca-81dd-c628bef46f0c,2026-01-17 17:02:26.000000,Angela Clark,jason82@example.org,Europe,Streamlined national conglomeration,Home & Garden,7,0.3,2224.57
3e859c67-5855-44a0-bfea-3d2a88c982ec,2026-02-14 23:25:34.000000,Laura Barnett,anthony52@example.com,Europe,Intuitive system-worthy access,Clothing,3,0.2,53.46
d2c7f176-eba3-42b1-b36c-1c45a942b4d7,2026-06-04 18:21:28.000000,Justin Nelson,gilbertbrenda@example.org,Middle East,Decentralized grid-enabled service-desk,Electronics,10,0.3,2589.12
9bf41cc6-af1f-4e16-8732-4f52f1e7ada0,2024-08-22 21:21:16.000000,Paul Marks,wiseanthony@example.com,North America,Expanded intangible standardization,Clothing,8,0.2,559.64
2b24ef63-f6f3-4192-b2da-dc219b7cd539,2025-12-26 21:47:11.000000,Paul Stokes,raylauren@example.net,Middle East,Function-based grid-enabled adapter,Clothing,7,0.1,900.86
86052bef-c382-4725-a1c6-3384ee20a0b5,2026-06-22 23:48:33.000000,Phillip Bennett,molly39@example.com,Latin America,Multi-lateral high-level open architecture,Toys,10,0.0,2474.0
5df70cc1-133b-485e-acc0-9f87399e1823,2026-05-03 23:29:55.000000,Shannon Davis,hallrachel@example.net,Latin America,User-friendly tangible synergy,Clothing,4,0.2,787.47
f3d5f737-5a71-404b-8380-d39722212e52,2024-08-29 12:44:56.000000,Elizabeth Walker,smithkevin@example.org,Latin America,,,9,0.2,0.0
2ba4d656-610c-4ade-bed9-9a6b6c3786c2,2025-05-06 22:17:39.000000,Lisa Brandt,jenniferross@example.net,Middle East,Profit-focused grid-enabled infrastructure,Toys,10,0.1,1498.12
e9fedd48-5684-4457-9cfc-df01f8401eea,2025-12-30 10:26:13.000000,Elizabeth Martin,michaeleverett@example.com,North America,Cross-platform fresh-thinking hierarchy,Toys,10,0.1,3667.04
d9cc8656-8a03-4e43-94ec-05953ff09d13,2026-03-08 06:46:21.000000,Nicholas Rush,xrosales@example.net,Asia,Intuitive system-worthy access,Clothing,3,0.2,51.48
4c96edc2-4a41-4ed8-9e2c-6d4bdb992f51,2025-07-31 05:52:43.000000,Vincent Novak,jessica79@example.org,Middle East,Cross-platform asymmetric leverage,Electronics,5,0.1,862.15
00926d61-368b-4d68-83c6-b5324b25c483,2026-02-14 05:34:42.000000,Ashley Brennan,dwalker@example.com,Asia,Profound mobile time-frame,Clothing,10,0.0,1917.69
37abaaf8-64c4-4086-919f-a02ea194c7b1,2026-07-07 22:47:59.000000,Chelsea Gill,timothybooth@example.com,Europe,,,2,0.2,0.0
f589de14-eee0-4433-adda-16774e08ab81,2025-12-02 09:40:45.000000,Paul Grant,seanmyers@example.net,Middle East,Operative responsive pricing structure,Sports,5,0.2,166.05
0911e215-e4b7-4864-9362-dea783f9b580,2026-07-17 13:10:11.000000,Leah Vincent,stevendixon@example.com,Latin America,Up-sized foreground toolset,Toys,9,0.2,1518.36
d92d9519-9e24-4724-a47a-7b03768ae6fb,2025-08-04 05:43:42.000000,Sarah Davis,brettbennett@example.net,Latin America,Decentralized grid-enabled service-desk,Electronics,9,0.3,2362.57
9d9363ea-0182-444d-9b12-0b1b0eb81b17,2025-07-13 13:24:00.000000,Cynthia Cochran,michelle96@example.org,North America,User-friendly tangible synergy,Clothing,6,0.1,1300.82
2fa80808-b8f1-4861-a3e3-e73b59875c7d,2025-05-29 06:52:27.000000,Cynthia Haas,daisymccarty@example.net,Europe,Open-architected asynchronous artificial intelligence,Other,5,0.2,783.12
6e4928ac-19f1-45cc-8244-e4d75ac2a176,2025-08-07 04:11:11.000000,Tracey Wagner,fortiz@example.com,Middle East,Front-line next generation Internet solution,Toys,1,0.2,107.0
83aa622f-8772-4f4a-95b1-c4a6329245ba,2026-06-18 21:13:17.000000,Beth Cline,dustinmorris@example.org,North America,Multi-lateral contextually-based methodology,Sports,10,0.0,2471.56
e9c184ce-1fb4-46c0-a924-e24827599511,2025-08-03 13:48:11.000000,Sara Haas,wagnergerald@example.org,Asia,Expanded composite infrastructure,Home & Garden,10,0.0,2213.64
a819213d-c4fa-44a4-a7d7-64ce01c4e229,2025-01-31 06:37:54.000000,Katherine Stark,warrenmary@example.org,North America,Intuitive system-worthy access,Clothing,3,0.2,56.1
5fd2bec3-6536-4c77-b87f-b57839e1609d,2025-03-10 10:51:28.000000,Kristina Young,heather06@example.com,North America,Multi-tiered dedicated circuit,Electronics,5,0.0,1121.76
2ea37b78-e466-4937-ada7-c95b5d4f9715,2025-09-10 15:30:47.000000,Angela Schultz,rebeccabailey@example.net,North America,Multi-tiered dedicated circuit,Electronics,1,0.0,233.7
fd474d95-1bd3-4f41-84fc-c054cfc15689,2025-06-26 15:21:28.000000,Elizabeth Price,vmedina@example.net,Europe,Open-architected asynchronous artificial intelligence,Other,3,0.3,439.75
296df91f-7079-4e53-96e0-217ca801f15e,2024-11-06 15:13:47.000000,Samantha Robertson,cameronmckinney@example.com,North America,Front-line encompassing leverage,Toys,8,0.1,749.74
017cc74e-6f18-4343-bf41-5c985a8e8f05,2025-04-26 00:26:24.000000,Olivia Harris,sarakim@example.net,North America,Front-line next generation Internet solution,Toys,4,0.2,449.14
32ce93db-b58f-47b6-9eda-028be2320dc9,2024-10-14 22:44:20.000000,Brett Thompson,phelpsmichael@example.net,Europe,Profound mobile time-frame,Clothing,1,0.1,177.93
2238dfc6-0a4e-4ccf-88ef-30ff308777b4,2025-05-23 10:39:09.000000,Kyle Reed,samuel81@example.com,North America,Front-line encompassing leverage,Toys,10,0.3,758.16
e6a7caf7-54ca-4897-be71-cd606bca4f86,2024-08-14 12:58:14.000000,Phillip Obrien,kimberlyjames@example.com,Latin America,Streamlined national conglomeration,Home & Garden,7,0.2,2412.56
f2c8c25e-32f1-427c-aa8c-662d290a3d67,2025-07-28 06:29:16.000000,Cynthia Morris,josephmartinez@example.com,Latin America,Organic zero-defect hierarchy,Electronics,8,0.2,2944.66
440b71a6-fba1-4732-aa4d-5bb8f5aed2e9,2024-10-21 06:13:51.000000,Miss Debra Williams PhD,cstone@example.com,North America,Organized contextually-based orchestration,Electronics,10,0.2,3052.92
7edd8483-8cd4-47bc-bd33-8ca26bcce72a,2026-04-03 05:30:32.000000,Mitchell Jackson,cbell@example.net,Middle East,Synergized zero-defect conglomeration,Clothing,5,0.2,1307.84
532bd70a-209f-439f-b6dd-bd11ae864837,2026-02-24 09:06:45.000000,James Elliott,millerroy@example.com,North America,Synergized zero-defect conglomeration,Clothing,3,0.1,876.43
665e467f-e1bb-4399-87c4-32a0c3af3d93,2025-08-14 19:06:14.000000,David Morris,oscar85@example.com,Latin America,Advanced context-sensitive instruction set,Toys,8,0.2,1883.23
d7d2f88f-bdec-467a-ac6e-8294b9dac779,2026-04-23 06:48:51.000000,James Bailey,jeffery48@example.net,Europe,Organized attitude-oriented implementation,Clothing,4,0.1,1268.07
27d19990-2049-4289-856a-3b28caef3c9e,2025-04-14 06:39:14.000000,Julia Erickson,ssalinas@example.org,Europe,Multi-lateral high-level open architecture,Toys,1,0.1,225.13
57968d64-d470-4dd2-ada5-beb90d527b89,2025-06-19 17:19:08.000000,Brian Jones,matthew18@example.com,Middle East,Profound mobile time-frame,Clothing,1,0.0,191.77
020e2e6a-bcc8-409b-98da-ae8cf9f7e004,2025-06-23 08:15:08.000000,Eric King,jennifermccormick@example.org,Europe,,,6,0.3,0.0
7c65dbfb-483f-4a72-8a1a-7c2e7aededf4,2024-09-23 03:50:06.000000,Paul Finley,brandi90@example.com,North America,Mandatory discrete functionalities,Toys,5,0.1,2131.2
9e1be56d-3f6c-4de5-adcf-cb58c2ca55ed,2024-11-16 10:30:29.000000,Jennifer Lewis,reeddaniel@example.net,Europe,Synergistic demand-driven implementation,Clothing,5,0.2,1968.4
3fdd0e2b-2fd6-429a-82e0-9d39bab008df,2025-02-24 08:35:22.000000,Brent Brooks,angela52@example.org,North America,Decentralized grid-enabled service-desk,Electronics,4,0.2,1121.95
4376bff9-dd3a-4936-9d71-f339c44842af,2026-01-16 10:32:40.000000,Mark Copeland,martinezmia@example.com,North America,Business-focused 4thgeneration throughput,Sports,4,0.2,1225.73
6ddd5c02-d213-4565-aa94-a1d43f529dae,2024-12-22 02:27:29.000000,Kevin Drake,robin05@example.net,Europe,Down-sized contextually-based adapter,Sports,3,0.1,747.2
cf590b8e-c860-42c4-b4da-9f0479510a45,2024-10-09 01:03:02.000000,Michele Williams,kendragalloway@example.org,Europe,Reverse-engineered multi-state knowledge user,Home & Garden,1,0.2,284.4
9c711439-8098-450d-baff-361ab37e3c41,2024-12-08 17:22:32.000000,Mark Diaz,michael41@example.net,North America,,,2,0.2,0.0
9758a25f-dad8-42da-be17-ddb3304c9c7b,2025-11-21 11:28:30.000000,Shannon Yu,janet69@example.org,Middle East,Function-based grid-enabled adapter,Clothing,6,0.1,806.87
1ed68b71-3ab8-4c3f-a612-e9e5a26d18f6,2024-10-31 17:57:16.000000,Justin Riley,michelle52@example.com,Middle East,Front-line next generation Internet solution,Toys,4,0.0,523.12
fd8ac696-461b-4bc3-89d2-61e066ba7e51,2024-12-17 06:13:41.000000,Jeffrey Chavez,parkerjudith@example.net,Latin America,Intuitive system-worthy access,Clothing,1,0.3,15.84
0485742a-6d22-413c-a56d-f639edd9636e,2025-11-11 19:33:59.000000,Brian Leon,smithmaria@example.org,Europe,Organized contextually-based orchestration,Electronics,10,0.2,3170.34
0d0b6920-dd46-4c91-9747-8b5c331bd602,2025-05-12 10:04:09.000000,Elizabeth Davis,farmstrong@example.org,North America,Cross-platform fresh-thinking hierarchy,Toys,2,0.3,631.07
b33d9c7c-4e73-4dcc-8664-82ee6844a0e3,2025-11-24 21:32:07.000000,Jacob Hunter,alexander67@example.org,Europe,Team-oriented cohesive approach,Sports,10,0.2,1751.8
560fc071-38c6-430f-bb3e-d7bdfae96dd3,2025-06-16 22:24:41.000000,Edwin Matthews,cgrimes@example.net,Latin America,Cross-platform fresh-thinking hierarchy,Toys,3,0.1,1176.86
6d54a501-8286-4d40-8fb4-9d987aac8a0a,2025-12-03 02:26:51.000000,Kristina Faulkner,paulscott@example.com,Europe,Organic zero-defect hierarchy,Electronics,2,0.2,764.48
44ed4fd5-1c2c-4fb1-8de5-f2f70d394b57,2025-04-29 09:19:57.000000,Christopher Mullen,johnsjessica@example.com,Asia,Multi-tiered dedicated circuit,Electronics,1,0.2,184.62
b62a7941-59dc-4e0f-b168-5db847d28391,2025-06-10 17:14:59.000000,Kathleen Andrade,rbrown@example.com,Middle East,Business-focused 4thgeneration throughput,Sports,6,0.1,2013.7
0c2ca7fa-e525-4eaf-91e1-17993f39562d,2024-12-09 03:52:40.000000,James Chapman,cameronwilliams@example.com,Middle East,Decentralized tangible model,Clothing,5,0.2,1560.02
a911fd6d-0d58-4ee2-8023-1f700a77b5cc,2026-02-19 11:00:57.000000,Dylan Cruz,kwright@example.com,Middle East,Team-oriented cohesive approach,Sports,6,0.3,968.1
78d8cdd6-490a-486c-b644-29395256f928,2025-02-23 14:19:50.000000,Mary Steele,whitejacqueline@example.com,Asia,Front-line next generation Internet solution,Toys,1,0.1,114.93
6e4ff4a4-19cb-44c8-9b45-03bce892464d,2024-12-11 13:26:57.000000,Joseph Hill,andre62@example.org,North America,Multi-layered high-level initiative,Electronics,10,0.1,3937.12
5d13a906-7dc4-412b-b2c5-a2da40944f95,2025-04-06 15:15:10.000000,Jennifer Vargas,grahamtamara@example.org,Europe,Streamlined national conglomeration,Home & Garden,2,0.0,859.39
ab402561-18cd-49c9-9c8d-23b44dea5200,2024-07-31 14:27:08.000000,Mark Carpenter,kennedyjames@example.org,Europe,Multi-lateral high-level open architecture,Toys,4,0.2,811.47
dcaa5893-c53d-4af9-8d40-aeb2aed690cc,2024-10-30 04:54:02.000000,Micheal Young,luis81@example.org,Europe,Function-based grid-enabled adapter,Clothing,5,0.0,701.31
cf5e7840-bdc5-41bb-9c4e-3b0054ca4adc,2025-04-27 16:29:09.000000,Andrew Diaz,nolanjason@example.org,Latin America,Decentralized tangible model,Clothing,10,0.2,3160.56
87638104-96c2-4045-875f-fb36be30cae9,2025-11-02 16:27:51.000000,Jennifer Sanford,ismith@example.org,Middle East,Function-based grid-enabled adapter,Clothing,1,0.3,105.56
e31f2212-1654-483f-a251-0f01959677e9,2024-10-11 14:34:44.000000,Carrie Lewis,joshuagriffin@example.org,Middle East,Team-oriented cohesive approach,Sports,5,0.0,1094.88
9a11ddf4-be1a-45c9-a12a-c11c21677dca,2024-10-22 11:20:58.000000,Joseph Romero,myerstheodore@example.net,North America,Function-based methodical product,Clothing,10,0.0,4215.0
e9846baa-f7e4-4c8c-9628-e4290a81870a,2026-06-07 15:30:27.000000,Elizabeth Davis,farmstrong@example.org,North America,Business-focused 4thgeneration throughput,Sports,8,0.1,2509.82
3163b274-30c0-41a9-9141-b9e4a783d1c8,2026-01-19 07:35:50.000000,Jeremy Barnes,avaughn@example.net,North America,User-friendly tangible synergy,Clothing,2,0.2,418.66
132b4f36-1940-4d24-aced-9c30721df83c,2025-09-18 12:45:12.000000,Brandon Hall,hoffmanjennifer@example.net,North America,Team-oriented cohesive approach,Sports,8,0.0,1770.24
b9b094ac-4d2d-4efd-97c8-294c9e7776ae,2025-07-24 07:28:58.000000,Suzanne Rodriguez,dianekelly@example.net,Europe,Innovative eco-centric open architecture,Toys,6,0.2,1096.8
88973a4a-33b6-46dc-82d0-1c42fd595978,2026-01-31 19:53:55.000000,Carolyn Fuller,rhernandez@example.org,Asia,Synergized zero-defect conglomeration,Clothing,2,0.1,604.67
3113b13a-20b9-4830-8b37-346827571245,2025-06-10 19:49:44.000000,Amy Manning,christinenorman@example.com,North America,Up-sized foreground toolset,Toys,2,0.2,328.65
e43f05c8-40a5-42f7-b62b-9f628ced48ea,2026-06-02 05:39:04.000000,Deanna Barnes MD,aguilarwanda@example.org,Asia,Business-focused 4thgeneration throughput,Sports,5,0.2,1477.44
e825049a-d899-49ba-9a7a-ee9fc2651976,2025-09-29 05:23:21.000000,Mark Lloyd,lancesmith@example.com,Europe,Horizontal maximized product,Electronics,1,0.3,151.44
5db2f6ce-e519-4530-98eb-3e59f9a1de3f,2025-07-04 08:05:47.000000,Matthew Lamb,steinmaria@example.com,Middle East,Multi-layered high-level initiative,Electronics,5,0.2,1767.23
e92d6961-1e0f-429b-b7a2-ab33a13ecf15,2025-06-24 17:45:19.000000,Ian Frazier,natalie77@example.com,Middle East,Synergistic demand-driven implementation,Clothing,6,0.2,2509.71
861550f6-6b43-4b40-bb9a-21c41155581f,2026-07-14 09:04:29.000000,Angela Clark,jason82@example.org,Europe,,,8,0.2,0.0
059997f6-ca77-436e-80fd-963df3d36295,2024-11-27 15:40:41.000000,Peter Vaughn DDS,bwest@example.org,North America,Profit-focused grid-enabled infrastructure,Toys,4,0.0,689.83
f7ad3965-b25b-46dc-862e-9af399622263,2024-10-29 03:17:25.000000,Matthew Banks,sanderskevin@example.net,North America,Cross-platform uniform flexibility,Toys,8,0.1,1672.7
90f0d47c-f4af-4005-8ba2-4c4f4a26eb59,2024-09-06 05:03:10.000000,Mercedes Barnes,huntchristine@example.com,North America,Organized attitude-oriented implementation,Clothing,5,0.2,1513.85
30b05a0b-b19d-4860-b8f4-0e49cb5d2aff,2026-02-16 07:42:50.000000,Shannon Olson,carlos33@example.com,Latin America,Function-based grid-enabled adapter,Clothing,1,0.0,143.15
af481fc0-7eba-4464-a5c2-27c0d085449d,2025-09-07 13:44:21.000000,Todd Hudson,harveyrobert@example.net,Europe,Up-sized foreground toolset,Toys,1,0.1,192.81
1332406f-f8b6-4dee-8373-edf3dec91438,2024-11-26 13:15:54.000000,Amanda Diaz,christopherphillips@example.net,Asia,Robust secondary infrastructure,Toys,9,0.1,1520.14
6257ae9c-8260-4132-802f-b24f70100d7e,2025-09-30 21:30:56.000000,Chelsea Travis,lweaver@example.com,Asia,Organized attitude-oriented implementation,Clothing,3,0.2,833.51
9b72a9fe-669e-498d-a3e7-3896c784ef4b,2025-02-16 20:48:01.000000,Phillip Clark,lisahall@example.org,Middle East,Decentralized tangible model,Clothing,1,0.2,316.06
28f5f5c2-00eb-4725-af1e-f8dc34f902b7,2025-10-08 04:43:58.000000,Luke Estrada,bhopkins@example.org,Middle East,Robust secondary infrastructure,Toys,1,0.1,168.9
0244bc44-b25c-4b50-9794-b38937c23f27,2026-06-03 20:25:09.000000,Gary Wilson,lmendoza@example.org,Asia,Mandatory discrete functionalities,Toys,1,0.1,440.45
7497c7d9-8346-43d1-8a67-d562edba84d1,2025-08-16 07:37:32.000000,Lauren Moore,shannonedwards@example.org,North America,Fundamental contextually-based neural-net,Electronics,1,0.0,221.54
4242fc5c-866b-429a-b877-e049b52f5e0d,2025-03-13 15:45:26.000000,Aaron Myers,smitchell@example.net,Middle East,Advanced context-sensitive instruction set,Toys,2,0.1,519.1
b5502e2b-4bde-4d88-b867-f62dda3bce8e,2025-02-14 13:15:28.000000,Donna Landry,gibsonleonard@example.com,Latin America,Operative responsive pricing structure,Sports,2,0.2,60.75
395370c0-2bcd-4e43-9e7d-8f7b8d59c34d,2024-08-25 10:03:35.000000,Micheal Young,luis81@example.org,Europe,Cross-platform fresh-thinking hierarchy,Toys,8,0.2,2797.18
0a01d8b6-4ab6-4e0f-bcfb-c6428897c497,2025-11-29 19:04:34.000000,Brittany Miller,dixonjames@example.org,Europe,,,2,0.2,0.0
471b0cc7-e233-4597-b129-ed2f25ec77e4,2026-07-11 04:56:12.000000,Corey Rodriguez,jessicawong@example.net,Latin America,Up-sized foreground toolset,Toys,7,0.1,1380.33
ca6628a8-df96-448a-853b-37f5220a69d3,2024-08-30 00:11:01.000000,Ethan Villanueva,travis84@example.com,Latin America,Reverse-engineered multi-state knowledge user,Home & Garden,10,0.2,3185.28
fd523fad-3fbe-4e33-bae2-d4a8a4752fa7,2026-04-21 13:15:42.000000,Susan Smith,marydunn@example.net,Middle East,Organized contextually-based orchestration,Electronics,1,0.2,320.95
005bbf73-1dbe-4a3c-88db-369235c0c003,2025-12-06 19:24:37.000000,Amy Parsons,mjohnson@example.org,Europe,Decentralized tangible model,Clothing,2,0.1,745.57
f8e351ea-9aeb-4c3e-a1f7-815758f34359,2025-05-03 16:29:38.000000,Mr. Donald Nguyen,jose43@example.org,Europe,,,3,0.2,0.0
b4992393-f249-4816-954f-9eb453167cb5,2026-06-07 14:28:57.000000,Jim Baker,orose@example.com,Latin America,Multi-lateral contextually-based methodology,Sports,8,0.1,1876.37
22345eac-b8da-4559-8398-018f8c9d4a84,2025-06-03 03:50:41.000000,Kenneth Adams MD,yjones@example.org,Middle East,Profit-focused grid-enabled infrastructure,Toys,3,0.0,506.92
531b49d8-4b7e-42df-9c8a-1631e5f95507,2024-09-03 11:14:58.000000,Allison Thomas,gonzalezkaren@example.org,Middle East,,,10,0.1,0.0
d2ed3196-02aa-4c76-90e0-4655a03e9b5d,2025-04-23 02:28:05.000000,Christopher Jones,ortizhannah@example.com,Middle East,Optimized mission-critical moratorium,Home & Garden,8,0.0,2058.78
4799c04b-f719-45ae-bb00-84fa3822b51b,2024-12-05 06:21:56.000000,Tyler Rogers,jamesmichael@example.com,Europe,Expanded intangible standardization,Clothing,2,0.2,130.03
89924e2d-0400-4249-b8bb-1616418860b9,2025-12-13 13:04:11.000000,Matthew Banks,sanderskevin@example.net,North America,User-centric coherent leverage,Sports,7,0.2,1864.16
f0636972-c737-427a-9e34-106afa902bfb,2026-03-19 05:36:08.000000,Mercedes Barnes,huntchristine@example.com,North America,Business-focused 4thgeneration throughput,Sports,8,0.2,2305.54
beeac4d3-b8fc-4513-9b3f-d4b095509b75,2026-01-06 11:10:57.000000,Dr. Ashley James MD,victoria40@example.net,Latin America,Front-line encompassing leverage,Toys,5,0.2,442.26
41e15f65-a761-4e80-b216-880d61c9815e,2026-05-27 18:14:17.000000,Taylor Griffith,david86@example.com,Latin America,Cross-platform uniform flexibility,Toys,3,0.2,584.5
8d0653e2-9ab6-4311-a261-d918a05095fa,2024-12-28 02:51:51.000000,Michael Brown,whiteheadmichele@example.org,Middle East,Open-architected asynchronous artificial intelligence,Other,3,0.2,469.87
5302e6e2-387b-4cda-b133-0766d11ce313,2026-08-20 11:18:07.961183,Tiffany Townsend,matthewsalexander@example.org,Asia,Intuitive system-worthy access,Clothing,5,0.1,99.0
cec79642-a13a-4da2-94e7-eb2a343402ef,2026-05-18 14:11:13.000000,Kevin Pacheco,blakeerik@example.com,Asia,Horizontal maximized product,Electronics,4,0.1,802.01
7230b85b-27d8-4ea0-a53d-171fc0bde748,2025-01-16 23:24:51.000000,Julia Erickson,ssalinas@example.org,Europe,Synergistic demand-driven implementation,Clothing,10,0.1,4379.69
5e5f310c-6f14-4dc6-b9ed-e33fbad4f3e0,2024-11-13 04:55:53.000000,Deanna Barnes MD,aguilarwanda@example.org,Asia,Organized attitude-oriented implementation,Clothing,9,0.1,2981.39
dcc31cb2-d0cb-479f-af5d-ff13759a9725,2024-12-04 18:43:14.000000,Sarah Phelps,ofinley@example.net,Europe,Cross-platform fresh-thinking hierarchy,Toys,3,0.2,1010.57
05635b30-4834-4d51-a5c6-c5ae2e2f2127,2025-03-18 21:35:15.000000,Hailey Cunningham,paul20@example.com,Middle East,Profit-focused grid-enabled infrastructure,Toys,1,0.2,141.1
d147a0bf-2d7f-4e23-a29f-f19c29b50942,2025-05-23 04:09:10.000000,Justin Riley,michelle52@example.com,Middle East,Organized contextually-based orchestration,Electronics,7,0.1,2520.62
11c7bec9-3016-4ecc-9b9a-3a55aff745a0,2024-11-09 11:13:57.000000,Brittany Miller,dixonjames@example.org,Europe,Cross-platform asymmetric leverage,Electronics,8,0.0,1587.96
747c7690-3ec8-448e-ad28-39891271c873,2026-06-27 03:12:47.000000,Alyssa Lee,marywright@example.com,Europe,Synergized zero-defect conglomeration,Clothing,9,0.0,2904.43
19a8ec19-670a-458c-b86b-2e95a52680b3,2026-02-03 13:50:29.000000,Jacob Santos,brooksdanielle@example.net,Europe,Optimized mission-critical moratorium,Home & Garden,1,0.2,223.21
c01d1c62-ba0d-4f1f-a325-85b486daf596,2026-04-09 13:51:29.000000,Tony Vazquez,amydavenport@example.net,North America,Cross-platform uniform flexibility,Toys,8,0.2,1558.66
60bc6cbc-1987-46d0-9a71-71aa030492b3,2025-05-15 05:53:04.000000,Taylor Carlson,chenbailey@example.net,North America,,,4,0.2,0.0
037825da-d399-456c-9c2b-498f054da360,2026-03-05 23:26:32.000000,Casey Obrien,michele28@example.org,Middle East,Devolved responsive model,Sports,4,0.2,955.42
0b328c23-ef47-4a44-a4fc-c79cd49cc547,2024-10-31 15:46:40.000000,Taylor Carlson,chenbailey@example.net,North America,,,2,0.1,0.0
44852295-1566-4483-8526-6dc83f936724,2024-11-08 18:42:08.000000,Dwayne Klein,sandra47@example.org,Europe,Multi-layered high-level initiative,Electronics,7,0.3,2286.21
03748864-9981-428f-a09c-4325f047fbeb,2026-03-28 11:11:47.000000,Andrew Diaz,nolanjason@example.org,Latin America,Exclusive object-oriented orchestration,Other,10,0.2,1216.35
caaa4685-f526-4edf-8267-c983f7636b4d,2024-10-11 14:05:00.000000,Austin Garcia,wlynn@example.org,North America,Multi-lateral high-level open architecture,Toys,3,0.1,697.67
56a0b8b4-d179-4ee0-bc73-1d478ad8c568,2026-05-14 07:38:19.000000,Vanessa Hatfield,david96@example.com,Europe,Decentralized grid-enabled service-desk,Electronics,3,0.1,949.34
23a49571-33cb-49ef-95c0-4765b51bd20f,2025-07-29 03:33:39.000000,Laura Barnett,anthony52@example.com,Europe,Decentralized grid-enabled service-desk,Electronics,4,0.2,1165.1
71bf5c97-e473-40b0-9017-04a8c279d913,2026-04-15 09:08:59.000000,Ethan Villanueva,travis84@example.com,Latin America,Multi-tiered dedicated circuit,Electronics,4,0.1,841.32
7a99bd76-54ed-4b70-8eb0-c86629c3d598,2024-11-18 00:07:08.000000,Vanessa Patel,davidalvarez@example.net,Middle East,Down-sized contextually-based adapter,Sports,10,0.0,2682.26
b1299cb7-8b24-4c7e-8e4d-db723e6a41f1,2025-02-13 17:32:06.000000,Laura Barnett,anthony52@example.com,Europe,Cross-platform fresh-thinking hierarchy,Toys,8,0.1,2933.63
056de195-1f81-4097-8b2a-3730a0a2e9bd,2026-04-22 17:29:48.000000,Donna Landry,gibsonleonard@example.com,Latin America,Cross-platform asymmetric leverage,Electronics,6,0.1,1118.79
4bf70dc6-8b6d-4a25-9a52-1aa20b660bcd,2024-10-08 15:45:08.000000,Brandon Gregory,johnathan92@example.com,Middle East,Open-architected asynchronous artificial intelligence,Other,3,0.2,457.82
6a5018b5-d623-4671-a2ee-d64b82f47196,2024-11-08 03:46:42.000000,Kevin Snyder,jessicapayne@example.org,Middle East,Mandatory discrete functionalities,Toys,3,0.2,1179.26
0624ebdf-396c-4f79-a983-c62e004f5362,2025-01-13 01:18:46.000000,Jim Baker,orose@example.com,Latin America,,,2,0.1,0.0
5a7284a2-25ba-4795-a2a8-76d76d58bf63,2025-12-12 00:39:48.000000,Christina Rodriguez,adam65@example.net,Asia,Streamlined national conglomeration,Home & Garden,4,0.2,1468.13
e1057ec8-ebf3-4f99-b9d3-8f2b496ec0c9,2026-01-03 14:14:54.000000,Lisa Morris,mbarnes@example.net,North America,Decentralized grid-enabled service-desk,Electronics,5,0.0,1798.0
b7007ce3-e25c-4f9c-afcf-ea4d627e91e1,2026-04-21 01:36:12.000000,Rachel Bradley,gregorychase@example.com,Latin America,Expanded composite infrastructure,Home & Garden,4,0.1,831.79
2b6838e3-7de7-441a-9cc6-d08ae6d037c6,2024-10-14 12:51:33.000000,Amy Wilson,erik84@example.net,North America,Operative responsive pricing structure,Sports,4,0.3,118.26
f4b28643-f4da-4cc8-9a0b-6310397a4dc8,2025-02-24 21:10:50.000000,Jessica Forbes DVM,erik41@example.net,Middle East,Front-line encompassing leverage,Toys,10,0.3,768.69
556efce4-9d9e-4da2-9387-bcda5b7887ed,2024-10-20 22:00:14.000000,David Garcia,jennifer12@example.org,Europe,Profit-focused grid-enabled infrastructure,Toys,1,0.3,121.94
eb7cd628-ecb9-48f7-ac5e-ac705c494d63,2024-09-24 20:38:55.000000,Tammie Prince,morganlaura@example.com,Middle East,Business-focused 4thgeneration throughput,Sports,9,0.0,3250.37
26aeaf29-9ac0-4e26-8b18-c73ce545281b,2024-12-06 07:12:21.000000,Julia Erickson,ssalinas@example.org,Europe,Function-based methodical product,Clothing,8,0.2,2562.72
e4a35a10-2674-41ff-acdc-d3beadef5777,2025-12-21 06:39:33.000000,Sarah Rivera,wilsontara@example.org,Asia,Horizontal maximized product,Electronics,1,0.2,168.51
d14bc771-9ff0-487a-8d33-4878afe9c3dc,2025-02-28 21:57:11.000000,Tyler Stevens,amy49@example.com,Europe,Organized contextually-based orchestration,Electronics,3,0.1,1045.04
45665e79-1a9a-4b54-a01a-5b5e592fcdc6,2026-07-02 15:37:41.000000,Karen Strickland,hayesjeffrey@example.net,Latin America,Robust secondary infrastructure,Toys,2,0.0,392.8
eed15809-5e7e-4813-a967-3fe17fcee629,2025-02-12 03:12:52.000000,Stephen Fox,mayokimberly@example.com,North America,Advanced context-sensitive instruction set,Toys,1,0.2,238.42
cc76864a-b618-41c5-a830-257dcf8b4eb2,2024-09-18 07:24:44.000000,John Pineda,hernandezmarcus@example.org,Middle East,Down-sized scalable workforce,Home & Garden,10,0.0,2731.41
eedf4f78-dc99-4976-808e-c990c9f279a8,2024-11-13 10:41:14.000000,Julie Ball,opatel@example.org,Asia,Decentralized grid-enabled service-desk,Electronics,3,0.3,798.31
51fc4c23-2586-4cd1-a7e6-0e4ec71cdac2,2024-11-12 18:36:15.000000,Nancy Brown,aprilhoffman@example.net,Middle East,Expanded intangible standardization,Clothing,6,0.2,399.98
cbfe68f0-b8a9-4704-b25a-a10d63fe557c,2026-03-23 03:25:20.000000,William Barry,reynoldsdesiree@example.net,Latin America,,,1,0.3,0.0
113b776e-d08c-431e-ba7a-852ef9f15e65,2024-10-16 21:18:44.000000,Tony Vazquez,amydavenport@example.net,North America,Team-oriented cohesive approach,Sports,6,0.2,1161.72
ba098484-f5a7-420d-ad6d-91e193ed82c5,2025-02-22 06:57:12.000000,Brandon Gregory,johnathan92@example.com,Middle East,Multi-lateral high-level open architecture,Toys,5,0.2,977.23
fea95b73-52b3-40d1-9727-89242508f357,2024-10-28 01:13:14.000000,Tiffany Townsend,matthewsalexander@example.org,Asia,Organized attitude-oriented implementation,Clothing,10,0.2,2707.12
5a449143-6290-4017-847d-336f2e8f2f7f,2025-03-26 00:15:34.000000,Amber Rodriguez,williamsdarrell@example.com,Europe,Reverse-engineered multi-state knowledge user,Home & Garden,2,0.2,614.3
b184071c-7b35-49f9-ac80-423a7e8450d7,2025-06-07 12:15:49.000000,Amy Parsons,mjohnson@example.org,Europe,Expanded composite infrastructure,Home & Garden,1,0.2,190.06
555df8c6-a2f8-4dea-8b22-eb8d9a0bd63d,2024-11-05 08:24:47.000000,Daniel Velez,paul70@example.org,Middle East,Reverse-engineered multi-state knowledge user,Home & Garden,6,0.3,1660.9
ebee4c80-a769-4b2d-b1ab-f7a0cd591b8c,2025-01-27 23:50:29.000000,Jason Stein,gateskathy@example.com,North America,Team-oriented cohesive approach,Sports,6,0.1,1189.38
7f421889-8ca1-4f75-ab2d-470a62186d10,2025-09-12 10:45:30.000000,John Ryan,esanchez@example.com,Europe,Re-contextualized actuating infrastructure,Clothing,6,0.0,2134.08
894539ec-8850-4e9d-be1b-203488a5316f,2026-04-19 23:51:57.000000,Laura Henderson,sreid@example.net,Europe,Upgradable disintermediate protocol,Toys,2,0.2,667.15
94ba0d7c-1567-488e-a276-ee873ae8c8f8,2026-01-27 06:52:34.000000,Donald Juarez,barbaramoore@example.org,Asia,Organized contextually-based orchestration,Electronics,3,0.3,833.68
c6cec51b-93ef-45c4-86e5-edf46bfdc189,2026-01-10 15:32:21.000000,Karen Strickland,hayesjeffrey@example.net,Latin America,Organized attitude-oriented implementation,Clothing,2,0.2,577.04
340a22d7-00bb-4543-9c98-fd573c359ce2,2026-05-12 16:01:26.000000,Trevor Jones,pamelamartin@example.org,Middle East,Organized contextually-based orchestration,Electronics,4,0.1,1409.04
79533cb7-8ef1-4114-9cc6-24ef04643f52,2024-11-01 18:07:47.000000,Casey Obrien,michele28@example.org,Middle East,Multi-tiered dedicated circuit,Electronics,9,0.2,1682.64
e94f03ec-0f40-46a2-9c33-345debc05f02,2025-04-18 08:05:31.000000,Frederick Solis,xcollier@example.org,Europe,Synergized zero-defect conglomeration,Clothing,2,0.1,604.67
dde4cd87-d96d-4200-9947-c72a5c613985,2026-03-17 18:48:42.000000,Hannah White,urice@example.org,Latin America,Streamlined national conglomeration,Home & Garden,9,0.2,3383.86
75dc037d-4b71-481f-a3ac-64e5d1aaab53,2024-11-09 22:45:02.000000,Lisa Allen,kcaldwell@example.org,Latin America,Exclusive object-oriented orchestration,Other,9,0.2,1030.32
f8c92b4a-8d2f-4114-9a72-ab37d5d318cf,2026-07-14 09:15:02.000000,Eric King,jennifermccormick@example.org,Europe,User-centric coherent leverage,Sports,8,0.2,2184.41
35f2e254-3e14-4f6a-abcb-b347e9b758ee,2026-04-24 23:29:56.000000,Brett Thompson,phelpsmichael@example.net,Europe,Reverse-engineered multi-state knowledge user,Home & Garden,2,0.1,712.9
2346f26d-bf3b-4681-8e4d-364e397e8bfb,2024-10-20 01:12:56.000000,Alexandra Baxter,davidsmith@example.net,Middle East,Decentralized grid-enabled service-desk,Electronics,2,0.0,704.82
24a0aaad-b436-48fb-b21e-afabf64909e8,2025-05-10 04:09:39.000000,Casey Obrien,michele28@example.org,Middle East,Expanded intangible standardization,Clothing,5,0.3,292.16
f7048d14-b235-4615-86be-ab4abbab3b0e,2025-06-15 20:55:36.000000,Norman Cook,vpham@example.org,Asia,Synergistic demand-driven implementation,Clothing,3,0.1,1358.2
259a5d6c-07ba-408b-a87e-09f1ded7945e,2025-04-30 16:25:39.000000,Cassandra Edwards,patriciaadams@example.net,Latin America,Reverse-engineered multi-state knowledge user,Home & Garden,9,0.3,2457.22
13ba8d24-3ebb-427c-9438-e799242ac30f,2024-07-30 16:22:59.000000,Tonya Wilson,srocha@example.net,Asia,Innovative eco-centric open architecture,Toys,7,0.1,1391.56
6a9f687a-d04f-4197-94c0-df2891b5fcb4,2024-11-14 06:42:47.000000,Jennifer Vargas,grahamtamara@example.org,Europe,Optimized mission-critical moratorium,Home & Garden,5,0.1,1234.22
be59d035-7842-4071-aeb3-5f6ac3f26a39,2024-11-06 19:39:58.000000,Rebecca Henderson,cruzcaitlin@example.com,North America,,,9,0.2,0.0
f2e2503a-b2d5-45d1-8706-f724bf83f2d4,2025-03-10 15:00:36.000000,Taylor Griffith,david86@example.com,Latin America,Operative responsive pricing structure,Sports,6,0.2,194.4
565bb785-b8f9-45fc-a959-8983785e02ee,2025-06-30 20:03:01.000000,Jacob Santos,brooksdanielle@example.net,Europe,Devolved responsive model,Sports,8,0.2,2034.91
2c6fc084-c04a-4f68-9aab-1efb0838f528,2025-08-15 21:53:19.000000,Christopher Schwartz,jenniferwilliams@example.com,Latin America,Multi-lateral contextually-based methodology,Sports,5,0.1,1172.73
d52a85c8-6579-4c22-82c8-37b6290c9e51,2025-06-15 00:38:43.000000,Marcus Winters,megan90@example.org,Europe,User-centric coherent leverage,Sports,1,0.0,323.62
744cc6ae-e03f-4f2c-b2bf-fc3fae0e289b,2025-09-24 09:59:49.000000,Justin Riley,michelle52@example.com,Middle East,Decentralized grid-enabled service-desk,Electronics,3,0.2,873.83
eb4d6df5-420f-49a8-945b-4e9bb61ec0ed,2025-10-08 07:50:56.000000,Joshua Holland,margaret10@example.org,Asia,Upgradable disintermediate protocol,Toys,9,0.1,3291.56
3a314e67-b598-4577-8e58-3dde807ab658,2025-06-15 01:34:04.000000,Blake Sosa,waustin@example.net,Middle East,Expanded intangible standardization,Clothing,3,0.0,234.55
f91e8b9b-4596-4e76-a824-162dee7385d8,2024-09-30 09:36:10.000000,James Elliott,millerroy@example.com,North America,Profit-focused grid-enabled infrastructure,Toys,6,0.2,867.52
f37985df-fa59-407b-a0a7-ca57858117a1,2024-10-26 04:26:12.000000,Heidi Stark,brownamy@example.net,Latin America,Front-line next generation Internet solution,Toys,6,0.1,745.04
9e79a6fe-6680-45e3-b63c-bc32be3e1402,2024-09-02 11:38:18.000000,Charles Edwards MD,glennstephanie@example.com,North America,Upgradable disintermediate protocol,Toys,1,0.2,321.52
d28faf65-2f06-4e12-a46d-2e33380a402d,2026-02-20 10:09:01.000000,Mitchell Jackson,cbell@example.net,Middle East,Front-line encompassing leverage,Toys,6,0.1,549.67
d77a80b8-9ae6-4efe-8f2d-e908f9da4f55,2024-09-18 23:03:59.000000,Ethan Villanueva,travis84@example.com,Latin America,Multi-lateral contextually-based methodology,Sports,9,0.1,2065.52
7a37f3d6-77eb-4d89-b142-de87d109ffe5,2025-03-21 06:03:37.000000,Andrew Berry,dennishunt@example.net,Latin America,Optimized mission-critical moratorium,Home & Garden,7,0.3,1323.5
d3c6e5a0-67b4-4019-a452-f530a7175804,2025-05-12 12:15:28.000000,Mark Carpenter,kennedyjames@example.org,Europe,Front-line encompassing leverage,Toys,8,0.3,606.53
5f1930e0-cda7-4451-8dfe-f6332a31edfd,2025-12-05 06:09:33.000000,Marc Lynch,mezajared@example.org,Asia,Re-engineered clear-thinking application,Clothing,9,0.3,2126.59
1bc02912-4519-42c4-b1d9-dd326c99ce56,2024-10-10 01:56:24.000000,Alan Kramer,john19@example.net,Middle East,Robust secondary infrastructure,Toys,5,0.1,844.52
c75f41dc-9a6a-4bb1-9cda-038513eb4358,2026-05-09 13:43:21.000000,Robert Pearson,cassidy82@example.org,Europe,Cross-platform asymmetric leverage,Electronics,10,0.2,1604.0
483eb6a1-3d51-4528-872e-35dd55e17880,2024-11-24 09:51:20.000000,Brett Thompson,phelpsmichael@example.net,Europe,Down-sized scalable workforce,Home & Garden,8,0.1,1986.48
363fbae9-10b8-41c5-9b41-42aa8aa431e9,2025-10-27 18:43:59.000000,Elizabeth Price,vmedina@example.net,Europe,User-friendly tangible synergy,Clothing,8,0.3,1455.33
4f227efa-e8e1-4f98-81ab-639802cf63a8,2024-12-13 19:34:48.000000,Peter Vaughn DDS,bwest@example.org,North America,Reverse-engineered multi-state knowledge user,Home & Garden,9,0.0,3276.29
ede02d33-a36d-4567-b3a4-4f408d3ba57f,2024-08-15 03:08:33.000000,Shannon Smith,maldonadoamanda@example.com,North America,Function-based methodical product,Clothing,10,0.2,3161.25
fa069889-15c5-4392-84e8-31e13d869ad2,2025-10-06 19:38:26.000000,Jennifer Velasquez,bethwilliams@example.com,North America,Innovative eco-centric open architecture,Toys,2,0.1,411.3
fc8ade6a-9051-485e-8b7c-e5c690968629,2026-03-26 18:39:24.000000,Rachel Leon,troyrodriguez@example.com,Asia,Robust secondary infrastructure,Toys,4,0.2,644.19
50885581-0c4c-4edf-8bb1-b9847bdac670,2024-10-01 09:21:34.000000,Connie Brown,tblankenship@example.net,North America,Business-focused 4thgeneration throughput,Sports,5,0.1,1714.56
fb04c6b1-022b-4960-8f00-ba6af189d0b1,2025-04-24 00:12:13.000000,Sarah Rivera,wilsontara@example.org,Asia,Organized attitude-oriented implementation,Clothing,8,0.2,2279.68
6401118d-c078-4c3e-9081-440731e3e608,2026-02-04 15:35:20.000000,Joseph Hill,andre62@example.org,North America,Devolved responsive model,Sports,10,0.2,2543.64
e581c1bc-6843-4e98-94d1-44d518ede297,2026-02-16 21:26:12.000000,Kristy Hernandez,millermaurice@example.net,North America,Multi-lateral high-level open architecture,Toys,6,0.1,1306.27
ceb7f2d6-808e-4df2-99db-533e80ea83af,2026-03-14 23:57:03.000000,Mark Diaz,michael41@example.net,North America,User-centric coherent leverage,Sports,6,0.1,1800.11
cbcb3293-9651-4240-8610-3d842672a20c,2025-05-13 18:51:39.000000,Jennifer Velasquez,bethwilliams@example.com,North America,Horizontal maximized product,Electronics,2,0.1,401.0
da1e72b2-de6a-4c6e-961b-92217a199807,2024-08-19 01:07:22.000000,Dawn Wilson,yorksarah@example.net,Asia,Function-based grid-enabled adapter,Clothing,7,0.2,769.27
aeb00fb9-26cb-4e99-a945-e93a4a454398,2025-07-15 16:42:27.000000,Ronald Jones,gilbertwilliam@example.com,Europe,Multi-lateral contextually-based methodology,Sports,7,0.2,1377.01
17e1e8f6-a03e-4003-a29c-b897142925a0,2026-01-30 00:53:51.000000,Justin Nelson,gilbertbrenda@example.org,Middle East,Fundamental contextually-based neural-net,Electronics,10,0.2,1912.24
b7f330ad-c4d1-4310-a40f-92a4a77af8cb,2024-11-23 01:54:57.000000,Jaime Lang,stucker@example.net,Latin America,Profound mobile time-frame,Clothing,6,0.0,1162.48
ee235eb0-85f6-4467-a6c1-d1369bd65068,2026-03-10 00:11:58.000000,Edwin David,kellie37@example.com,Asia,,,5,0.1,0.0
21962a11-c90c-41d3-b28e-10025766fe0c,2025-04-10 07:35:09.000000,Hannah Bruce,lisamccarthy@example.com,Middle East,Decentralized grid-enabled service-desk,Electronics,10,0.2,2768.92
db1fb4d4-9f9b-47bd-9c3d-b15c4a74982e,2026-07-21 05:16:58.000000,Gina Beard,angela83@example.org,Asia,Multi-layered high-level initiative,Electronics,3,0.2,1006.65
b6779a11-e403-499b-8a3e-49186e4f8ea3,2026-03-14 07:26:59.000000,Robert Pearson,cassidy82@example.org,Europe,Horizontal maximized product,Electronics,8,0.0,1689.34
357544ee-3d36-4abf-a33b-ffffaed0cbcf,2025-11-07 02:13:28.000000,Ronald Brandt,amy51@example.org,North America,Advanced context-sensitive instruction set,Toys,10,0.1,2746.38
2703c75d-f540-438e-9333-16799b5c4b58,2025-10-04 07:34:47.000000,Laura Henderson,sreid@example.net,Europe,Expanded composite infrastructure,Home & Garden,8,0.1,1663.58
18ef9a28-7f5d-47f8-be91-4b95a0b6d265,2026-04-07 00:58:12.000000,Mercedes Barnes,huntchristine@example.com,North America,Re-engineered clear-thinking application,Clothing,3,0.1,918.53
ded64d2a-c42d-4f03-a482-e8d103d33907,2025-03-18 10:04:07.000000,Angie Hill,zgomez@example.com,Europe,,,8,0.0,0.0
cc214b4e-f80c-4b1a-9e16-afca8c111ba4,2026-03-19 22:58:55.000000,Carrie Lewis,joshuagriffin@example.org,Middle East,User-centric coherent leverage,Sports,7,0.0,2241.72
1817dac5-7fb8-46c6-9650-9f14e5278ea2,2025-07-09 06:00:53.000000,Karen Howard,kathleenhall@example.com,Asia,Down-sized contextually-based adapter,Sports,4,0.0,1083.85
4bacfa4a-ef1e-4acf-ab72-9d66504fde7c,2024-11-23 09:50:50.000000,Patrick Hardy,staceylam@example.net,North America,Multi-tiered dedicated circuit,Electronics,8,0.3,1308.72
5d0314d8-9396-4405-87b5-c4cd11730df2,2025-04-21 11:02:52.000000,Sarah Wagner,rebecca01@example.net,Asia,Open-architected asynchronous artificial intelligence,Other,6,0.2,999.98
b5ed7ce8-2ddf-4675-9235-d52e16d7ba54,2026-03-12 13:47:45.000000,Keith Flynn,kellyhill@example.net,North America,Multi-lateral high-level open architecture,Toys,5,0.2,1001.97
7927a136-fc73-4358-8208-9fc875f321cb,2025-02-04 20:27:29.000000,David Morris,oscar85@example.com,Latin America,Down-sized contextually-based adapter,Sports,2,0.1,487.19
a6798ab0-7129-42f6-a06c-a678c35d8f64,2026-07-08 19:23:14.000000,Tammie Prince,morganlaura@example.com,Middle East,Down-sized scalable workforce,Home & Garden,1,0.2,206.92
f8c01007-1fbc-4004-b098-aa1f23f459be,2025-10-05 17:44:30.000000,John Torres,gbender@example.net,North America,Operative responsive pricing structure,Sports,1,0.0,38.88
dbe7a333-5d0c-4205-8a22-be567cfe8ab0,2025-02-28 14:51:37.000000,Shawn Odom,roberthill@example.net,Europe,Down-sized contextually-based adapter,Sports,3,0.1,730.78
9ea393ea-db64-4a33-a8b6-66d666a3f3db,2026-07-03 08:30:46.000000,Kim Brown,yorkcasey@example.org,North America,Multi-tiered dedicated circuit,Electronics,6,0.1,1219.91
5de22a7d-70da-4528-a105-1c60ae3acdf2,2025-08-23 01:05:15.000000,Warren Schultz,mary49@example.net,Asia,Innovative eco-centric open architecture,Toys,1,0.1,207.94
504b10c8-f3b9-47f2-9fe7-e068d847260b,2025-05-07 05:44:23.000000,Julia Erickson,ssalinas@example.org,Europe,,,2,0.2,0.0
8185716a-69c7-48ee-aea4-b7d6155fa2f4,2025-07-05 14:06:36.000000,Patrick Parker,nathan94@example.com,Asia,,,3,0.2,0.0
fdc2705c-e023-482a-a09d-d9e84348a887,2026-01-02 03:32:25.000000,Robert Garcia,nicole26@example.org,Middle East,Cross-platform asymmetric leverage,Electronics,3,0.2,505.26
a4d47431-fa38-45a0-9ee0-8a700aecc94d,2024-09-03 07:25:57.000000,Christine Poole,elucas@example.net,Asia,Devolved responsive model,Sports,5,0.1,1426.92
b32281f3-3eac-4015-8a64-25fcbdb4f711,2026-04-19 20:42:45.000000,Nicholas Costa,ysnyder@example.com,Europe,Down-sized contextually-based adapter,Sports,6,0.0,1592.93
da622059-2791-43f4-8208-8c918f909d9d,2024-10-10 18:40:44.000000,Beth Cline,dustinmorris@example.org,North America,Innovative eco-centric open architecture,Toys,3,0.0,685.5
91f448bb-2880-4cff-a035-d9af4a68bbad,2025-05-27 02:54:30.000000,Carolyn James,josephadams@example.org,Asia,User-centric coherent leverage,Sports,6,0.2,1557.4
63629509-3919-43be-92ae-bb0eda948cdf,2026-05-30 23:17:04.000000,Taylor Griffith,david86@example.com,Latin America,Up-sized foreground toolset,Toys,3,0.0,637.58
5953ff90-17ef-4203-ab4d-738c7657e37c,2025-07-17 20:22:11.000000,Marc Lynch,mezajared@example.org,Asia,Horizontal heuristic Graphic Interface,Electronics,4,0.2,233.4
e66eb0e2-88fd-4890-a479-dce277eee00f,2026-04-17 13:48:30.000000,Melissa Castillo,aaronpowers@example.org,Asia,Horizontal maximized product,Electronics,10,0.2,1685.07
2e266519-15f8-4768-9bef-39f177009b2e,2026-02-09 09:06:53.000000,Victor Brown,daniellegonzales@example.org,Asia,Profound mobile time-frame,Clothing,9,0.2,1405.65
ec285a93-f5a4-4270-aade-ae691bbcb748,2025-05-25 07:22:14.000000,Trevor Jones,pamelamartin@example.org,Middle East,Cross-platform asymmetric leverage,Electronics,2,0.1,348.87
66ca0baf-3310-480a-aee0-95d5c4a9d8ac,2025-04-02 07:34:43.000000,Billy Schneider,edwardmoore@example.net,Middle East,Decentralized tangible model,Clothing,2,0.2,607.8
ff169376-57a9-41b3-9139-94a1108134dc,2025-11-02 10:02:40.000000,Christopher Mullen,johnsjessica@example.com,Asia,Optimized mission-critical moratorium,Home & Garden,8,0.1,1890.72
bdc4d680-b3c9-4502-b66f-42687c7dd490,2025-07-25 21:09:22.000000,Nicholas Rush,xrosales@example.net,Asia,Re-contextualized actuating infrastructure,Clothing,3,0.2,842.4
09ccdf05-745f-4433-8743-968f1d447f41,2025-09-17 08:49:56.000000,Austin Garcia,wlynn@example.org,North America,Open-architected asynchronous artificial intelligence,Other,9,0.2,1391.54
2540647b-784f-4b14-b2d3-1a6527dea64c,2025-11-30 06:16:49.000000,Zachary White,manuel15@example.net,Asia,Expanded intangible standardization,Clothing,5,0.0,407.38
0804ccea-9175-4c63-91f7-c01736a5faba,2025-10-30 20:40:37.000000,Mr. Martin Hernandez,smithsarah@example.net,Europe,Cross-platform fresh-thinking hierarchy,Toys,4,0.0,1637.38
efbbd216-0ff9-4696-a15a-58bdc632554b,2026-04-09 23:56:25.000000,Cynthia Haas,daisymccarty@example.net,Europe,Front-line encompassing leverage,Toys,4,0.1,383.29
fa82f65d-6e1b-4be2-8a20-8c075c8aca1b,2025-07-23 16:46:38.000000,Connor King,courtneyberger@example.net,Latin America,Fundamental contextually-based neural-net,Electronics,2,0.1,405.77
de36992f-3624-45c1-8dd8-063b36a2bf69,2024-08-07 19:27:55.000000,Margaret Alvarez,william28@example.org,Asia,Cross-platform fresh-thinking hierarchy,Toys,2,0.0,844.27
6c44821e-af05-4764-8234-af07f3e08b1f,2025-02-15 14:06:55.000000,Katherine Cummings,umurray@example.com,Middle East,Cross-platform asymmetric leverage,Electronics,7,0.0,1389.46
15663d1a-2d15-420b-a2bc-67154087be6a,2024-11-08 01:58:04.000000,Christian Lewis,irussell@example.com,North America,Profit-focused grid-enabled infrastructure,Toys,9,0.2,1285.6
14eae37c-67b2-416c-861e-a8aa11baf616,2025-03-09 17:10:58.000000,Sarah Davis,brettbennett@example.net,Latin America,Cross-platform fresh-thinking hierarchy,Toys,5,0.0,2110.68
df0ccde7-7390-4263-b653-2dbadfafc6cf,2025-06-11 23:57:52.000000,Trevor Peterson,ilee@example.org,Middle East,Organic zero-defect hierarchy,Electronics,1,0.2,363.36
e4a07521-ab6d-40aa-b6cf-94298657d8ff,2025-02-07 12:13:43.000000,Gail Barron,matthewvalenzuela@example.com,Europe,Cross-platform fresh-thinking hierarchy,Toys,10,0.1,4008.16
17aa3aee-0dc2-4df3-949e-dd912f1fc132,2026-06-16 02:58:54.000000,Kimberly Lutz,jvaldez@example.com,Asia,Multi-layered high-level initiative,Electronics,3,0.2,1073.76
f69f239b-578e-411f-adb4-6c7fe6d1fe21,2026-02-26 00:00:04.000000,Katie Gonzalez,kathryn88@example.org,Europe,Intuitive system-worthy access,Clothing,3,0.2,49.5
596a2b36-32d7-4c22-aa1e-da7b4c01f701,2025-06-11 12:23:32.000000,Jennifer Harris DDS,jwhite@example.net,Middle East,Multi-tiered dedicated circuit,Electronics,10,0.1,2103.3
b05731fd-8916-40b7-b9ba-547e7b4bcaf8,2026-03-21 19:56:34.000000,Joshua Holland,margaret10@example.org,Asia,Horizontal heuristic Graphic Interface,Electronics,10,0.1,723.54
6fd1134e-b25a-4809-b730-e52e2922ecb0,2025-04-22 11:43:37.000000,Samantha Richardson,wolfscott@example.org,North America,Decentralized tangible model,Clothing,2,0.2,607.8
639e8bbc-9200-4957-b161-fd16e9a002a4,2026-04-21 05:54:23.000000,Margaret Alvarez,william28@example.org,Asia,Re-engineered clear-thinking application,Clothing,9,0.1,2785.54
e4ceb832-c877-4e4b-8f97-b21d028adf1c,2025-10-27 19:03:59.000000,Jennifer Pena,charlesharrington@example.com,Asia,User-centric coherent leverage,Sports,3,0.3,738.25
aaff96ff-b904-4b52-93eb-459932d4d3a5,2025-10-13 07:36:18.000000,Maria Lucas,tammy61@example.org,North America,Re-engineered clear-thinking application,Clothing,2,0.3,479.23
aa000756-52e0-434e-a505-a2b69dd3c15a,2026-04-21 15:00:20.000000,Andrew Berry,dennishunt@example.net,Latin America,Horizontal heuristic Graphic Interface,Electronics,8,0.1,553.94
d34298be-be2a-45c6-bbfe-cb11f06046a1,2026-02-13 05:13:29.000000,Mark Copeland,martinezmia@example.com,North America,Expanded intangible standardization,Clothing,8,0.2,526.72
26879443-03a1-4eac-9107-256ebbae2fbd,2026-06-17 07:46:26.000000,Micheal Young,luis81@example.org,Europe,Expanded intangible standardization,Clothing,6,0.3,350.6
7fdbabc1-25c1-4e41-af0e-c9cb756aae2d,2026-05-23 07:31:36.000000,Keith Rodriguez,justin88@example.com,Europe,Organized contextually-based orchestration,Electronics,9,0.1,3276.02
f8505ae9-cac1-4d2e-9d15-571c51001ab9,2025-12-26 11:01:59.000000,Elizabeth Price,vmedina@example.net,Europe,Cross-platform asymmetric leverage,Electronics,1,0.0,192.48
b8e7bcf5-854c-4d1f-8347-09826808f471,2024-07-23 20:19:26.000000,Jason Stein,gateskathy@example.com,North America,Profound mobile time-frame,Clothing,3,0.2,504.13
d51f6de1-f17d-4a26-b357-d500fcfd348c,2026-05-17 20:23:54.000000,Curtis Taylor,jjohnson@example.net,Asia,Upgradable disintermediate protocol,Toys,5,0.2,1667.88
a3900655-7307-43d5-a261-078d202f00a8,2025-10-13 05:30:39.000000,John Ryan,esanchez@example.com,Europe,Intuitive system-worthy access,Clothing,6,0.2,112.2
bee6b06e-37f7-496a-8957-251718f23999,2024-12-13 17:57:39.000000,Kathy Levy,brandywilliams@example.com,Middle East,User-centric coherent leverage,Sports,8,0.2,2211.38
c63e0e47-8bcc-4e8d-b24a-4a6d6b90a95b,2024-11-27 00:07:46.000000,Christopher Gonzalez,moniquewilliams@example.com,Asia,Reverse-engineered multi-state knowledge user,Home & Garden,8,0.1,2821.25
591c228f-3754-45ec-a0a7-8c2099d76c9c,2024-12-30 22:02:56.000000,Tyler Stevens,amy49@example.com,Europe,User-centric coherent leverage,Sports,7,0.1,2218.12
adfc1dc4-f8c4-4f7a-b0ef-cbd3f3cef8b7,2025-10-12 00:47:32.000000,Gavin Anderson,evan78@example.net,North America,Exclusive object-oriented orchestration,Other,6,0.0,815.67
d053d7f4-5ec9-4fdc-83ad-d1a4f481b9cb,2025-04-29 13:24:07.000000,Matthew Adams,gallagherstacie@example.net,North America,Streamlined national conglomeration,Home & Garden,2,0.1,787.78
4e954929-e58b-4d2d-8d4c-3b8004251c71,2025-08-14 23:19:42.000000,Christina Rodriguez,adam65@example.net,Asia,Organic zero-defect hierarchy,Electronics,2,0.0,906.05
b30672dc-1fef-4fb0-9e25-65fed1ad5c22,2025-08-12 16:15:06.000000,Timothy Flores,vewing@example.com,Europe,Function-based methodical product,Clothing,10,0.3,2992.65
69ff6cc0-74bc-405c-bfc1-9ef6a61f135f,2025-06-04 17:56:47.000000,Alyssa Lee,marywright@example.com,Europe,Multi-lateral contextually-based methodology,Sports,2,0.1,448.92
8adf1e46-d403-4d02-9a2a-83bd5a0ae917,2025-06-16 18:11:10.000000,Michael Berger,nguyenbrian@example.com,Middle East,Up-sized foreground toolset,Toys,4,0.2,718.65
55f8bbb8-c3dc-4b92-b95c-a96d85ee751c,2024-10-17 01:20:17.000000,Jeremy Barnes,avaughn@example.net,North America,Cross-platform fresh-thinking hierarchy,Toys,4,0.2,1279.2
29a3e5f6-984a-4463-8d81-42152d490058,2025-09-15 13:36:55.000000,Patrick Parker,nathan94@example.com,Asia,Operative responsive pricing structure,Sports,10,0.1,372.6
d857ec60-48f7-4726-a1ae-22556f959489,2025-12-15 07:43:17.000000,Kara Hernandez,turnerdorothy@example.net,Latin America,Robust secondary infrastructure,Toys,7,0.1,1223.57
a254da12-6fff-45cc-ae26-f348b044db1b,2025-02-25 23:54:50.000000,Kathleen Andrade,rbrown@example.com,Middle East,Open-architected asynchronous artificial intelligence,Other,7,0.3,983.92
ecd5afa3-f01a-4097-9ed0-fe5fb3bc5791,2026-06-24 14:39:38.000000,Elizabeth Wright,millereric@example.net,Europe,Multi-tiered dedicated circuit,Electronics,3,0.2,539.85
166e46ae-fed0-4fca-9966-d047db642c52,2026-04-07 23:35:16.000000,Christian Lewis,irussell@example.com,North America,Cross-platform fresh-thinking hierarchy,Toys,1,0.2,362.44
a64dcc1d-16f2-4319-9a93-6d0cd655005d,2024-08-02 17:59:38.000000,Maria Harper,williamsmatthew@example.org,Latin America,,,3,0.0,0.0
ed5edfa2-9fb3-4a4d-8071-2a38bffc4f09,2025-09-17 02:21:17.000000,Jeffrey Chavez,teresa28@example.org,North America,Expanded intangible standardization,Clothing,7,0.2,472.4
80dc4cf9-71b0-41fa-a22e-b45b1986133d,2025-10-15 10:45:40.000000,Lucas Allen,qlopez@example.org,Latin America,Front-line encompassing leverage,Toys,5,0.2,426.47
4a372da3-aaef-4d3e-885a-cd62ce4d89f3,2026-05-13 12:43:07.000000,David Alvarez,gibsonolivia@example.net,Middle East,Cross-platform asymmetric leverage,Electronics,2,0.2,320.8
c6e19fd7-390e-4f57-b63d-2fb56baf1e8f,2025-07-09 02:41:49.000000,Jason Washington,wardsheryl@example.net,Latin America,Business-focused 4thgeneration throughput,Sports,8,0.2,2217.98
32103c49-1d4f-41c8-a18e-72a78d34dd83,2026-05-17 03:09:56.000000,Mr. David Little MD,nolansteven@example.com,Asia,User-centric coherent leverage,Sports,8,0.2,2292.28
59c1d16c-1fdb-463a-b357-57c578360477,2026-03-29 12:22:37.000000,Sergio Knight,vjones@example.net,North America,Organized attitude-oriented implementation,Clothing,6,0.2,1624.27
e8724434-69b6-475e-b6c5-3d2be9fdd358,2026-04-19 05:28:53.000000,Paul Grant,seanmyers@example.net,Middle East,Organized attitude-oriented implementation,Clothing,1,0.3,252.9
bdbc34f8-c8dd-49bb-b42e-8714a51581ba,2025-05-24 10:11:17.000000,Vanessa Patel,davidalvarez@example.net,Middle East,Multi-lateral high-level open architecture,Toys,2,0.1,435.42
c83e0032-5fe8-47f4-b08a-ba2101f268f5,2025-01-10 22:15:45.000000,Thomas Velasquez,sarah60@example.com,Europe,Team-oriented cohesive approach,Sports,8,0.1,1585.84
e12def58-4482-4852-889a-4ca481ef8162,2025-12-14 14:30:05.000000,Vanessa Patel,davidalvarez@example.net,Middle East,Expanded intangible standardization,Clothing,9,0.2,592.56
e71594ff-d6a6-4618-8eb1-8c8843b63613,2026-03-30 14:13:56.000000,James Chapman,cameronwilliams@example.com,Middle East,Advanced context-sensitive instruction set,Toys,3,0.2,769.59
085d5d01-6a20-42aa-a8b8-1813e672abf5,2024-08-02 01:17:00.000000,Jason Stein,gateskathy@example.com,North America,Down-sized scalable workforce,Home & Garden,8,0.2,1765.76
5fd90dfe-ca5e-4f38-a743-9b5306b81c8a,2026-05-05 00:51:49.000000,Shannon Yu,janet69@example.org,Middle East,Organized attitude-oriented implementation,Clothing,10,0.1,3063.32
bdc242a8-d1ed-4618-84da-c679d113b5ff,2025-10-29 23:34:47.000000,Charles Edwards MD,glennstephanie@example.com,North America,Multi-lateral contextually-based methodology,Sports,9,0.0,2224.4
f58b8c61-2ba0-49ec-95c8-74415145c6f8,2025-10-08 10:07:44.000000,Cindy Barnes,eric45@example.net,Asia,Streamlined national conglomeration,Home & Garden,10,0.3,3177.96
8e44f2f8-3de8-44cd-ae15-c527fe2a0cbc,2025-05-20 23:18:20.000000,Brittany Miller,dixonjames@example.org,Europe,Reverse-engineered multi-state knowledge user,Home & Garden,6,0.2,1751.9
64b078a7-a4f9-467f-9dc3-bbee31523136,2026-04-25 13:04:17.000000,Justin Riley,michelle52@example.com,Middle East,Devolved responsive model,Sports,1,0.0,307.1
93ee36ee-ee93-44d0-8d24-120c0d346977,2025-06-19 06:49:52.000000,David Leblanc,jmorton@example.org,Europe,Fundamental contextually-based neural-net,Electronics,6,0.1,1259.28
63f20557-a2e2-41ca-b07b-f9bb20fda784,2026-02-06 12:47:11.000000,Alyssa Lee,marywright@example.com,Europe,Operative responsive pricing structure,Sports,1,0.2,31.19
5170a2ef-e777-4664-a732-ceca2c78bc22,2025-08-26 18:31:32.000000,Michael Ray,crawfordwilliam@example.org,North America,Up-sized foreground toolset,Toys,7,0.0,1487.69
197df05f-3b20-4154-aff9-8cf7288fc36a,2026-01-23 11:36:16.000000,Mitchell Jackson,cbell@example.net,Middle East,Innovative eco-centric open architecture,Toys,7,0.1,1423.56
1e4dacd6-8116-4d6c-a057-2e73cd199b5e,2025-11-23 10:41:47.000000,Matthew Lamb,steinmaria@example.com,Middle East,Cross-platform uniform flexibility,Toys,4,0.1,883.87
d7d0dc99-645a-48ee-88c6-a8b193b1ee1d,2026-03-04 23:41:43.000000,Christopher Gonzalez,moniquewilliams@example.com,Asia,Operative responsive pricing structure,Sports,2,0.3,59.13
d65bc676-429e-40e0-aaaa-94c8a097efe3,2025-09-23 10:41:15.000000,Steve Newton,josephjacobs@example.net,Europe,Advanced context-sensitive instruction set,Toys,1,0.1,271.62
3429c8cf-5289-4c31-b2de-05fd28b7b541,2024-10-01 10:10:13.000000,Jennifer Robinson,williamdavis@example.org,Latin America,Organized attitude-oriented implementation,Clothing,6,0.0,2115.83
02f4298f-6ffa-4356-8690-5ba517e03df5,2025-11-21 11:13:05.000000,Brian Leon,smithmaria@example.org,Europe,Multi-lateral high-level open architecture,Toys,10,0.2,2102.9
071f1a27-272e-41b1-97e1-bc36c520d50f,2025-11-13 01:59:39.000000,Susan Davis,amandasharp@example.org,Middle East,Multi-tiered dedicated circuit,Electronics,1,0.2,184.62
f8ef32ee-ebac-42ef-8b2e-1eb3b523b1f3,2024-09-20 04:12:28.000000,Mark Copeland,martinezmia@example.com,North America,Optimized mission-critical moratorium,Home & Garden,6,0.1,1402.28
be09f835-0679-45ab-a1e5-48ca926114b7,2026-02-11 05:41:13.000000,Kelly Lee,charles87@example.net,North America,Devolved responsive model,Sports,10,0.0,3008.94
a26c2d5a-7426-47e7-bbc1-085b216b9833,2025-11-23 11:49:42.000000,Luke Estrada,bhopkins@example.org,Middle East,Synergistic demand-driven implementation,Clothing,4,0.1,1771.56
3d5e69df-2fc2-447c-9bad-d755c7101f3d,2025-12-09 19:41:13.000000,Laurie Goodwin,thickman@example.org,Latin America,Cross-platform asymmetric leverage,Electronics,6,0.0,1142.85
319ec58b-4c03-4d16-b8c4-f346e5dd614c,2025-09-09 20:40:56.000000,Erin Anderson,lucasrodney@example.com,North America,Re-contextualized actuating infrastructure,Clothing,7,0.1,2463.55
c7affa24-b9ef-4fa8-bec8-fe58d7282d30,2026-04-08 21:10:04.000000,Juan Smith,kellymueller@example.net,North America,Decentralized tangible model,Clothing,9,0.1,3427.99
42aecc90-c538-4208-a0cb-9e17c93a7471,2025-12-15 01:14:10.000000,Brittney Webster,craigjoseph@example.net,Latin America,Synergized zero-defect conglomeration,Clothing,5,0.3,1188.95
ef5a9491-153d-4653-8664-18580d3f69ed,2024-11-09 15:50:24.000000,Carolyn Fuller,rhernandez@example.org,Asia,,,10,0.2,0.0
fc1bb61a-a36d-4d54-85ec-8e9fa09fc700,2025-10-13 23:44:02.000000,Jeffrey Carpenter,steven73@example.net,Latin America,Upgradable disintermediate protocol,Toys,10,0.0,3898.43
758964f5-1c66-421e-9a79-aec1ddefb7bb,2026-07-11 04:01:28.000000,Eric Sanders,wking@example.net,Latin America,Multi-tiered dedicated circuit,Electronics,2,0.2,387.94
244f52f4-1b69-4031-9f68-3d6f988c89db,2025-02-25 09:16:28.000000,Julia Erickson,ssalinas@example.org,Europe,Exclusive object-oriented orchestration,Other,7,0.1,941.6
17c03e28-2e3d-4de2-a504-d1c64312153d,2024-09-19 02:16:34.000000,Melissa Castillo,aaronpowers@example.org,Asia,Decentralized tangible model,Clothing,5,0.2,1722.1
e9a7f5e0-5c84-48db-9839-40c97e86d7f8,2026-05-03 03:07:21.000000,Erin Anderson,lucasrodney@example.com,North America,Multi-lateral high-level open architecture,Toys,9,0.1,2026.21
7db4990d-19c5-4f2d-a40b-7b85353daedc,2026-03-30 19:53:07.000000,Justin Nelson,gilbertbrenda@example.org,Middle East,Function-based methodical product,Clothing,5,0.2,1707.08
7c8c65ab-12d5-4fe5-a9eb-337c059ef8d8,2025-11-18 23:21:14.000000,Julie Ball,opatel@example.org,Asia,Organic zero-defect hierarchy,Electronics,9,0.0,4034.74
e886818e-a230-4350-9047-1a3de3c443f1,2025-07-06 04:46:00.000000,Derek Hodge,taylorkaren@example.com,Latin America,Streamlined national conglomeration,Home & Garden,4,0.2,1432.32
4c7b34e2-2e07-4b63-a93e-16b3cefd1224,2024-07-28 20:48:38.000000,Kristina Pena,xclements@example.org,Europe,Expanded composite infrastructure,Home & Garden,8,0.1,1645.7
913a2b6c-a8df-459a-adbd-c7cfe754d4c3,2025-11-23 06:27:09.000000,Kevin Snyder,jessicapayne@example.org,Middle East,Organized attitude-oriented implementation,Clothing,10,0.3,2635.88
1e014975-080d-4370-9ad4-c20f9b4dbb90,2025-04-13 06:13:54.000000,Karen Howard,kathleenhall@example.com,Asia,Multi-lateral high-level open architecture,Toys,10,0.2,1929.72
288c2222-0148-4245-8be6-4b98999921ec,2025-08-30 05:52:47.000000,Michael Martinez,mccannangela@example.net,Europe,Cross-platform uniform flexibility,Toys,3,0.2,555.98
1f20c257-ed34-4e32-8126-fa8fbddfd7eb,2024-12-17 18:40:41.000000,Patrick Hardy,staceylam@example.net,North America,Advanced context-sensitive instruction set,Toys,7,0.1,1859.09
05e5d461-8934-4b06-8790-eeb49b2a1376,2025-08-27 07:54:25.000000,Kenneth Howard DDS,alicia28@example.org,Asia,Decentralized tangible model,Clothing,4,0.2,1215.6
375fdd57-2700-460b-82ce-56bd8301b3a6,2026-05-25 07:29:21.000000,Jennifer Lewis,reeddaniel@example.net,Europe,User-centric coherent leverage,Sports,3,0.1,930.4
378a8ba6-e608-46d3-9d62-c6b55d697934,2024-08-12 21:39:26.000000,Justin Bishop,scottbowen@example.net,Middle East,Cross-platform uniform flexibility,Toys,7,0.1,1546.78
4480d02d-2067-402b-b099-e2b6b10ccf77,2025-02-18 13:17:41.000000,Ronald Brandt,amy51@example.org,North America,Advanced context-sensitive instruction set,Toys,8,0.2,2052.24
178b55e7-f406-46e0-b301-3b087b487db6,2026-08-20 11:18:07.961183,Daniel Bernard,vhernandez@example.net,Latin America,Multi-lateral high-level open architecture,Toys,1,0.1,232.56
4b589ceb-a6e4-46bf-8d2e-ea22b544f70c,2025-07-18 18:06:30.000000,Sandra Drake,sandersjudy@example.com,Asia,Fundamental contextually-based neural-net,Electronics,1,0.1,214.54
6fa1c232-7eec-4c53-8f1b-6490bec51040,2025-08-23 04:23:33.000000,Jeffrey Howell,watsonmatthew@example.org,Europe,Multi-tiered dedicated circuit,Electronics,9,0.0,1998.13
316c00bc-ec1f-4155-a662-9bd2f243b5c6,2025-01-31 05:51:22.000000,Amy Manning,christinenorman@example.com,North America,Profit-focused grid-enabled infrastructure,Toys,8,0.2,1073.07
d895ccea-afe2-4f5c-b2a8-07cc2c471336,2026-06-10 04:31:49.000000,Todd Hudson,harveyrobert@example.net,Europe,Intuitive system-worthy access,Clothing,6,0.2,108.24
64903d65-f63d-4295-87f5-0a35b7a745e2,2024-10-08 21:52:34.000000,Melanie Flores,cruzamber@example.com,Middle East,Decentralized tangible model,Clothing,7,0.3,2070.57
966b91e7-c435-4e28-8b0c-17099569f8cb,2025-03-20 00:08:59.000000,Hailey Cunningham,paul20@example.com,Middle East,Organic zero-defect hierarchy,Electronics,2,0.1,830.54
f429c05d-34b1-4488-8b4a-1b4b2a683e18,2026-02-01 19:57:44.000000,Grant Phillips,devonmorrison@example.net,Asia,User-friendly tangible synergy,Clothing,3,0.1,695.27
723764ba-e202-4022-aef7-ffc37ce28b5b,2025-06-15 02:49:05.000000,Martha Wright,colemichael@example.org,Middle East,Expanded composite infrastructure,Home & Garden,9,0.3,1448.93
d0de4fb6-458c-4c02-bf40-964098a91187,2025-03-25 13:41:17.000000,Christina Rodriguez,adam65@example.net,Asia,Organic zero-defect hierarchy,Electronics,10,0.3,3397.68
620f4af4-9b77-4a46-9b88-fe699f7717ca,2025-06-19 10:45:21.000000,Linda Rich,davisdonna@example.net,Europe,Profound mobile time-frame,Clothing,5,0.2,840.22
5fbbdfd7-5a58-4bba-9130-38773320e68f,2026-06-18 09:45:06.000000,Maurice Gray,christinaturner@example.net,North America,Cross-platform uniform flexibility,Toys,10,0.0,2280.96
730c19bc-1073-40c3-91c0-6099a1f886ce,2024-11-27 21:31:48.000000,Amy Dunlap,dalepruitt@example.com,Latin America,Devolved responsive model,Sports,6,0.2,1395.9
9a980457-4b21-4512-a8e9-31d8963d101f,2026-04-24 02:20:01.000000,Regina Diaz,ismith@example.org,Middle East,Front-line encompassing leverage,Toys,2,0.0,200.07
f713c245-f34b-4a59-a525-23e3e09397d5,2025-09-06 00:59:05.000000,Cassandra Edwards,patriciaadams@example.net,Latin America,Multi-tiered dedicated circuit,Electronics,8,0.1,1645.25
1d59b308-07aa-4515-a5f7-6d065a2d465b,2024-12-07 17:26:23.000000,Joshua Davis,nicolealvarado@example.com,North America,Operative responsive pricing structure,Sports,1,0.2,34.42
ca782f58-6dec-4b0d-929b-3b96cf1d46be,2024-12-12 09:29:12.000000,Patricia Baker,katiebutler@example.net,North America,Down-sized contextually-based adapter,Sports,2,0.1,498.13
37164f31-1298-4e9c-becd-2b8c5b952506,2025-12-13 06:18:12.000000,Casey Gillespie,lfrench@example.net,Latin America,Exclusive object-oriented orchestration,Other,4,0.3,406.4
b033ee83-518f-4ed4-8277-4ef31f4f4a0f,2024-07-29 10:59:30.000000,Elizabeth Martin,michaeleverett@example.com,North America,Advanced context-sensitive instruction set,Toys,1,0.2,244.46
7722ec2c-36b9-4a35-9430-c8c3b780606a,2025-10-04 18:10:31.000000,David Maynard,katherinetaylor@example.org,North America,Open-architected asynchronous artificial intelligence,Other,1,0.2,150.6
3b8ede31-e614-45dd-9251-d645cb94cf8d,2025-09-30 05:31:16.000000,Amber Glass,zunderwood@example.com,Asia,Synergized zero-defect conglomeration,Clothing,4,0.1,1250.1
9a0fb0b8-489a-4195-a2b6-159410f4c941,2025-01-01 19:00:49.000000,Christopher Ferrell,tjimenez@example.com,Europe,Advanced context-sensitive instruction set,Toys,6,0.3,1321.88
8f9afd51-1a58-4a44-b7ab-aed786faaa83,2025-02-21 22:58:51.000000,Shannon Yu,janet69@example.org,Middle East,Cross-platform fresh-thinking hierarchy,Toys,9,0.3,2839.82
e223e389-f23e-41fc-9b9f-9efeb75d2f0c,2026-04-09 03:18:09.000000,John Pineda,hernandezmarcus@example.org,Middle East,Function-based grid-enabled adapter,Clothing,7,0.0,1012.2
c19666e9-aea0-4292-abf7-d125a571f542,2025-06-24 00:36:06.000000,David Cannon,campbellnancy@example.com,Latin America,Cross-platform asymmetric leverage,Electronics,4,0.1,729.82
32b9fc56-51f3-4a1f-903a-9ed2515a3eea,2024-12-21 02:25:32.000000,Kenneth Howard DDS,alicia28@example.org,Asia,Multi-lateral contextually-based methodology,Sports,8,0.2,1634.26
1e87c27e-6bd6-4443-8640-1757fd81a925,2024-10-25 09:02:13.000000,Shannon Johnston,amckinney@example.com,Middle East,Intuitive system-worthy access,Clothing,8,0.1,151.36
53ae1065-99f7-4c76-abcf-d03f73e9b99b,2025-10-23 04:00:35.000000,Dwayne Klein,sandra47@example.org,Europe,Up-sized foreground toolset,Toys,7,0.3,1134.94
0571dd83-938f-4b37-bc86-25826202f35d,2025-02-27 09:15:18.000000,Angela Wallace,fmiller@example.com,Asia,Synergistic demand-driven implementation,Clothing,3,0.2,1166.28
db29920a-c886-47c6-a4c7-55b00490eb68,2025-10-11 04:42:09.000000,David Jones,unovak@example.org,Latin America,Decentralized tangible model,Clothing,6,0.1,2115.14
7636ae1c-e961-41f3-8130-8be0fcea9a96,2025-02-26 20:44:42.000000,Sherry Baker,earmstrong@example.org,Middle East,Horizontal maximized product,Electronics,6,0.1,1100.63
671e9bb8-f783-46f6-9775-e809218d0520,2024-08-18 17:39:52.000000,Katie Gonzalez,kathryn88@example.org,Europe,Cross-platform asymmetric leverage,Electronics,1,0.2,162.4
870b230c-eb04-4ecb-8891-4b26e5551570,2024-08-20 09:02:10.000000,Edwin Matthews,cgrimes@example.net,Latin America,,,8,0.2,0.0
11c7beb2-042a-4bd7-a510-04b8565f2ea8,2025-07-20 23:13:44.000000,Laura Barnett,anthony52@example.com,Europe,Re-engineered clear-thinking application,Clothing,7,0.1,2189.82
6a429bd5-cd71-42b4-9471-104f1859c5ae,2026-02-02 18:12:27.000000,Christopher Schwartz,jenniferwilliams@example.com,Latin America,Devolved responsive model,Sports,10,0.0,3039.96
c0f1fa3a-5133-477b-8651-01734d0e391d,2025-04-15 14:25:02.000000,Christopher Jones,ortizhannah@example.com,Middle East,Cross-platform uniform flexibility,Toys,9,0.2,1689.34
c64d10e3-8e73-4520-946b-9fbc667cf788,2025-03-21 05:46:50.000000,Mark Carpenter,kennedyjames@example.org,Europe,Robust secondary infrastructure,Toys,3,0.2,441.9
64b11c49-0c0c-461e-9cc1-0bd87e6ae55c,2025-03-09 19:10:40.000000,William Oconnor,fconner@example.net,Europe,,,6,0.1,0.0
7e4b4f10-745f-480e-bbe5-403bb24b007b,2026-05-11 04:10:49.000000,Mitchell Johnson,brownlaura@example.net,Latin America,Expanded composite infrastructure,Home & Garden,3,0.1,617.14
1f14eb34-e914-4e70-b797-4ec8a41ef111,2026-05-06 19:51:03.000000,William Oconnor,fconner@example.net,Europe,Operative responsive pricing structure,Sports,6,0.2,184.68
1a4d67db-9e33-4dbc-b00d-5a655fb84f18,2024-08-12 17:45:11.000000,Michael Berger,nguyenbrian@example.com,Middle East,Intuitive system-worthy access,Clothing,7,0.1,137.06
02a95064-d351-4e95-8c3e-dd5c39590149,2024-11-05 17:58:44.000000,Andrew Williams,linda87@example.org,North America,Team-oriented cohesive approach,Sports,10,0.1,2143.65
dc83f96f-52a6-43d4-be58-a9701aea2c2c,2026-01-06 01:33:16.000000,Vincent Smith,morrowthomas@example.net,Middle East,Optimized mission-critical moratorium,Home & Garden,9,0.2,1914.35
2b91aace-39f1-4027-af88-e2c0b968ab06,2024-09-27 08:31:57.000000,Michael Ray,crawfordwilliam@example.org,North America,,,2,0.3,0.0
cff1b675-e6fb-476b-b95f-22d530efd76b,2025-05-03 12:11:41.000000,Michael Berger,nguyenbrian@example.com,Middle East,Front-line next generation Internet solution,Toys,3,0.0,392.34
0d700c8b-de36-490a-b030-9415ef21db2c,2025-02-07 16:42:40.000000,Belinda Mccullough,elizabeth56@example.net,Middle East,Re-contextualized actuating infrastructure,Clothing,3,0.3,808.7
1c5d9fe9-0b07-4a68-88f2-17a3e2213776,2024-08-27 06:37:47.000000,Garrett Gibson,kathleen64@example.com,Europe,Re-engineered clear-thinking application,Clothing,9,0.1,2605.82
43839f12-1335-46c3-8de5-f4aff27815f6,2025-04-02 18:55:08.000000,Andrew Berry,dennishunt@example.net,Latin America,Decentralized grid-enabled service-desk,Electronics,8,0.0,2761.73
cfff0d34-caa8-4f13-9cdd-39a7b01ba134,2025-05-11 19:13:38.000000,Jacob James,seanbaker@example.com,Asia,Organized contextually-based orchestration,Electronics,4,0.3,1127.23
ecc38555-2b9b-4ffc-b2db-b2c54518f4c6,2024-11-04 23:52:35.000000,Laura Cunningham,april91@example.com,Europe,Multi-tiered dedicated circuit,Electronics,5,0.2,911.43
205474fa-1eb1-4c0c-b5f0-06c0955d3078,2025-03-26 00:34:28.000000,Dylan Cruz,kwright@example.com,Middle East,Fundamental contextually-based neural-net,Electronics,7,0.3,1207.98
95899035-c0c6-43ff-a5e3-6ccddca524f2,2026-06-10 13:32:37.000000,Justin Bishop,scottbowen@example.net,Middle East,Organized contextually-based orchestration,Electronics,5,0.2,1526.46
69cda159-e53d-4c49-b741-0b94d9a3ac28,2025-11-27 16:31:35.000000,Patrick Thornton,qhughes@example.net,Latin America,,,3,0.1,0.0
85924e5f-1f53-4b6e-ab11-77367260282f,2025-09-03 18:45:08.000000,Parker Hill,tina34@example.org,Middle East,Optimized mission-critical moratorium,Home & Garden,5,0.3,932.23
a948ec66-7a59-497d-93f0-40c73d92f1cb,2025-08-05 15:58:46.000000,William Huerta,lauren10@example.org,North America,Mandatory discrete functionalities,Toys,8,0.3,2765.82
c5cbfedd-5268-4879-87d1-931cf9f209ab,2026-02-08 16:05:06.000000,Tyler Hill,christina18@example.net,Europe,Operative responsive pricing structure,Sports,8,0.0,314.28
43892f66-1780-49e9-b9d0-07627b92a41d,2026-03-08 02:49:19.000000,Sarah Davis,brettbennett@example.net,Latin America,Fundamental contextually-based neural-net,Electronics,6,0.3,993.43
5a5ed7eb-1532-4177-b61d-170a4bd600e6,2025-09-27 19:15:37.000000,Katrina Burns,thomas05@example.com,North America,Reverse-engineered multi-state knowledge user,Home & Garden,4,0.2,1198.27
a8d3bb7d-3e0c-4ec5-9f74-8fb5d5e6162f,2025-12-05 15:14:20.000000,Elizabeth Davis,farmstrong@example.org,North America,Multi-lateral high-level open architecture,Toys,10,0.1,2276.08
b1e93b1a-34b5-49be-9b19-de67bc3a8abb,2024-09-19 14:07:09.000000,Diane Beck,clarence34@example.org,North America,Horizontal maximized product,Electronics,1,0.0,209.03
0f6da751-7e9e-4b8a-b8c5-9ac6133ca9cf,2025-01-02 00:36:42.000000,Linda Rich,davisdonna@example.net,Europe,Cross-platform uniform flexibility,Toys,8,0.3,1387.58
77d8b428-3754-4771-aba5-d1c9035c5d03,2026-04-17 17:56:28.000000,Melissa Abbott,jamie98@example.org,Europe,Organic zero-defect hierarchy,Electronics,10,0.2,3728.01
1ac2c99a-7cd6-472f-b01b-5b4e62934e8e,2025-04-11 10:13:57.000000,James Howard,huffmannichole@example.net,North America,Profit-focused grid-enabled infrastructure,Toys,1,0.1,160.26
c2f86229-972c-4583-9062-00e3356ad651,2025-09-03 19:47:27.000000,Jeffrey Chavez,parkerjudith@example.net,Latin America,Team-oriented cohesive approach,Sports,5,0.3,818.28
c2af56a6-5038-4c0d-9bc3-f5598390bd94,2025-03-20 04:37:45.000000,Hailey Cunningham,paul20@example.com,Middle East,Re-contextualized actuating infrastructure,Clothing,3,0.3,797.47
276c7935-a7c1-4adb-b43a-c892b56110f6,2026-05-10 12:02:58.000000,Laura Henderson,sreid@example.net,Europe,Profit-focused grid-enabled infrastructure,Toys,10,0.0,1654.9
214ba540-ea04-4d0b-9b0c-90928127a8f7,2025-01-06 22:13:36.000000,Katherine Davis,ricky51@example.org,Asia,Horizontal heuristic Graphic Interface,Electronics,8,0.3,448.13
f99dd6d5-62b5-4781-9d17-c25deaacabb4,2025-07-07 09:43:25.000000,Margaret Montgomery,haynescharles@example.net,Middle East,Decentralized grid-enabled service-desk,Electronics,3,0.0,1046.44
33f92a87-8372-4123-9ed7-a652de2bfe58,2026-03-18 20:25:42.000000,Brandon Colon,bgonzalez@example.org,North America,Profound mobile time-frame,Clothing,7,0.0,1328.54
47206b6c-1192-4880-b01d-b8176673d42d,2025-06-14 14:49:31.000000,James Elliott,millerroy@example.com,North America,Devolved responsive model,Sports,1,0.3,220.24
f3952657-4ea1-4bd9-afaf-20ec2a08c526,2026-05-27 14:36:50.000000,Shannon Davis,hallrachel@example.net,Latin America,Multi-tiered dedicated circuit,Electronics,6,0.3,1009.58
25b4c7aa-1a20-43ba-a5fc-6d0993c6267d,2025-07-14 00:35:22.000000,Charles Gonzalez,kathleenrios@example.org,Asia,Front-line next generation Internet solution,Toys,10,0.2,990.75
1c36036f-beba-4619-9b6f-b706e04e6585,2025-01-23 20:11:28.000000,Kayla Jackson,sandra99@example.org,Asia,Front-line next generation Internet solution,Toys,9,0.1,1081.9
2fe12ed8-75fa-4ebe-a4e3-9c20043f1b5f,2025-02-13 04:29:12.000000,Holly Stewart,ujackson@example.org,North America,Multi-lateral contextually-based methodology,Sports,6,0.2,1180.3
87e81b25-a971-4404-b9ea-e46107516daa,2025-07-07 13:37:12.000000,Joseph Hill,andre62@example.org,North America,Cross-platform asymmetric leverage,Electronics,3,0.2,499.24
ed4b229f-1e4a-4016-83fc-f7b75a19d7ab,2025-09-21 10:11:49.000000,Christopher Mullen,johnsjessica@example.com,Asia,Organic zero-defect hierarchy,Electronics,8,0.0,3699.7
82077e01-6e4c-4501-808f-8cb9659d12db,2025-04-06 05:08:14.000000,Sarah Davis,brettbennett@example.net,Latin America,Front-line next generation Internet solution,Toys,3,0.2,313.08
5ea9f259-45c8-4249-b0fb-b28e0d9bb3b5,2024-10-04 23:08:34.000000,Daniel Bernard,vhernandez@example.net,Latin America,Cross-platform fresh-thinking hierarchy,Toys,8,0.0,3377.09
bb647511-61ec-4f07-a60c-13290c941263,2026-07-11 19:19:40.000000,Chad Jones,rachelwallace@example.org,Asia,Upgradable disintermediate protocol,Toys,9,0.2,3074.54
307fc576-4b43-4873-b1a5-80d76c2ec07e,2025-05-29 18:30:24.000000,Corey Fox,joseph61@example.com,North America,Cross-platform fresh-thinking hierarchy,Toys,3,0.0,1228.03
87916cbe-46a3-410a-9813-9b312d389d1f,2025-11-04 19:26:09.000000,Jeffrey Carpenter,steven73@example.net,Latin America,Organized contextually-based orchestration,Electronics,5,0.0,1859.15
1bf384ef-6efe-4368-84c4-2de17e5da21a,2026-01-01 01:32:04.000000,Katherine Davis,ricky51@example.org,Asia,Expanded composite infrastructure,Home & Garden,9,0.2,1509.3
f57f2bba-3fba-4f5f-a576-db480cc46000,2024-10-15 06:30:55.000000,Tracey Wagner,fortiz@example.com,Middle East,Organic zero-defect hierarchy,Electronics,10,0.1,4435.86
e5228d31-0d9a-4fce-9d7c-f46d3836613c,2024-08-17 17:03:13.000000,Mr. Nicolas Salas II,maryhuff@example.com,Europe,Re-engineered clear-thinking application,Clothing,9,0.2,2306.3
10db5fdc-3d1f-47c0-8424-41ec93424e7c,2025-09-07 07:26:10.000000,John Kennedy,yarnold@example.org,Asia,,,2,0.1,0.0
e1f217be-39f9-4c64-8684-833e19dd3b90,2025-11-14 17:32:04.000000,Shannon Davis,hallrachel@example.net,Latin America,Reverse-engineered multi-state knowledge user,Home & Garden,2,0.3,553.63
645416be-6791-446c-b740-3274b3133c8e,2025-05-22 03:41:49.000000,Jeffrey Chavez,teresa28@example.org,North America,User-centric coherent leverage,Sports,2,0.1,593.3
d2f629ca-bbe2-47ba-b84a-996719ef13bf,2026-06-04 03:21:57.000000,Jessica Forbes DVM,erik41@example.net,Middle East,Synergistic demand-driven implementation,Clothing,6,0.0,2804.97
34a91b86-7ec3-41ef-84ad-2484b1123048,2024-11-30 19:59:44.000000,Matthew Ross,michelle45@example.net,Middle East,Decentralized grid-enabled service-desk,Electronics,8,0.1,2474.05
a30bd3b5-58fe-4bd2-b41d-85cdc9257285,2025-03-01 16:21:07.000000,Angie Hill,zgomez@example.com,Europe,Multi-tiered dedicated circuit,Electronics,10,0.2,1869.6
bbdfb574-49b8-47ba-98a7-fea2b4b2ce14,2024-07-23 09:41:53.000000,Joseph Romero,myerstheodore@example.net,North America,Profit-focused grid-enabled infrastructure,Toys,10,0.3,1236.82
e8646e0c-80d4-48b9-af61-5360182047f7,2026-01-16 01:30:43.000000,Taylor Carlson,chenbailey@example.net,North America,User-friendly tangible synergy,Clothing,10,0.0,2392.32
4e29b9da-bd35-4d2a-ba0c-d56d9f4325f4,2026-05-14 04:43:32.000000,Joshua Davis,nicolealvarado@example.com,North America,Synergized zero-defect conglomeration,Clothing,5,0.1,1528.65
2b945cbb-3d16-4ab9-b01c-9191e81b60ff,2025-03-22 17:54:16.000000,Todd Hudson,harveyrobert@example.net,Europe,Expanded composite infrastructure,Home & Garden,2,0.2,375.65
2ff5cdab-2aa9-46d4-91c7-c76cae7303c0,2025-04-04 23:36:20.000000,Jessica Robinson,taylordavid@example.net,Asia,Team-oriented cohesive approach,Sports,2,0.1,405.68
f6558f35-244f-45c6-b489-0e8ce65dd443,2024-07-30 21:10:34.000000,Susan Murray MD,tyronemoran@example.net,Middle East,Cross-platform uniform flexibility,Toys,7,0.0,1613.3
558492ba-6d8c-4504-b97f-6e4daa810850,2024-08-06 04:01:21.000000,Amy Manning,christinenorman@example.com,North America,Organized contextually-based orchestration,Electronics,3,0.1,1033.3
e19a17f6-438a-419e-b970-5e4b2d71a040,2024-09-18 18:44:18.000000,Jeremy Barnes,avaughn@example.net,North America,User-centric coherent leverage,Sports,3,0.0,970.85
da6415b5-c2a0-42dd-ade0-3e6c2bb4a408,2024-07-28 13:14:04.000000,Joseph Hill,andre62@example.org,North America,Multi-lateral high-level open architecture,Toys,5,0.3,903.01
794ceef2-f833-4fa7-9a26-15f89810b8c1,2025-10-16 22:39:03.000000,Jessica Robinson,taylordavid@example.net,Asia,Fundamental contextually-based neural-net,Electronics,6,0.2,1119.36
3f5cd7ed-df8b-4008-bd01-b5a30041f5d4,2025-07-23 01:05:33.000000,Joanna Barrett,tamarasmith@example.net,Asia,Re-contextualized actuating infrastructure,Clothing,9,0.1,3167.42
0473b982-d1a5-49db-8b90-b03d1c00b895,2025-10-04 14:24:00.000000,Jennifer Velasquez,bethwilliams@example.com,North America,Team-oriented cohesive approach,Sports,8,0.1,1696.48
d5da16fd-4a68-498f-bd8b-b697ae1782f6,2025-01-14 07:22:21.000000,Justin Bishop,scottbowen@example.net,Middle East,Multi-lateral high-level open architecture,Toys,2,0.2,381.0
c1472ff2-2ad4-4bba-80ce-350586780a98,2024-11-11 20:17:10.000000,Ashley Jenkins,browndiana@example.org,Latin America,Re-contextualized actuating infrastructure,Clothing,10,0.1,3519.36
4dfa6a17-1999-4b39-980a-7e01c67736bc,2026-04-06 09:25:35.000000,Jack Mora,sarahmathews@example.net,Middle East,Multi-lateral high-level open architecture,Toys,2,0.0,489.85
7d9c03c7-73de-4a56-95ee-f366bc76b752,2026-02-11 17:43:35.000000,Cody Holt,sandra84@example.org,Europe,Decentralized grid-enabled service-desk,Electronics,4,0.2,1165.1
41e1008c-8bb3-4bb2-bd63-14f259ccc94a,2025-12-18 06:36:47.000000,Jacob James,seanbaker@example.com,Asia,Front-line encompassing leverage,Toys,8,0.2,707.62
7570b0ac-5d42-40d5-80e7-ca767c8ad37a,2024-07-31 12:34:41.000000,Tammy Long,louis43@example.org,Asia,Profound mobile time-frame,Clothing,2,0.1,359.81
b5ccdbe6-4d17-4ebc-9a45-b8ead3e763d1,2025-04-06 05:07:31.000000,Daniel Bernard,vhernandez@example.net,Latin America,Intuitive system-worthy access,Clothing,8,0.1,160.16
a9f7c6d1-c647-4ae2-8490-9370e430fb91,2026-05-17 14:36:09.000000,Raymond Jefferson,hoganashlee@example.org,Asia,Reverse-engineered multi-state knowledge user,Home & Garden,5,0.2,1422.0
9882a61a-d7fc-48c5-a6f4-67b9dd7902fc,2025-08-01 04:48:38.000000,Christina Rodriguez,adam65@example.net,Asia,Multi-lateral high-level open architecture,Toys,5,0.2,1026.71
84f16d9d-af8f-4cf0-851a-9ec71cdde8ca,2026-02-06 14:42:12.000000,Paul Stokes,raylauren@example.net,Middle East,Decentralized tangible model,Clothing,1,0.2,344.42
fa87fba5-25dc-4ca2-854e-6210a3c9f400,2025-06-04 16:40:53.000000,Elizabeth Wright,millereric@example.net,Europe,Multi-lateral high-level open architecture,Toys,7,0.0,1679.85
fe7c7d6e-a8cc-4515-b862-abcfdb3437bb,2024-11-08 00:00:53.000000,Matthew Lamb,steinmaria@example.com,Middle East,User-friendly tangible synergy,Clothing,10,0.2,1893.92
3e8ee36a-07e9-4e6d-bf71-eef65b7117bd,2025-10-12 14:43:54.000000,Susan Wilson,jane39@example.com,Europe,Front-line next generation Internet solution,Toys,10,0.0,1294.58
6e43b319-f929-4271-b220-58f9bdb2fd9e,2025-04-26 03:51:18.000000,Laurie Goodwin,thickman@example.org,Latin America,Optimized mission-critical moratorium,Home & Garden,2,0.2,409.66
319fa2f7-16da-48f5-be8e-b66f34d091d1,2026-07-06 01:53:26.000000,Shawn Odom,roberthill@example.net,Europe,Expanded intangible standardization,Clothing,3,0.2,185.17
1ba168b8-a384-4e2b-a0b6-1367f46eb787,2025-02-18 18:05:35.000000,David Leblanc,jmorton@example.org,Europe,Intuitive system-worthy access,Clothing,7,0.3,113.96
8b7fa47e-adc5-4fc7-a07b-f99be08c82ea,2026-06-19 10:29:00.000000,Emily Douglas,tanderson@example.org,Middle East,Devolved responsive model,Sports,10,0.2,2419.56
f5538cd3-fcc1-448c-b303-50cae9926bad,2026-06-01 11:20:10.000000,Mr. Donald Nguyen,jose43@example.org,Europe,Organic zero-defect hierarchy,Electronics,8,0.2,3057.91
e90b3651-43eb-4ff0-acc9-abb686e35e9b,2025-12-30 10:29:47.000000,Brittney Webster,craigjoseph@example.net,Latin America,Up-sized foreground toolset,Toys,3,0.1,617.86
641a4b74-54c9-4d44-a353-a243594de8d7,2025-10-21 14:17:37.000000,Ashley Brennan,dwalker@example.com,Asia,Expanded composite infrastructure,Home & Garden,10,0.1,2057.12
46b821c7-fe73-4856-b1fc-fc366ad3cc40,2025-03-18 05:59:10.000000,Robert Campbell,xmoreno@example.net,Asia,Synergistic demand-driven implementation,Clothing,7,0.2,2893.55
8523d070-945b-4711-8a85-872230c95ec4,2026-01-17 02:56:47.000000,Kevin Pacheco,blakeerik@example.com,Asia,Function-based methodical product,Clothing,2,0.0,843.0
1f7a63af-9cc4-4ca3-958c-449e57e0d57b,2025-06-22 16:03:17.000000,William Johnson,jbond@example.net,Asia,Exclusive object-oriented orchestration,Other,8,0.2,904.39
f7d8e086-9110-49fd-b47c-b18fcb9aefff,2026-03-28 13:31:45.000000,Jaime Lang,stucker@example.net,Latin America,Organic zero-defect hierarchy,Electronics,10,0.2,3680.82
25aa620f-af7e-4d9e-ad5f-24c37fb9ae49,2025-07-18 04:34:10.000000,Robert Campbell,xmoreno@example.net,Asia,Down-sized contextually-based adapter,Sports,7,0.2,1456.08
f777c816-85ef-475e-a675-5363ae50f96e,2025-03-03 01:42:20.000000,Michael Smith,michaeljones@example.net,Latin America,Fundamental contextually-based neural-net,Electronics,3,0.0,699.6
29a099de-aa10-4595-8ee2-51809fb109a3,2025-03-13 20:08:46.000000,Elizabeth Price,vmedina@example.net,Europe,Optimized mission-critical moratorium,Home & Garden,4,0.3,777.3
ccbeb6db-108a-44de-89cb-67907ca08cde,2025-03-06 21:53:11.000000,Connor King,courtneyberger@example.net,Latin America,Exclusive object-oriented orchestration,Other,3,0.2,347.73
37a2a180-0a7b-46e7-b430-0ccc03fddd08,2025-02-25 19:36:24.000000,Daniel Bernard,vhernandez@example.net,Latin America,,,9,0.1,0.0
0d9e1328-1f99-4c80-97d3-8ab9d3520a91,2025-08-04 07:35:32.000000,Trevor Peterson,ilee@example.org,Middle East,Business-focused 4thgeneration throughput,Sports,8,0.0,2801.66
5a2d6aee-6e29-4319-814d-98294e4a516f,2025-12-15 19:47:44.000000,Casey Gillespie,lfrench@example.net,Latin America,Optimized mission-critical moratorium,Home & Garden,2,0.0,498.94
405df186-0cc6-4163-802a-0e3dd5883c8f,2024-11-04 23:02:46.000000,Phillip Obrien,kimberlyjames@example.com,Latin America,Expanded composite infrastructure,Home & Garden,8,0.3,1270.05
c90703e8-4884-4707-a0f3-ee6659a7e6e4,2026-05-19 04:53:56.000000,Chelsea Gill,timothybooth@example.com,Europe,Optimized mission-critical moratorium,Home & Garden,8,0.2,1722.66
c4d5ac13-f561-4900-aa52-cdf38082a0ee,2025-09-29 12:54:11.000000,Mr. David Little MD,nolansteven@example.com,Asia,User-centric coherent leverage,Sports,10,0.2,2528.25
b69415c7-1604-42b7-b424-b79c27b0816b,2025-02-16 05:24:57.000000,Brent Brooks,angela52@example.org,North America,Synergized zero-defect conglomeration,Clothing,6,0.0,2038.2
325cba4e-bba9-4ec4-bef4-3c9c2484557f,2025-06-21 13:47:32.000000,Jack Mora,sarahmathews@example.net,Middle East,Upgradable disintermediate protocol,Toys,1,0.3,285.35
4a720071-14a9-4e59-ab13-13b795d14b6d,2025-01-06 23:35:11.000000,Elizabeth Molina,howardshaun@example.net,Asia,Streamlined national conglomeration,Home & Garden,10,0.2,3670.32
5ac92db2-eed4-4005-b922-2d87083a1c27,2025-01-30 04:25:02.000000,Jim Baker,orose@example.com,Latin America,User-centric coherent leverage,Sports,1,0.2,286.54
62e0adf7-a315-4bbb-adb2-31a2cfcc2abd,2025-06-14 04:55:57.000000,Katherine Stark,warrenmary@example.org,North America,Horizontal heuristic Graphic Interface,Electronics,10,0.2,606.84
191f9e05-e777-4701-b787-3461662c4f00,2026-06-14 15:08:08.000000,Robert Clarke,zbell@example.net,Latin America,Reverse-engineered multi-state knowledge user,Home & Garden,8,0.1,2821.25
98d788d9-4d51-4b58-ab91-d7bc42e1feb9,2025-03-19 08:19:01.000000,Derek Mahoney,suarezmike@example.org,Asia,Profound mobile time-frame,Clothing,1,0.1,172.0
adcde95f-6f91-47be-905c-3fd92c5d849c,2026-06-01 08:20:43.000000,Thomas Velasquez,sarah60@example.com,Europe,Horizontal maximized product,Electronics,2,0.1,392.47
23a10fdd-9402-47be-8deb-dd3c528e0ae8,2026-01-02 17:48:43.000000,Tammy Long,louis43@example.org,Asia,,,8,0.0,0.0
22bca104-4001-470a-b312-de73c48563a3,2025-06-09 08:24:20.000000,Chad Smith,hbenton@example.net,Asia,Robust secondary infrastructure,Toys,6,0.1,1025.21
4e143977-4d12-4ab1-b313-f36c8de58a88,2024-09-25 11:26:34.000000,Daniel Bernard,vhernandez@example.net,Latin America,Optimized mission-critical moratorium,Home & Garden,3,0.1,716.9
a0d980ba-ed57-45c8-9110-f6984c1e172a,2025-07-14 04:19:21.000000,Jennifer Pena,charlesharrington@example.com,Asia,Exclusive object-oriented orchestration,Other,6,0.1,746.98
c84bbdf5-603f-4ddc-aef1-7a908bbb8f3f,2026-06-01 08:08:30.000000,David Jones,unovak@example.org,Latin America,,,10,0.3,0.0
237befd1-1896-4a6e-afd8-3533d57758f5,2025-09-02 23:47:03.000000,Richard Glenn,joshua56@example.com,Middle East,Open-architected asynchronous artificial intelligence,Other,8,0.0,1542.14
80fa07e3-5031-4661-b1b2-b9c67120721e,2026-07-17 03:12:17.000000,Lisa Cox,paul59@example.org,Europe,User-friendly tangible synergy,Clothing,7,0.3,1238.52
77e7ad81-5b88-4c72-b66c-db02af66dc57,2025-04-22 02:26:01.000000,Joanna Barrett,tamarasmith@example.net,Asia,Reverse-engineered multi-state knowledge user,Home & Garden,6,0.2,1729.15
f62162ab-6ba6-4252-b76f-fd036d7bba17,2025-06-04 15:33:25.000000,Brett Thompson,phelpsmichael@example.net,Europe,Multi-lateral contextually-based methodology,Sports,10,0.1,2370.68
8f14aac7-e99d-4b91-8715-92d97616b503,2024-08-10 12:19:33.000000,Nicholas Rush,xrosales@example.net,Asia,Expanded composite infrastructure,Home & Garden,2,0.2,357.76
16a34833-6bc1-42ad-844b-04e8f51e2df3,2026-02-28 01:58:03.000000,Jacob Hunter,alexander67@example.org,Europe,Expanded intangible standardization,Clothing,4,0.0,312.74
4d696e19-e827-4dee-9d7e-4eb723fd6ade,2026-03-23 23:40:00.000000,Joseph Hill,andre62@example.org,North America,Synergistic demand-driven implementation,Clothing,7,0.3,2480.18
5f843666-831f-4c00-9490-029d3e1e0693,2024-10-27 20:21:26.000000,Corey Fox,joseph61@example.com,North America,Advanced context-sensitive instruction set,Toys,4,0.1,1134.77
90c97f32-e660-48e0-8b13-b6899ef2a148,2026-06-02 19:15:27.000000,Tracy House,gabrieltucker@example.org,Latin America,Optimized mission-critical moratorium,Home & Garden,6,0.3,1165.94
d858f464-c15d-4547-8db4-897a4b188a0d,2025-05-21 23:28:56.000000,Chad Jones,rachelwallace@example.org,Asia,Reverse-engineered multi-state knowledge user,Home & Garden,3,0.0,1080.72
01862029-ab8a-4015-a727-3710203d54c9,2025-07-15 11:08:41.000000,Kenneth Howard DDS,alicia28@example.org,Asia,Horizontal heuristic Graphic Interface,Electronics,1,0.2,59.13
849c30c6-dffa-48ae-8353-ac87ceb7138a,2025-07-13 10:55:06.000000,Eric Sanders,wking@example.net,Latin America,Multi-lateral high-level open architecture,Toys,2,0.2,400.79
0e00583d-15ac-47f0-8de9-a283d6d5aed2,2025-02-15 20:12:21.000000,Paul Williams,jeffrey10@example.org,North America,Horizontal maximized product,Electronics,4,0.2,725.22
1b678ec1-a65e-483b-bc75-de3dd473f3b5,2025-04-06 00:21:50.000000,Cody Holt,sandra84@example.org,Europe,Innovative eco-centric open architecture,Toys,1,0.2,175.94
4a633fc3-d26a-4b27-98ef-25019826a55f,2025-10-03 04:24:39.000000,Emily Allen,whiteheather@example.net,Middle East,Multi-tiered dedicated circuit,Electronics,3,0.3,518.81
dd43b0cf-54d0-4314-b0ca-b2497b417aed,2024-09-06 06:23:00.000000,Mitchell Johnson,brownlaura@example.net,Latin America,Horizontal heuristic Graphic Interface,Electronics,10,0.2,622.4
b39a442b-0d92-4c7e-b78a-2037bd46ebd5,2024-12-27 06:27:37.000000,Brian Jones,matthew18@example.com,Middle East,Cross-platform asymmetric leverage,Electronics,2,0.3,284.71
bd8c6f4f-8fe2-45b1-a4e7-23838429e12c,2025-08-09 16:55:47.000000,Gail Barron,matthewvalenzuela@example.com,Europe,Mandatory discrete functionalities,Toys,10,0.2,3646.72
acf96a12-e522-466c-b93a-26ee22eb4a7f,2025-11-29 20:03:36.000000,Vincent Smith,morrowthomas@example.net,Middle East,Synergistic demand-driven implementation,Clothing,9,0.0,4384.61
a0d44d24-4d07-4581-a79f-5df0da2d6df9,2025-03-19 11:12:25.000000,Paul Larsen,katie87@example.net,Middle East,Multi-lateral contextually-based methodology,Sports,2,0.3,373.26
01a6c260-efc0-4273-bd39-7fe7b819b15d,2026-04-07 17:34:06.000000,Warren Schultz,mary49@example.net,Asia,Re-contextualized actuating infrastructure,Clothing,3,0.2,876.1
33611134-b012-40ab-9fa8-70407c260521,2024-10-18 02:06:36.000000,Elizabeth Davis,farmstrong@example.org,North America,Function-based grid-enabled adapter,Clothing,9,0.2,1106.19
9a920655-272c-4482-8002-572a113038f5,2026-06-04 10:17:21.000000,Tiffany Jackson,simsjason@example.net,Asia,Synergistic demand-driven implementation,Clothing,3,0.2,1195.8
3f48e5f0-18cc-4e29-8513-176c1efc1c94,2024-12-26 16:05:30.000000,Amy Parsons,mjohnson@example.org,Europe,Fundamental contextually-based neural-net,Electronics,2,0.2,349.8
d52d8f91-064f-4164-b947-2ea41a85fd69,2025-08-17 20:39:40.000000,Susan Todd,kathleenbecker@example.net,Asia,,,1,0.1,0.0
ed113faf-0e3f-4912-a405-d362719deadd,2024-10-23 14:30:40.000000,James Howard,huffmannichole@example.net,North America,Exclusive object-oriented orchestration,Other,6,0.1,781.33
fb91fb90-7bd5-4aeb-a791-11dd4cc7cda2,2024-12-10 22:36:34.000000,Donna Landry,gibsonleonard@example.com,Latin America,Intuitive system-worthy access,Clothing,5,0.1,97.9
d904b887-d77b-43b3-bc24-3b45d1fd4711,2025-09-18 15:22:02.000000,Zachary Levy,anna99@example.com,Latin America,,,6,0.2,0.0
ae6b0455-9cdd-47c2-925a-0b3f42a1279b,2025-06-27 01:45:20.000000,Jane Harper,shawn96@example.org,Middle East,Front-line encompassing leverage,Toys,9,0.1,824.5
1f89cec2-9dfe-49d2-a87d-2106dbfbfea4,2025-06-21 19:26:20.000000,Lisa Crosby,antonio53@example.com,Europe,Fundamental contextually-based neural-net,Electronics,7,0.1,1436.51
2f4f914c-058b-4ee1-a2dd-d15a257066e8,2024-11-08 01:00:13.000000,Edwin David,kellie37@example.com,Asia,Decentralized grid-enabled service-desk,Electronics,9,0.2,2459.66
3d9d542a-a84f-467f-be9e-01a9d18c7fde,2024-11-30 15:16:04.000000,Kristen Salazar,jonesraymond@example.net,Latin America,Optimized mission-critical moratorium,Home & Garden,8,0.0,2016.77
8bf349a3-b31a-4d22-bddd-bd3682f2a59e,2024-12-23 14:35:45.000000,Michele Williams,kendragalloway@example.org,Europe,Upgradable disintermediate protocol,Toys,9,0.3,2604.31
4a1954ec-4a3f-4fda-baff-d9bd79e58450,2025-12-21 11:32:46.000000,Kyle Reed,samuel81@example.com,North America,Up-sized foreground toolset,Toys,6,0.1,1156.85
7e32e5d0-96b9-4974-b587-03c5199ae3da,2025-05-02 07:29:05.000000,Scott White,freemancrystal@example.org,North America,Multi-lateral contextually-based methodology,Sports,7,0.0,1730.09
6ab9ba0f-76c6-433e-9b7a-5c94ccc34f70,2026-04-13 20:24:06.000000,Dean Santiago,john62@example.net,Latin America,,,9,0.3,0.0
488e5bd8-0729-45c7-a5ee-3dfd6cc1da4d,2025-07-11 00:24:47.000000,Timothy Johns,wsantos@example.com,Middle East,Function-based methodical product,Clothing,9,0.3,2807.19
02d22ee7-63b1-452e-9070-01b61ec09c35,2025-10-14 21:47:45.000000,Peter Thompson,teresastokes@example.org,Europe,Expanded composite infrastructure,Home & Garden,6,0.3,979.37
a68213c7-a525-4cd0-88b9-b2e94d81c859,2026-06-14 18:37:39.000000,Monica Herrera,smiller@example.net,Europe,Multi-tiered dedicated circuit,Electronics,9,0.2,1724.71
0ae9eacc-71c9-46b3-9eb0-3954a83db2df,2026-06-26 08:08:53.000000,Michael Martinez,mccannangela@example.net,Europe,Down-sized contextually-based adapter,Sports,7,0.1,1666.83
23a9654d-f679-4544-9acf-614ae834fb5b,2025-07-19 10:12:09.000000,Dr. Ashley James MD,victoria40@example.net,Latin America,Organized attitude-oriented implementation,Clothing,10,0.2,2707.12
46e32efc-7556-4ff1-b91a-ce28e1e68d35,2024-07-28 01:47:31.000000,Christine Parker,melissa12@example.net,Europe,Function-based grid-enabled adapter,Clothing,6,0.3,633.35
8029d633-5b95-49d0-a887-4d02fb5435ba,2026-05-16 17:47:16.000000,Gail Barron,matthewvalenzuela@example.com,Europe,Robust secondary infrastructure,Toys,7,0.2,1058.6
594d30a9-35f5-4fea-80d2-157bdc6bf2c8,2026-06-22 00:32:35.000000,Brandy Myers,susan24@example.net,Latin America,Advanced context-sensitive instruction set,Toys,2,0.0,597.56
8356ed61-63ff-44b5-866a-0c09b4cb22f4,2024-09-07 17:49:14.000000,Amy Parsons,mjohnson@example.org,Europe,Team-oriented cohesive approach,Sports,3,0.2,580.86
5a13f4bb-26c2-4405-a7ea-52f02cabd3d7,2025-12-12 11:15:59.000000,Paul Grant,seanmyers@example.net,Middle East,User-centric coherent leverage,Sports,4,0.0,1307.95
75a09875-56db-47ac-902a-73aeb81e1682,2026-01-27 11:44:48.000000,Paul Stokes,raylauren@example.net,Middle East,Advanced context-sensitive instruction set,Toys,9,0.1,2444.58
47414ca4-23d9-4d90-8964-f746dbd165a3,2026-03-22 16:30:51.000000,Juan Smith,kellymueller@example.net,North America,Multi-lateral contextually-based methodology,Sports,1,0.0,249.68
ec68fc07-4d8c-4019-a88f-c85ac33a402e,2025-05-22 23:08:44.000000,Melissa Castillo,aaronpowers@example.org,Asia,Organized attitude-oriented implementation,Clothing,10,0.1,3277.04
a5278097-d6de-4902-aa89-7692117637b2,2025-07-31 17:26:09.000000,Joanna Barrett,tamarasmith@example.net,Asia,Business-focused 4thgeneration throughput,Sports,5,0.2,1422.72
9b1872ac-78c4-427f-b66a-015b6063cb32,2025-12-14 19:54:24.000000,Sarah Rhodes,patrick21@example.net,Europe,Cross-platform fresh-thinking hierarchy,Toys,1,0.2,319.8
ed6ae39f-b560-4484-9377-49f62e2d0681,2025-08-18 18:34:41.000000,Mary Steele,whitejacqueline@example.com,Asia,,,9,0.1,0.0
425ca2e3-8682-462f-a8ae-013ac6807bb4,2024-10-29 12:22:56.000000,Tracy House,gabrieltucker@example.org,Latin America,Cross-platform asymmetric leverage,Electronics,2,0.1,348.87
f487a21f-96bf-42dd-92f6-af5ab2a0f851,2025-10-15 01:16:31.000000,Cynthia Cochran,michelle96@example.org,North America,Expanded composite infrastructure,Home & Garden,1,0.1,192.3
d4736d37-9e12-47cf-95a1-5905591cc4b6,2025-05-30 14:40:19.000000,William Huerta,lauren10@example.org,North America,Expanded composite infrastructure,Home & Garden,10,0.2,1855.88
da1eb729-078e-4e4e-8b80-79d7114c440d,2026-02-10 05:36:31.000000,Holly Stewart,ujackson@example.org,North America,,,9,0.2,0.0
aa4e8b03-18b6-4fc7-bb50-f94f28bfffdd,2024-10-11 11:52:27.000000,Phillip Clark,lisahall@example.org,Middle East,Innovative eco-centric open architecture,Toys,5,0.1,1039.68
79f633e8-ade8-4084-af29-f4137fdae666,2025-03-29 09:13:48.000000,Tamara Powell,jeffreymercer@example.org,Europe,Upgradable disintermediate protocol,Toys,10,0.2,3215.2
c590f851-fb38-4671-bb45-d977c2896a30,2026-04-10 00:20:54.000000,Jacob James,seanbaker@example.com,Asia,Team-oriented cohesive approach,Sports,9,0.2,1618.11
3c92f1ab-cbac-43c6-bb8e-c1cbead217d1,2024-10-10 21:10:23.000000,Paul Larsen,katie87@example.net,Middle East,Devolved responsive model,Sports,9,0.2,2317.19
ba68e69f-2c8b-4151-a179-2fcde658eb6a,2026-06-14 04:40:54.000000,Kristina Pena,xclements@example.org,Europe,Business-focused 4thgeneration throughput,Sports,6,0.1,1882.37
6b88ccd0-f92b-4b46-817d-049c62534b28,2026-07-07 10:06:47.000000,Michael Martinez,mccannangela@example.net,Europe,Upgradable disintermediate protocol,Toys,7,0.2,2109.98
401fb5a6-9ca5-474f-8fda-6ca4107a8bcc,2024-10-17 21:43:40.000000,Matthew Ross,michelle45@example.net,Middle East,Intuitive system-worthy access,Clothing,1,0.1,19.14
12a85ff7-bffb-4c83-98c8-018409943e76,2025-06-28 22:28:07.000000,Jacob Hunter,alexander67@example.org,Europe,Exclusive object-oriented orchestration,Other,4,0.1,497.99
a19c7caf-9b45-4430-9fd3-92e2c36b0890,2026-05-04 23:10:51.000000,Tyler Hill,christina18@example.net,Europe,Reverse-engineered multi-state knowledge user,Home & Garden,9,0.1,3003.26
52377d88-2c8f-4bbc-ac6d-d411078aa79e,2024-10-12 14:43:42.000000,Laura Henderson,sreid@example.net,Europe,Profound mobile time-frame,Clothing,7,0.3,1024.09
221a7c4e-60ac-4a64-b313-1038b2dfb075,2025-11-28 01:42:01.000000,Judy Beck,melissa86@example.org,Middle East,Streamlined national conglomeration,Home & Garden,7,0.3,2193.24
321a9240-3321-4bb0-8e74-b39c92e33940,2025-02-02 02:37:43.000000,Kristina Preston,jeffrey92@example.com,Asia,Streamlined national conglomeration,Home & Garden,7,0.2,2349.9
6f1ec0de-297e-43f4-bdfd-cc7b33815e0d,2026-04-14 02:49:01.000000,Brian Johnson,sanchezbradley@example.com,Europe,Fundamental contextually-based neural-net,Electronics,1,0.3,172.57
313a4c74-ca3d-4769-8f05-2461874db4a6,2024-09-25 19:16:45.000000,Garrett Gibson,kathleen64@example.com,Europe,Down-sized contextually-based adapter,Sports,4,0.1,941.53
f5b79271-a10d-4956-8634-caf6950506dd,2025-12-22 08:28:30.000000,Vanessa Patel,davidalvarez@example.net,Middle East,Expanded composite infrastructure,Home & Garden,3,0.3,482.98
cf5cbd7f-0882-4d14-b41b-2c0918a0f6c0,2024-11-07 04:03:30.000000,Tyler Hill,christina18@example.net,Europe,Cross-platform fresh-thinking hierarchy,Toys,10,0.3,3155.36
c63e23bf-5c0c-409c-8157-2a56e4aeb85f,2025-06-02 21:57:48.000000,Jason Stein,gateskathy@example.com,North America,Cross-platform fresh-thinking hierarchy,Toys,6,0.2,2123.47
126c4e50-dd4f-4af2-8bec-b8cc917bc866,2025-04-11 15:06:04.000000,John Ryan,esanchez@example.com,Europe,Profound mobile time-frame,Clothing,3,0.0,569.38
f52eaf63-badf-47a8-aeaf-39512f701b32,2026-06-28 13:50:18.000000,Christopher Schwartz,jenniferwilliams@example.com,Latin America,Re-contextualized actuating infrastructure,Clothing,5,0.1,1703.52
7f055b10-8735-4231-a469-5757ba70c9f6,2024-12-15 16:11:26.000000,Katie Gonzalez,kathryn88@example.org,Europe,Front-line encompassing leverage,Toys,3,0.2,240.08
d3dc00ee-9203-45d2-b51d-1137d5185b72,2025-07-23 22:48:09.000000,Susan Davis,amandasharp@example.org,Middle East,Synergized zero-defect conglomeration,Clothing,5,0.3,1239.9
9e54a175-5b42-4d0e-9a23-9f528037b969,2026-06-19 20:26:41.000000,Gina Wilson,taylortammy@example.net,Europe,Expanded intangible standardization,Clothing,8,0.0,658.4
604948be-a01e-490e-ad71-68e9705a501c,2026-05-30 19:53:32.000000,David Garcia,jennifer12@example.org,Europe,Exclusive object-oriented orchestration,Other,10,0.1,1302.21
208fae02-1401-4b99-91b3-f9211224615f,2026-03-20 16:32:21.000000,Hannah White,urice@example.org,Latin America,Up-sized foreground toolset,Toys,7,0.1,1318.98
1e307f10-19d5-4f42-8c58-9a8e846a4a71,2025-08-12 08:27:07.000000,Blake Orr,shawrachel@example.net,Asia,Open-architected asynchronous artificial intelligence,Other,3,0.2,463.85
8a60b332-99fb-48a9-8d2d-ba723b06dd82,2025-04-04 00:34:26.000000,Sarah Rhodes,patrick21@example.net,Europe,,,8,0.2,0.0
f0cc4f56-d242-49ea-b959-746505c55810,2025-03-03 03:50:38.000000,Kathleen Andrade,rbrown@example.com,Middle East,Function-based grid-enabled adapter,Clothing,3,0.3,321.01
63f2fc26-405a-4f9e-9401-8a45ec1a1adc,2026-01-18 05:44:48.000000,Taylor Carlson,chenbailey@example.net,North America,Intuitive system-worthy access,Clothing,10,0.2,176.0
df18e065-df58-44d5-9165-5b1e5b9facde,2024-11-20 14:33:42.000000,Edwin David,kellie37@example.com,Asia,Team-oriented cohesive approach,Sports,4,0.3,673.06
88cfffa2-1324-47ee-89be-e3ddf7d65f6a,2025-10-10 21:11:34.000000,Richard Glenn,joshua56@example.com,Middle East,Organized attitude-oriented implementation,Clothing,1,0.3,252.9
ee8b09a3-848b-4725-9a6b-00603dcc4915,2025-11-07 18:15:30.000000,Austin Garcia,wlynn@example.org,North America,Function-based grid-enabled adapter,Clothing,5,0.2,585.63
9e5f8378-6633-427e-8fee-ea91800314a8,2024-09-02 23:46:51.000000,Melanie Flores,cruzamber@example.com,Middle East,Multi-lateral contextually-based methodology,Sports,1,0.2,209.33
1c6244f4-e44d-4dc2-b290-88928bc2d46d,2025-10-16 15:26:56.000000,Melissa Castillo,aaronpowers@example.org,Asia,Business-focused 4thgeneration throughput,Sports,5,0.2,1513.92
fc24a159-eada-4885-afda-70bf78920f72,2025-02-10 07:26:47.000000,Carol Lawson,stricklandfrank@example.com,Asia,Robust secondary infrastructure,Toys,9,0.0,1714.57
568a220d-0843-480a-87ac-a3fea73a366e,2025-06-13 07:21:12.000000,Angie Hill,zgomez@example.com,Europe,Mandatory discrete functionalities,Toys,9,0.2,3537.79
e355ce16-55a4-4eab-b354-b4be42c91aaf,2026-03-06 23:29:33.000000,Kim Brown,yorkcasey@example.org,North America,Down-sized scalable workforce,Home & Garden,9,0.1,2334.11
8c0dea8b-3448-4247-a3a8-6b610f344fe1,2026-04-16 09:20:10.000000,David Morris,oscar85@example.com,Latin America,Horizontal heuristic Graphic Interface,Electronics,1,0.0,74.69
c1e158aa-ec96-4f27-9461-4433bbdf144c,2025-12-18 05:15:48.000000,David Cannon,campbellnancy@example.com,Latin America,Organized attitude-oriented implementation,Clothing,3,0.3,758.71
3c5168b0-0ff4-42d6-a0d6-5081e98dc5f7,2025-08-08 08:18:58.000000,Shannon Johnston,amckinney@example.com,Middle East,Organized contextually-based orchestration,Electronics,4,0.2,1174.2
9058e121-f2af-486f-8e3f-de9a12aa5ab4,2026-06-23 09:36:02.000000,Grant Phillips,devonmorrison@example.net,Asia,Operative responsive pricing structure,Sports,8,0.0,314.28
c3fcac0e-d5c2-494d-b3fd-c2b89c291269,2026-04-09 04:26:23.000000,Kimberly Mclean,ystephens@example.com,Asia,Open-architected asynchronous artificial intelligence,Other,6,0.1,1060.22
121d87ac-fb26-4d27-9889-55c0090d7d2f,2025-06-09 07:03:40.000000,David Leblanc,jmorton@example.org,Europe,Streamlined national conglomeration,Home & Garden,1,0.1,402.84
edeac5b8-9cc8-42cd-bd42-11d1992033eb,2024-09-21 14:09:12.000000,John Kennedy,yarnold@example.org,Asia,,,1,0.3,0.0
f2546c17-7a90-4486-8d2a-3484e3346bd8,2024-10-29 13:10:35.000000,Zachary Brooks,florescory@example.net,North America,Team-oriented cohesive approach,Sports,5,0.0,1117.92
1aa3c18e-0aaf-4962-b92c-23e3454009f2,2024-08-17 15:24:56.000000,David Douglas Jr.,osbornejeffery@example.net,Asia,Organized attitude-oriented implementation,Clothing,3,0.1,972.43
a67c7bd7-39a9-48a9-81f2-5a737f20f661,2025-04-19 01:03:30.000000,Breanna Jones,ymorgan@example.net,Europe,Front-line next generation Internet solution,Toys,2,0.0,250.99
c8132025-4dac-433c-ba43-82176e77cdd3,2026-05-12 01:49:35.000000,Victor Brown,daniellegonzales@example.org,Asia,,,3,0.0,0.0
057d4e28-3a4e-4920-b8b1-f902e05f039c,2026-07-14 07:28:32.000000,Brian Jones,matthew18@example.com,Middle East,Devolved responsive model,Sports,3,0.0,921.29
c82585fa-c60b-446e-86bf-1fb70e2bd8c9,2026-04-12 04:41:15.000000,Dean Santiago,john62@example.net,Latin America,Advanced context-sensitive instruction set,Toys,7,0.0,2049.22
dc3c423a-9bae-4d9e-88c0-678632387a5a,2025-05-11 16:05:38.000000,David Beck,thomas85@example.com,Middle East,,,6,0.1,0.0
04a1dd66-bce8-4f22-af00-1605ae93b319,2025-09-23 03:03:11.000000,Jennifer Harris DDS,jwhite@example.net,Middle East,Cross-platform fresh-thinking hierarchy,Toys,1,0.1,400.82
c403b430-631a-4c3c-8d59-13037b6fb65b,2025-05-09 23:49:04.000000,James Bailey,jeffery48@example.net,Europe,Open-architected asynchronous artificial intelligence,Other,10,0.1,1867.44
b38adf82-6e02-4a88-a00f-8ed9b2086418,2025-06-17 12:32:11.000000,Joanne Perez,rreynolds@example.net,North America,Cross-platform asymmetric leverage,Electronics,9,0.1,1587.96
701dadb0-1d96-4c53-a344-ec548caef9ec,2024-10-20 15:19:21.000000,Don Tucker MD,dramsey@example.org,Asia,Multi-tiered dedicated circuit,Electronics,1,0.1,210.33
e74f232b-fb87-4271-9d9b-72b9e5ab686c,2025-05-02 14:22:06.000000,Jim Baker,orose@example.com,Latin America,,,2,0.2,0.0
6fc0174f-57d7-44f1-b192-c29c5a0ed9b7,2026-07-04 01:49:15.000000,Tyler Stevens,amy49@example.com,Europe,,,4,0.3,0.0
bf5a910f-69be-48c9-ba24-ec1902929d3d,2026-02-25 12:41:09.000000,Matthew Adams,gallagherstacie@example.net,North America,Synergistic demand-driven implementation,Clothing,4,0.2,1515.67
89458e1b-cb0d-465c-8ec7-b903e369f1c0,2025-10-05 04:58:32.000000,Christine Parker,melissa12@example.net,Europe,Fundamental contextually-based neural-net,Electronics,5,0.2,967.78
03d06453-cd40-4bc9-bdae-29200bb8382f,2026-05-30 06:27:00.000000,Jennifer Velasquez,bethwilliams@example.com,North America,Intuitive system-worthy access,Clothing,9,0.1,186.12
2e3b5fd6-7045-42d5-a070-73f00e80ea41,2025-02-25 11:45:10.000000,Katherine Davis,ricky51@example.org,Asia,Cross-platform uniform flexibility,Toys,9,0.3,1518.26
9a37ef9d-5983-4e94-906a-8dd30b31324f,2025-12-11 21:45:43.000000,Brian Jones,matthew18@example.com,Middle East,Horizontal maximized product,Electronics,8,0.0,1689.34
4adb8f79-ff82-4f84-be86-cc14e3f2df80,2024-10-29 17:52:04.000000,Laura Cunningham,april91@example.com,Europe,Decentralized grid-enabled service-desk,Electronics,10,0.1,3272.36
a8575900-7a8c-4c36-a5d7-71639b2aeea6,2024-10-24 01:02:33.000000,Mr. Nicolas Salas II,maryhuff@example.com,Europe,Multi-lateral contextually-based methodology,Sports,1,0.0,247.16
400d083a-138d-4006-93a9-6a92a8164d18,2026-07-19 20:16:09.000000,Andrew Berry,dennishunt@example.net,Latin America,Exclusive object-oriented orchestration,Other,5,0.2,586.71
b48b9a8c-7eb3-4efc-b4b3-4dcb8b2c65b5,2026-02-12 01:15:01.000000,Grant Phillips,devonmorrison@example.net,Asia,Reverse-engineered multi-state knowledge user,Home & Garden,7,0.3,1858.08
ea440cc9-e5cb-4f13-9b61-9ebed03c9c2c,2026-05-19 00:13:53.000000,Brandi Page,williambenson@example.com,Middle East,,,4,0.2,0.0
4d7efc8e-b68f-40dc-b18b-f53a3864bf75,2025-05-01 23:55:14.000000,Elizabeth Wright,millereric@example.net,Europe,User-centric coherent leverage,Sports,1,0.0,320.24
de74e122-4aed-4cc8-8d28-eef5c7bbbcf8,2025-12-10 16:35:12.000000,Kimberly Mclean,ystephens@example.com,Asia,Down-sized scalable workforce,Home & Garden,2,0.1,502.14
447d30b8-e49a-4cd9-86df-42bd3e84455f,2025-03-25 15:44:36.000000,Timothy Flores,vewing@example.com,Europe,Down-sized contextually-based adapter,Sports,2,0.2,410.55
b49bc1ef-692c-4843-a682-471058bd19da,2025-11-16 00:18:43.000000,Connor King,courtneyberger@example.net,Latin America,Mandatory discrete functionalities,Toys,9,0.3,3026.3
341c2d10-1415-4ad9-879f-ea147c781b98,2026-06-29 09:36:41.000000,Zachary Brooks,florescory@example.net,North America,Reverse-engineered multi-state knowledge user,Home & Garden,6,0.2,1842.91
855fecc6-f9d7-4979-9767-a6da231b0c86,2025-01-16 01:16:59.000000,James Bailey,jeffery48@example.net,Europe,Upgradable disintermediate protocol,Toys,8,0.1,2957.98
35f4ffba-8d8f-4868-bded-b9cc4e107ed6,2024-10-24 07:58:17.000000,Amber Glass,zunderwood@example.com,Asia,Devolved responsive model,Sports,6,0.1,1749.53
b2c68986-3c2f-4b76-ba58-4a4b092e9fab,2025-06-27 23:08:51.000000,Tammy Ponce,daniellegarcia@example.com,Middle East,Fundamental contextually-based neural-net,Electronics,1,0.2,191.22
f3fac150-7429-4f81-83a2-15ffa660604f,2024-10-17 17:20:40.000000,Kevin Pacheco,blakeerik@example.com,Asia,Re-engineered clear-thinking application,Clothing,3,0.1,878.59
08a43ec0-d619-48aa-bfb8-66b205733d10,2025-02-15 22:30:45.000000,Ian Frazier,natalie77@example.com,Middle East,Down-sized contextually-based adapter,Sports,8,0.2,1685.99
4ce7db3f-6259-46cc-9696-e8334728ddf6,2026-04-24 11:30:47.000000,Maria Lucas,tammy61@example.org,North America,Intuitive system-worthy access,Clothing,2,0.2,36.96
47729adf-0f49-401a-95a1-5a52f710900b,2026-05-15 18:12:01.000000,Manuel Mccullough,todd59@example.net,Latin America,Organic zero-defect hierarchy,Electronics,1,0.2,377.52
04d340e8-7ecf-4fc6-a249-a5869c186d49,2026-05-22 03:01:58.000000,Kendra Sanders,john10@example.net,Middle East,Team-oriented cohesive approach,Sports,10,0.1,2051.45
0b5ed148-71ab-4711-a279-4a6e61f14c98,2025-01-11 07:48:15.000000,Mark Lloyd,lancesmith@example.com,Europe,Business-focused 4thgeneration throughput,Sports,1,0.0,350.21
a8f0e3e0-2f36-4832-a11b-92ab34aababd,2025-06-20 19:47:17.000000,Tyler Hill,christina18@example.net,Europe,Multi-layered high-level initiative,Electronics,8,0.0,3579.2
4e1e2f3d-a910-42b8-8d60-e36488516447,2024-08-14 07:22:11.000000,Denise Colon,hreid@example.net,Middle East,Optimized mission-critical moratorium,Home & Garden,5,0.2,1050.4
efede7bb-5909-47d6-8353-b9e48aa2f756,2024-08-10 04:18:35.000000,Brandon Colon,bgonzalez@example.org,North America,Innovative eco-centric open architecture,Toys,4,0.0,886.58
e4a6bf51-c125-498e-9bd6-5690e8f94c88,2025-04-08 03:20:42.000000,Jennifer Mitchell,zhenderson@example.org,Latin America,,,5,0.2,0.0
43355860-e84e-4da0-9402-2243ec35fb0c,2026-04-11 07:49:08.000000,Connie Brown,tblankenship@example.net,North America,,,8,0.3,0.0
c1db480a-376f-4fff-9749-1088c0d978e7,2024-08-11 05:31:56.000000,Joseph Martinez,calebsmith@example.net,North America,Multi-tiered dedicated circuit,Electronics,8,0.3,1364.81
baae905c-c859-4dfb-ad73-dd1ddda1497a,2026-07-12 05:30:56.000000,Dr. Alicia Powell,hawkinsaaron@example.org,Asia,,,7,0.0,0.0
ceb18cd3-0e9f-42f7-809d-557fbc441fbc,2024-10-13 19:36:27.000000,Kevin Warren,vharrell@example.com,Middle East,Down-sized scalable workforce,Home & Garden,9,0.2,2110.63
b8a6ebf6-f3d5-4f3e-a35b-36bd8da4afbe,2026-07-15 06:19:58.000000,Paul Stokes,raylauren@example.net,Middle East,Multi-layered high-level initiative,Electronics,1,0.2,357.92
fdab0afa-dbc7-445d-8994-41c5ad8f6932,2026-07-19 12:55:23.000000,Jessica Robinson,taylordavid@example.net,Asia,Down-sized scalable workforce,Home & Garden,3,0.0,811.15
929614b5-6c80-43b7-b6a8-1a2788e61f32,2026-01-30 15:01:05.000000,Raymond Jefferson,hoganashlee@example.org,Asia,Expanded composite infrastructure,Home & Garden,2,0.0,429.31
4295f5c9-84d7-4929-84dd-fe54917c4f11,2024-11-24 05:54:44.000000,Patricia Banks,cwood@example.net,Europe,Down-sized scalable workforce,Home & Garden,4,0.3,816.66
bee1dc65-77a3-49c6-a19c-4a06f5d68c8f,2026-07-09 04:42:53.000000,Sherry Baker,earmstrong@example.org,Middle East,Multi-tiered dedicated circuit,Electronics,4,0.2,701.1
03e30f78-e85f-4a55-a1c2-68f33cfc7050,2025-02-24 00:24:41.000000,Rebecca Henderson,cruzcaitlin@example.com,North America,Down-sized contextually-based adapter,Sports,9,0.2,2019.91
463e9bb3-f372-46a2-aebe-ca58ccb1dc1e,2024-09-25 10:18:16.000000,Kyle Smith,nsmith@example.org,North America,Horizontal maximized product,Electronics,8,0.0,1706.4
8af53d42-c576-4c74-bffb-9577ffb1c192,2025-03-07 18:21:29.000000,Corey Rodriguez,jessicawong@example.net,Latin America,Robust secondary infrastructure,Toys,1,0.3,145.34
09e218a7-6504-45b5-9232-78bf56688530,2025-11-11 02:24:51.000000,Ricardo Young,williamsrobert@example.net,North America,Multi-lateral high-level open architecture,Toys,7,0.1,1593.26
a8c34b25-44cc-4057-9c98-08f446368d12,2025-01-31 13:41:16.000000,Kyle Smith,nsmith@example.org,North America,Profound mobile time-frame,Clothing,8,0.2,1344.36
c58536b7-cf6d-4a9d-a72d-0bf4c84d16c0,2025-11-05 05:42:29.000000,Rachel Shields,carterpaul@example.org,Latin America,Cross-platform asymmetric leverage,Electronics,1,0.3,146.36
91855abd-4e90-4e4a-9fd2-8b9e0328a80d,2025-12-16 05:32:53.000000,Tracy Torres,pwilson@example.net,North America,Synergized zero-defect conglomeration,Clothing,5,0.3,1222.92
d8fbd542-43b7-4bf2-9604-153c522c5c44,2024-12-06 20:33:52.000000,Eric King,jennifermccormick@example.org,Europe,Function-based grid-enabled adapter,Clothing,6,0.0,867.6
709de505-046b-46f9-b675-1903719d722f,2024-07-27 21:08:37.000000,Sarah Phelps,ofinley@example.net,Europe,Up-sized foreground toolset,Toys,2,0.3,324.27
5bd55037-f744-4596-8979-140877689441,2025-07-28 23:30:22.000000,Amy Dunlap,dalepruitt@example.com,Latin America,Optimized mission-critical moratorium,Home & Garden,4,0.3,745.78
37c486a1-8e7d-4390-9825-b478a34321bf,2025-06-03 08:50:27.000000,Casey Gillespie,lfrench@example.net,Latin America,Decentralized tangible model,Clothing,4,0.1,1523.55
145d2f7e-f057-412b-945e-b87f0eff6a6b,2025-02-20 17:06:09.000000,Joseph Romero,myerstheodore@example.net,North America,Advanced context-sensitive instruction set,Toys,2,0.2,488.92
50640ae6-8d2b-400b-9c3e-7d79e5a4b1b4,2024-09-08 17:38:20.000000,David Alvarez,gibsonolivia@example.net,Middle East,Optimized mission-critical moratorium,Home & Garden,8,0.1,1827.7
c4170ebd-420c-4e74-ae07-a11f70c0a4f6,2026-03-24 01:35:54.000000,Shannon Smith,maldonadoamanda@example.com,North America,Operative responsive pricing structure,Sports,6,0.2,182.25
7eb3a98f-de7a-49b4-8271-441846b1654a,2024-10-27 19:22:51.000000,Marilyn Mack,russellbeasley@example.com,Asia,Synergistic demand-driven implementation,Clothing,8,0.1,3661.22
259b5aea-2cab-49ad-a15d-d7c43a38204b,2026-05-28 16:51:26.000000,Cody Holt,sandra84@example.org,Europe,Synergized zero-defect conglomeration,Clothing,6,0.2,1712.09
3b906c08-0cb1-40ed-a7ee-2f239e31ecfd,2024-10-17 21:13:13.000000,Cynthia Morris,josephmartinez@example.com,Latin America,Decentralized tangible model,Clothing,10,0.2,3282.12
af378cf9-2f2b-4e31-89db-40a9a793eb81,2025-08-18 13:42:43.000000,Patrick Hardy,staceylam@example.net,North America,Synergistic demand-driven implementation,Clothing,8,0.2,3267.54
513cd464-9473-47cd-b0b8-1530dc4e557f,2024-08-22 13:53:26.000000,Kyle Reed,samuel81@example.com,North America,Synergized zero-defect conglomeration,Clothing,1,0.1,302.33
0f916e97-3a5b-471c-b7a4-c1088dac20f9,2026-01-26 23:57:04.000000,Austin Garcia,wlynn@example.org,North America,Down-sized contextually-based adapter,Sports,2,0.2,421.5
41e7ebba-f9ac-4a4f-8251-6974fdf1d205,2024-08-02 12:14:47.000000,Derek Mahoney,suarezmike@example.org,Asia,Function-based grid-enabled adapter,Clothing,1,0.1,131.59
d972c236-db84-4c06-984d-6427adaad2f9,2025-04-21 10:25:28.000000,Michael Ray,crawfordwilliam@example.org,North America,Multi-lateral high-level open architecture,Toys,2,0.0,479.96
99bf88ed-0b73-4040-b7e3-c6158a5a5d57,2025-01-19 06:50:54.000000,Todd Hudson,harveyrobert@example.net,Europe,Horizontal maximized product,Electronics,1,0.1,194.1
81c6af40-13d5-4c4f-9bf2-235c5987e1e6,2025-06-30 17:03:00.000000,Dylan Cruz,kwright@example.com,Middle East,Function-based methodical product,Clothing,2,0.2,682.83
3caaa31e-13d3-4726-82d3-39481cf98855,2024-12-26 11:23:56.000000,Taylor Griffith,david86@example.com,Latin America,,,10,0.2,0.0
d44260d2-5f11-4839-9203-7fc25366e938,2026-04-20 23:53:23.000000,Paul Marks,wiseanthony@example.com,North America,Re-engineered clear-thinking application,Clothing,8,0.1,2342.91
a452b559-1246-42a5-aa7c-fd08ae5714e8,2025-06-17 05:51:29.000000,Melissa Castillo,aaronpowers@example.org,Asia,Multi-lateral high-level open architecture,Toys,10,0.2,2003.94
065262a2-24a0-4b6e-8878-383ae037e953,2025-03-31 14:56:19.000000,Richard Glenn,joshua56@example.com,Middle East,Robust secondary infrastructure,Toys,1,0.1,168.9
55c1a0d9-5c3b-43e5-89c5-25679b622c0a,2025-06-03 00:01:02.000000,Joseph Romero,myerstheodore@example.net,North America,Operative responsive pricing structure,Sports,4,0.0,157.14
787ed06b-5fed-4cb7-a6e8-0b4fe5bb7f3b,2025-03-06 09:30:51.000000,Mark Diaz,michael41@example.net,North America,Open-architected asynchronous artificial intelligence,Other,2,0.2,329.31
5e4908c8-290a-42d2-87f9-ee879f35e95d,2024-08-24 15:23:00.000000,Kimberly Edwards,jamesweber@example.com,Asia,Multi-layered high-level initiative,Electronics,10,0.0,4295.04
e9707c9e-266a-4b90-ae28-b2f44a76a0ea,2025-10-23 05:03:36.000000,Joanne Perez,rreynolds@example.net,North America,Front-line next generation Internet solution,Toys,6,0.1,689.56
c7e75797-b73c-41ca-82c3-892b5027b309,2026-02-17 08:28:25.000000,Gina Beard,angela83@example.org,Asia,Profit-focused grid-enabled infrastructure,Toys,1,0.0,167.23
b67cb2ac-94dc-4c97-8891-4d9982183bb9,2025-04-14 05:23:23.000000,Judy Beck,melissa86@example.org,Middle East,Multi-lateral high-level open architecture,Toys,9,0.3,1580.89
d4aa826d-60fb-434c-b701-a2fdf09fe5ab,2025-10-16 13:50:27.000000,Zachary Levy,anna99@example.com,Latin America,Innovative eco-centric open architecture,Toys,5,0.2,936.85
266b4b6d-b9ec-48ff-a835-0a400858714d,2025-05-12 23:48:29.000000,Zachary Webb,robert11@example.net,Middle East,Business-focused 4thgeneration throughput,Sports,3,0.0,1050.62
1414f827-a632-4350-bf71-2ff4c33a8761,2024-09-19 00:58:17.000000,Travis Joyce,xhammond@example.com,North America,Open-architected asynchronous artificial intelligence,Other,6,0.1,1096.37
397e241d-fe08-4540-af7e-1940f5687574,2025-10-03 03:38:46.000000,Cassandra Edwards,patriciaadams@example.net,Latin America,Re-engineered clear-thinking application,Clothing,9,0.2,2456.06
a15cf032-930e-4347-bf70-abaa80e51b3d,2025-09-19 19:35:10.000000,Chelsea Travis,lweaver@example.com,Asia,Front-line encompassing leverage,Toys,1,0.1,97.93
bba8e166-89f9-443e-ab07-4c79bbe43aa7,2024-10-23 03:54:12.000000,Angela Wallace,fmiller@example.com,Asia,Horizontal maximized product,Electronics,1,0.1,185.57
cc5732f2-871b-4b1f-a0e4-0a11d8fbfda5,2024-08-29 22:32:04.000000,Barry Welch,wendy16@example.org,Europe,Multi-layered high-level initiative,Electronics,4,0.2,1360.1
86423a80-a8c1-4f22-b8ea-904d9b6b0992,2025-08-29 03:32:52.000000,Cody Holt,sandra84@example.org,Europe,Multi-layered high-level initiative,Electronics,8,0.2,2827.57
31ed10f5-44e9-48ac-9122-f00170e68474,2026-05-01 08:07:05.000000,Kristina Faulkner,paulscott@example.com,Europe,Open-architected asynchronous artificial intelligence,Other,6,0.3,891.55
3e78af27-e93b-4a3b-8b06-53e293432c76,2025-04-02 06:54:18.000000,Keith Flynn,kellyhill@example.net,North America,Up-sized foreground toolset,Toys,10,0.1,1993.81
fa3bc921-c484-4743-8c8b-a7603e3a0dfc,2025-04-28 03:17:52.000000,Joseph Romero,myerstheodore@example.net,North America,Multi-lateral contextually-based methodology,Sports,2,0.1,433.78
bf89444e-5097-4e46-b4b0-b2433b1ba723,2024-10-18 15:18:33.000000,Kara Hernandez,turnerdorothy@example.net,Latin America,Profit-focused grid-enabled infrastructure,Toys,8,0.1,1296.05
bb98abdf-71ec-42ad-bdb5-38c9b16d3da7,2026-06-04 16:23:54.000000,Brandon Hall,hoffmanjennifer@example.net,North America,,,4,0.2,0.0
5a1ba9db-1466-4189-9ca4-3e7168f0e5f2,2025-09-29 07:27:36.000000,Elijah White,oallen@example.com,Latin America,Mandatory discrete functionalities,Toys,4,0.1,1761.79
5cbf7ee6-ea25-4d83-9391-d18a8171d955,2025-12-10 10:44:04.000000,Melinda Compton,dennismccann@example.com,North America,Business-focused 4thgeneration throughput,Sports,6,0.2,1663.49
72ef917e-3af8-44f2-9aef-9aec7bf18cf4,2026-03-23 17:33:12.000000,Kimberly May,timothy64@example.com,Asia,Organized contextually-based orchestration,Electronics,7,0.1,2575.41
d3ec1562-91c0-49ee-bad1-c48f6b39c4dc,2026-04-24 04:09:04.000000,Tyler Rogers,jamesmichael@example.com,Europe,Re-contextualized actuating infrastructure,Clothing,1,0.0,366.91
89a1321d-ecfb-4936-a012-6ebbfc9b519a,2025-01-27 05:52:03.000000,Brian Cox DVM,john39@example.org,Europe,Horizontal maximized product,Electronics,2,0.0,409.54
ac92275a-6859-4dc4-a8c5-a3b0c6c55054,2025-10-18 04:24:41.000000,Heidi Stark,brownamy@example.net,Latin America,Multi-layered high-level initiative,Electronics,10,0.3,3266.02
42a1a429-9b05-4a6c-a35d-2722aa7898aa,2026-03-31 03:36:43.000000,Curtis Taylor,jjohnson@example.net,Asia,Profit-focused grid-enabled infrastructure,Toys,1,0.1,163.75
1e32e3e1-5058-4a4a-9771-3fff49714ec3,2024-09-22 07:09:47.000000,Justin Riley,michelle52@example.com,Middle East,Expanded intangible standardization,Clothing,4,0.3,240.32
fbb61ff7-8149-4136-abc8-22f46893a38a,2024-11-13 06:07:54.000000,Blake Orr,shawrachel@example.net,Asia,Expanded intangible standardization,Clothing,6,0.2,370.35
e1a62208-a1f4-4627-be83-e81593758195,2026-03-13 02:55:41.000000,Jane Harper,shawn96@example.org,Middle East,Expanded intangible standardization,Clothing,4,0.0,325.91
e05c1fb9-2e0e-44aa-a65e-0ac332b6f533,2025-07-08 16:14:39.000000,Brandi Page,williambenson@example.com,Middle East,Front-line next generation Internet solution,Toys,2,0.0,261.56
6b2b0c27-1eec-4480-aab1-803803f89c7b,2025-02-10 13:28:07.000000,Kevin Drake,robin05@example.net,Europe,Fundamental contextually-based neural-net,Electronics,7,0.2,1305.92
ee1caec8-b61d-4f43-8df8-dff9c3f86f2d,2025-07-20 22:36:43.000000,Angela Clark,jason82@example.org,Europe,Cross-platform fresh-thinking hierarchy,Toys,6,0.3,1842.05
de94da10-205b-4db8-99da-d534be2badee,2024-08-16 10:59:54.000000,Christopher Schwartz,jenniferwilliams@example.com,Latin America,Decentralized grid-enabled service-desk,Electronics,4,0.1,1280.18
b0a6e457-0620-4f4a-ae71-8848d577c131,2024-11-27 15:41:15.000000,Marcus Winters,megan90@example.org,Europe,Organic zero-defect hierarchy,Electronics,3,0.3,1019.3
83d04bac-21e3-4238-92b1-178bfd6c47e3,2026-05-25 07:35:46.000000,Brett Thompson,phelpsmichael@example.net,Europe,Mandatory discrete functionalities,Toys,7,0.3,2453.25
e77d9bec-635b-429c-ab2a-e08b8780d6ca,2025-06-14 01:07:06.000000,Steve Newton,josephjacobs@example.net,Europe,Cross-platform fresh-thinking hierarchy,Toys,3,0.3,946.61
b269eb43-66fe-47b3-a0a0-c2445ab7d8b2,2025-09-26 13:54:38.000000,Jacob Hunter,alexander67@example.org,Europe,Multi-layered high-level initiative,Electronics,4,0.2,1503.26
1e78ba02-4b1b-4b3a-b644-8d243dcead91,2025-04-08 14:20:36.000000,Cynthia Haas,daisymccarty@example.net,Europe,Re-contextualized actuating infrastructure,Clothing,6,0.2,1842.05
562e121f-e5fa-455d-9320-8f77e5bdbb3e,2025-10-23 09:43:51.000000,Juan Smith,kellymueller@example.net,North America,Cross-platform uniform flexibility,Toys,1,0.2,182.95
fe7f9299-1b96-4e81-9ddb-6fea9bd7871c,2026-02-01 22:11:06.000000,Ronald Morgan,ashleewashington@example.com,Middle East,Multi-layered high-level initiative,Electronics,9,0.1,3664.21
68ac039c-e921-4231-b2ea-ce11f32de530,2025-11-22 23:20:33.000000,Melissa Castillo,aaronpowers@example.org,Asia,Multi-tiered dedicated circuit,Electronics,3,0.3,518.81
22758233-b33a-46b9-ba23-9f3cc1f6028b,2026-02-10 16:09:10.000000,Matthew Ross,michelle45@example.net,Middle East,Exclusive object-oriented orchestration,Other,10,0.0,1402.38
96ed4815-c415-4c73-b944-e4692ef6a152,2026-07-02 17:37:55.000000,Joanne Perez,rreynolds@example.net,North America,Team-oriented cohesive approach,Sports,9,0.1,1846.3
15733a73-8266-457c-afc6-6c4cd1f2789b,2024-11-16 06:02:48.000000,Carolyn James,josephadams@example.org,Asia,Decentralized grid-enabled service-desk,Electronics,3,0.1,970.92
97d20300-97f3-4baf-81fe-1d86e545fcc6,2025-05-04 06:43:52.000000,Patricia Baker,katiebutler@example.net,North America,Profound mobile time-frame,Clothing,8,0.2,1249.46
611eb15c-741a-4b09-a63f-63eaac852cc7,2025-03-26 21:09:29.000000,Wanda Perez,valdezmichele@example.org,Europe,Exclusive object-oriented orchestration,Other,5,0.2,593.86
b8f7ef48-8238-4358-ad3d-ab8a70473d9d,2025-10-20 18:24:14.000000,Kevin Snyder,jessicapayne@example.org,Middle East,Operative responsive pricing structure,Sports,1,0.1,38.07
18ce58d1-c5e3-4e15-b1dc-527047802d60,2025-01-17 09:29:17.000000,Ian Frazier,natalie77@example.com,Middle East,Multi-layered high-level initiative,Electronics,8,0.3,2648.61
0c5c9940-5753-4534-be48-7b1c4c1f088f,2025-10-02 03:57:08.000000,Timothy Flores,vewing@example.com,Europe,Organized contextually-based orchestration,Electronics,5,0.1,1702.59
946f9f07-8673-473a-a5b5-8f3084868583,2025-08-19 17:50:11.000000,Jason Marshall,catherine55@example.net,North America,Down-sized scalable workforce,Home & Garden,3,0.3,595.94
49069da9-6d3b-467c-ad94-4378d814abe0,2025-03-28 17:12:41.000000,Patricia Baker,katiebutler@example.net,North America,Front-line next generation Internet solution,Toys,9,0.0,1153.23
2daca88b-c1de-4d58-918e-58fd62524390,2024-11-09 05:09:33.000000,Maria Burke,walkercharlene@example.com,Middle East,Intuitive system-worthy access,Clothing,5,0.1,95.7
bc106ec9-f1ee-4895-9061-76b30abc36fc,2026-06-06 08:36:53.000000,Kendra Sanders,john10@example.net,Middle East,,,10,0.0,0.0
6e37b721-35ef-4b60-bb21-d347fd3c902a,2025-08-28 05:09:33.000000,Emily Rodriguez,hahnsean@example.com,Latin America,Mandatory discrete functionalities,Toys,6,0.1,2472.19
9d8feee1-e12c-4678-933c-3b76473bccd4,2025-03-22 04:00:53.000000,Kristina Faulkner,paulscott@example.com,Europe,Multi-lateral high-level open architecture,Toys,7,0.1,1541.3
2a6445d3-48e8-4f79-98eb-a4621976a39a,2024-10-21 01:44:03.000000,Juan Brown,warnerchristopher@example.com,Europe,Devolved responsive model,Sports,5,0.1,1380.39
705cd91e-7c94-48af-861a-ef6349b016e5,2025-01-10 16:36:35.000000,Susan Murray MD,tyronemoran@example.net,Middle East,Function-based grid-enabled adapter,Clothing,4,0.1,532.13
f06fbb0f-49d9-4f73-ab58-9b3fe2a63e3c,2026-07-03 18:49:14.000000,Justin Baxter,sarayoung@example.org,North America,Innovative eco-centric open architecture,Toys,2,0.1,415.87
c0e354e7-9b2d-4807-bd22-5cba4269f091,2024-10-11 09:59:30.000000,Thomas Cohen,rachel90@example.org,Latin America,Horizontal heuristic Graphic Interface,Electronics,9,0.2,567.16
47543604-aa9b-44ba-bb4f-068eecad122d,2024-11-07 12:16:14.000000,Jacob Santos,brooksdanielle@example.net,Europe,Multi-tiered dedicated circuit,Electronics,4,0.0,906.76
d6baf0f2-8d5a-4549-b4f3-ab8e1891e25c,2025-08-20 02:36:11.000000,Tony Vazquez,amydavenport@example.net,North America,Re-contextualized actuating infrastructure,Clothing,1,0.2,314.5
9930300a-0700-4af3-ab39-e995c13ed0d3,2026-06-22 00:22:16.000000,Joshua Li,mariacohen@example.net,Europe,Multi-layered high-level initiative,Electronics,6,0.1,2469.65
8a32484a-e401-461a-b5b9-2b3c0a2cbb1b,2025-09-11 19:15:41.000000,Kirk Thompson,wmatthews@example.com,North America,Business-focused 4thgeneration throughput,Sports,5,0.1,1714.56
7d058c07-01b4-4dfc-b1f4-36eacc8abd69,2026-04-28 14:47:25.000000,Emily Taylor,deanna38@example.net,Asia,Fundamental contextually-based neural-net,Electronics,9,0.3,1532.12
34010b60-5e9a-45cf-8699-576dd288b06a,2025-02-24 21:36:50.000000,Monica Herrera,smiller@example.net,Europe,Business-focused 4thgeneration throughput,Sports,5,0.1,1678.08
6d2f458d-9237-4145-b2a8-3faaf11a31f5,2026-02-09 14:55:04.000000,William Gould,lambertrichard@example.net,Middle East,Function-based methodical product,Clothing,7,0.2,2212.88
d4bee4e4-204d-4f55-8559-4d7771e007b0,2025-07-08 12:08:51.000000,Mr. Donald Nguyen,jose43@example.org,Europe,Robust secondary infrastructure,Toys,1,0.1,168.9
b75c3825-1c0f-487f-ab01-bba74b814a84,2026-01-20 14:34:55.000000,Emily Rodriguez,hahnsean@example.com,Latin America,Cross-platform asymmetric leverage,Electronics,3,0.3,445.11
71c487bc-1eb4-4d3b-9841-26aceb4f9efb,2026-06-11 09:42:05.000000,Lisa Crosby,antonio53@example.com,Europe,,,4,0.1,0.0
163cb529-4357-4c51-be45-fee46ea8fb32,2026-05-23 11:16:52.000000,Rachel Shields,carterpaul@example.org,Latin America,Operative responsive pricing structure,Sports,9,0.2,280.66
bb4c5947-4748-4576-be3a-4f96230681aa,2025-12-22 09:32:37.000000,Peter Thompson,teresastokes@example.org,Europe,Decentralized grid-enabled service-desk,Electronics,6,0.2,1639.78
cdbb6c1f-5a8d-485e-b7eb-a7e91dd07ec8,2024-09-20 09:41:56.000000,Kelli Martinez,hinesjoshua@example.net,Asia,Multi-layered high-level initiative,Electronics,7,0.2,2411.49
ba345e82-38f1-41ab-8b17-0945be88f8e4,2024-09-16 17:46:21.000000,Nicholas Costa,ysnyder@example.com,Europe,,,4,0.1,0.0
55d8a81a-81ce-420e-a81f-45ff53bddb05,2025-02-20 10:48:31.000000,Amy Manning,christinenorman@example.com,North America,Horizontal maximized product,Electronics,1,0.1,189.84
8349c078-bc4b-4732-a170-920c7416386b,2025-12-25 00:17:19.000000,Derek Hodge,taylorkaren@example.com,Latin America,Fundamental contextually-based neural-net,Electronics,5,0.3,839.52
b01cad4e-b4f1-4ca9-92f7-76d1c6ec757f,2025-03-22 12:15:51.000000,Monica Herrera,smiller@example.net,Europe,Streamlined national conglomeration,Home & Garden,6,0.1,2417.04
6ef1d60c-09d1-411f-acbb-1aace46bf89a,2024-10-07 00:05:48.000000,Timothy Johns,wsantos@example.com,Middle East,Multi-lateral high-level open architecture,Toys,7,0.2,1333.49
8573b517-cb50-4544-b481-acdeeeafab56,2025-03-24 14:55:04.000000,Nicholas Rush,xrosales@example.net,Asia,Organized attitude-oriented implementation,Clothing,5,0.1,1602.9
a93fd7ec-8ee4-4f7f-9768-065730bdf7be,2026-05-02 14:25:50.000000,Rebecca Henderson,cruzcaitlin@example.com,North America,Down-sized scalable workforce,Home & Garden,1,0.3,198.65
f2fda085-091f-43f3-a046-d4d3e0a8a8af,2025-11-25 19:39:58.000000,Phillip Obrien,kimberlyjames@example.com,Latin America,Up-sized foreground toolset,Toys,10,0.2,1774.71
230a37e5-3ef4-43df-820a-5c40a095c0d0,2025-10-19 10:00:52.000000,Jessica Robinson,taylordavid@example.net,Asia,Open-architected asynchronous artificial intelligence,Other,10,0.3,1485.92
385fa73d-f173-46d5-9f42-eabd604f3c8d,2025-12-25 23:53:29.000000,Dylan Cruz,kwright@example.com,Middle East,Organized contextually-based orchestration,Electronics,7,0.0,2685.0
26c451fd-7859-4bc6-83e9-c94c3217f93c,2025-08-01 07:39:00.000000,Kathy Levy,brandywilliams@example.com,Middle East,Multi-layered high-level initiative,Electronics,8,0.0,3471.82
7f297630-bbca-4210-afe6-1a89d059b594,2025-02-25 11:49:18.000000,Samantha Richardson,wolfscott@example.org,North America,Function-based grid-enabled adapter,Clothing,5,0.0,701.31
e0389eb7-a280-4710-b2d5-ad8721bd1db7,2024-09-27 21:29:16.000000,Paul Larsen,katie87@example.net,Middle East,Reverse-engineered multi-state knowledge user,Home & Garden,9,0.0,3242.16
b9291d34-db6e-40ba-842c-a512f369c683,2026-02-23 02:28:03.000000,Ronald Brandt,amy51@example.org,North America,Down-sized contextually-based adapter,Sports,10,0.2,2326.45
113808db-6f2f-4411-80d1-90bd36d5187b,2025-08-06 02:55:40.000000,Phillip Bennett,molly39@example.com,Latin America,Multi-layered high-level initiative,Electronics,2,0.3,653.2
b5c1f027-3563-459e-9c78-bade8ec7dccb,2024-12-06 08:05:12.000000,Kathy Levy,brandywilliams@example.com,Middle East,User-centric coherent leverage,Sports,4,0.1,1254.01
4358ce3f-b01f-40e7-ab0c-7da509efa19b,2025-11-09 09:58:50.000000,Jacqueline Mccoy,aguilarjonathan@example.org,Latin America,Profound mobile time-frame,Clothing,2,0.1,340.04
3c165571-957a-46e5-a18a-f1fd615ab341,2025-11-28 07:38:39.000000,Elizabeth Martin,michaeleverett@example.com,North America,Profound mobile time-frame,Clothing,1,0.0,187.81
a82d4879-87cc-4d1c-bbf6-b2ad5944a69c,2024-12-07 20:25:27.000000,Kenneth Howard DDS,alicia28@example.org,Asia,,,7,0.0,0.0
3b5d5c9c-d737-44d5-8cd3-6406e0bd6044,2026-05-31 15:41:33.000000,Jason Stein,gateskathy@example.com,North America,Fundamental contextually-based neural-net,Electronics,9,0.1,1825.96
7d7f2fed-7c2c-4385-ab00-764e4ac81bda,2026-03-31 20:12:25.000000,Denise Colon,hreid@example.net,Middle East,Decentralized tangible model,Clothing,7,0.3,2013.84
5b6cbb7a-990c-4e2a-a467-e0c0a1497b65,2025-09-16 01:44:25.000000,Melanie Flores,cruzamber@example.com,Middle East,Organized contextually-based orchestration,Electronics,3,0.3,868.91
380bd4cb-18b6-46f8-8ba0-768a7b2021f7,2024-10-16 06:27:44.000000,Travis Joyce,xhammond@example.com,North America,Multi-lateral high-level open architecture,Toys,8,0.0,1880.24
c145217f-e595-43fa-a182-58d2f681db3f,2026-03-06 08:35:33.000000,Robin Trujillo,amanda98@example.org,Europe,Advanced context-sensitive instruction set,Toys,10,0.1,2836.92
7279ec9e-f828-4e0b-ab6a-838e498a9d9d,2025-03-30 17:37:21.000000,Kristy Hernandez,millermaurice@example.net,North America,Reverse-engineered multi-state knowledge user,Home & Garden,8,0.1,2790.91
1da6536d-6cc3-48aa-a994-3d143f555c7d,2024-12-04 20:17:03.000000,Tyler Rogers,jamesmichael@example.com,Europe,Front-line encompassing leverage,Toys,8,0.0,825.55
a91decb2-51a3-421b-b4d1-183f76f8ef17,2024-10-17 04:15:06.000000,Lauren Robles,carlsonjoseph@example.net,North America,Open-architected asynchronous artificial intelligence,Other,4,0.2,674.69
b46f0145-65e9-4e49-b26c-887658fae8c7,2024-10-28 10:57:12.000000,Warren Schultz,mary49@example.net,Asia,Down-sized scalable workforce,Home & Garden,8,0.1,1898.19
d712288a-7bd6-4d37-a1d5-fceac610024b,2026-04-07 00:52:27.000000,Robin Trujillo,amanda98@example.org,Europe,Profit-focused grid-enabled infrastructure,Toys,2,0.1,317.04
697905ea-99de-4d20-bd3a-8826dd2fb568,2026-01-05 18:31:38.000000,Brandy Myers,susan24@example.net,Latin America,Decentralized grid-enabled service-desk,Electronics,6,0.2,1704.5
4496a883-4a7a-477b-876a-16e73c1fc9aa,2025-08-19 04:01:58.000000,Kara Wilson,qruiz@example.com,Latin America,Advanced context-sensitive instruction set,Toys,7,0.2,1732.33
c86768b2-d9da-4f47-a3ca-a0c4371132b7,2025-06-03 16:12:11.000000,James Howard,huffmannichole@example.net,North America,Expanded intangible standardization,Clothing,7,0.1,535.77
52bcb64d-c594-48c5-8ff0-18450f90cd63,2025-02-09 04:27:26.000000,Stephanie Atkinson,hessbeth@example.net,Europe,Mandatory discrete functionalities,Toys,7,0.1,2851.07
64315fc2-6946-4f3f-914f-6fd9accc1507,2026-04-10 09:12:15.000000,Warren Schultz,mary49@example.net,Asia,Organic zero-defect hierarchy,Electronics,3,0.2,1118.4
42bd31c4-660f-4c40-acd9-dc3f7123bc96,2026-06-29 15:34:04.000000,Diane Beck,clarence34@example.org,North America,Function-based methodical product,Clothing,1,0.1,391.99
ba6a741c-7c4a-44cf-84b0-703f0dfc73c1,2025-01-07 01:16:19.000000,Tiffany Jackson,simsjason@example.net,Asia,Multi-lateral contextually-based methodology,Sports,5,0.3,933.14
0bae4fc1-d18a-43ca-a2e2-575356ffdb3e,2025-03-17 14:50:14.000000,Maria Lucas,tammy61@example.org,North America,User-centric coherent leverage,Sports,2,0.2,532.62
928fbbae-38a7-4678-a8e9-68cf72984bb6,2026-06-01 02:33:31.000000,Peter Thompson,teresastokes@example.org,Europe,Organized contextually-based orchestration,Electronics,8,0.1,2755.46
c790b84c-34c9-43ae-8938-279c2aa20c1e,2025-11-18 15:58:02.000000,Margaret Alvarez,william28@example.org,Asia,Horizontal maximized product,Electronics,2,0.3,298.62
9d017d3c-f7df-4baf-b2a8-1e6e1c3da4eb,2025-11-07 09:00:47.000000,Norman Cook,vpham@example.org,Asia,Cross-platform asymmetric leverage,Electronics,2,0.2,340.85
8a2e30d6-9ade-4cc2-a114-419854662ea9,2024-08-05 11:06:57.000000,James Chapman,cameronwilliams@example.com,Middle East,Devolved responsive model,Sports,7,0.1,1867.4
cd6aee30-0567-481f-b8e3-fb43f34574ae,2025-05-11 12:21:39.000000,Jennifer Russo,uparrish@example.org,North America,Organized contextually-based orchestration,Electronics,9,0.0,3487.37
55525e11-b469-4821-87ca-7ddc171acd35,2026-06-29 12:57:17.000000,Jeffrey Chavez,teresa28@example.org,North America,Decentralized tangible model,Clothing,8,0.1,2885.02
8d8a7957-c419-4c8a-844f-c2a85a4a96ae,2024-09-08 06:51:04.000000,Kirk Thompson,wmatthews@example.com,North America,Function-based methodical product,Clothing,4,0.1,1483.68
35e0edd6-84c6-4e4b-8c99-5e2da7a998ab,2025-04-28 05:46:23.000000,Michele Williams,kendragalloway@example.org,Europe,Front-line next generation Internet solution,Toys,2,0.2,208.72
2830affa-fc37-437a-b2cc-f39d8914bc96,2026-05-03 00:00:45.000000,Laura Barnett,anthony52@example.com,Europe,Devolved responsive model,Sports,8,0.2,2109.36
b7c315a2-dc16-4bae-a541-35f889238eb6,2025-01-15 02:53:10.000000,Sarah Wagner,rebecca01@example.net,Asia,Intuitive system-worthy access,Clothing,9,0.2,158.4
e9209b3a-2951-48a7-8d21-0a344a49ba1b,2025-05-07 09:24:33.000000,Jacob James,seanbaker@example.com,Asia,Function-based grid-enabled adapter,Clothing,3,0.1,373.07
8d8e352b-3732-4d15-a9d4-45f354dd528c,2026-02-10 14:07:30.000000,Kevin Warren,vharrell@example.com,Middle East,Multi-lateral contextually-based methodology,Sports,3,0.2,567.45
093c3582-037d-482e-b0a4-be8a3fab0c74,2026-05-08 16:42:29.000000,Melissa Abbott,jamie98@example.org,Europe,Synergistic demand-driven implementation,Clothing,3,0.1,1343.43
86cc556b-f0bb-4e32-814f-a9be05209457,2024-10-08 14:54:24.000000,Kimberly Mclean,ystephens@example.com,Asia,Expanded composite infrastructure,Home & Garden,7,0.0,1486.94
7c226735-ca95-4c2e-a5df-39cb80624277,2024-08-22 20:02:04.000000,Hailey Cunningham,paul20@example.com,Middle East,Cross-platform asymmetric leverage,Electronics,1,0.2,160.4
0634e0e6-4d2c-4796-8878-917a282d94a3,2025-01-15 15:23:25.000000,Phillip Obrien,kimberlyjames@example.com,Latin America,Function-based grid-enabled adapter,Clothing,6,0.0,824.22
3f4fa031-b025-4b9d-85bc-c4cda1ad9f14,2024-08-16 05:26:59.000000,Jacob James,seanbaker@example.com,Asia,Profit-focused grid-enabled infrastructure,Toys,9,0.1,1473.73
2195e073-6697-4d0f-a7c0-2a5960bb380b,2026-04-17 13:55:22.000000,Kristy Hernandez,millermaurice@example.net,North America,Organic zero-defect hierarchy,Electronics,2,0.1,830.54
dcaaf6a5-451e-41db-a06a-46b2bd93183f,2024-09-24 22:44:33.000000,Lisa Goodwin,pyoung@example.com,North America,Function-based grid-enabled adapter,Clothing,1,0.2,118.57
b8dc6390-8127-4b86-92ea-789013974770,2026-01-18 09:46:18.000000,Tracy House,gabrieltucker@example.org,Latin America,Business-focused 4thgeneration throughput,Sports,7,0.2,1966.27
0528d309-6a56-487d-bb8e-37e2c32bba73,2024-08-01 10:35:19.000000,Brian Harris,mserrano@example.org,Middle East,Cross-platform uniform flexibility,Toys,6,0.3,1040.69
9ad8e1cc-8aac-4783-948b-5d0dbe1e70bc,2026-07-04 18:42:34.000000,Joseph Knight,georgemiller@example.com,Middle East,Intuitive system-worthy access,Clothing,1,0.1,19.14
9693ffd8-bc62-42e3-9876-66ec26df7b57,2026-03-28 15:17:23.000000,Danielle Ford,veronica83@example.net,Middle East,Up-sized foreground toolset,Toys,4,0.2,701.12
9b0e9a7e-d4db-4496-b1bc-99e66420b22a,2026-05-19 10:21:07.000000,Lisa Archer,contrerasangela@example.net,Europe,,,2,0.2,0.0
6cd6cedf-52df-4152-88e6-cd4b4febaa0e,2025-08-22 22:46:59.000000,Richard Love,shermanbrandon@example.net,Latin America,Organic zero-defect hierarchy,Electronics,3,0.2,1104.25
46281fb8-4d59-468e-85ff-a2f2be54eceb,2025-07-12 10:24:11.000000,Nicholas Mcbride,wrightjames@example.com,Latin America,,,9,0.0,0.0
f821947c-43a7-420c-9984-93ce33e1f6f7,2025-12-12 13:27:12.000000,Lucas Allen,qlopez@example.org,Latin America,Devolved responsive model,Sports,9,0.2,2261.36
4a8e9dd2-6067-4824-b8ad-b1829381ebb3,2025-06-19 14:53:12.000000,Paul Marks,wiseanthony@example.com,North America,Organized contextually-based orchestration,Electronics,9,0.1,3099.89
68054a24-f785-4cc1-b8e5-91c417d2efe7,2025-09-29 17:30:36.000000,Rachel Bradley,gregorychase@example.com,Latin America,Cross-platform fresh-thinking hierarchy,Toys,4,0.1,1603.26
e85cc863-48cf-41da-bbbc-cb5d474f9205,2026-01-17 22:24:17.000000,Chad Jones,rachelwallace@example.org,Asia,Devolved responsive model,Sports,3,0.0,930.6
61e5835e-3e9f-469a-81b0-1ca488800d17,2024-08-03 08:38:48.000000,Scott Hernandez,tanyafoster@example.org,Asia,Devolved responsive model,Sports,1,0.1,272.98
64c5ee2d-ba41-448a-bf3d-adbdfe3f5662,2025-05-06 12:06:56.000000,Brian Johnson,sanchezbradley@example.com,Europe,,,2,0.2,0.0
1bb9d499-b6ee-41cf-8bec-c264c3405500,2025-07-07 06:42:44.000000,Kevin Warren,vharrell@example.com,Middle East,Robust secondary infrastructure,Toys,10,0.1,1747.96
065f5046-f9a6-4744-93ef-e8f0395c0d62,2025-05-25 14:53:49.000000,Sarah Wagner,rebecca01@example.net,Asia,Organized contextually-based orchestration,Electronics,7,0.1,2493.22
5eaca15d-7274-4e76-bb6b-ecb7c56dbe29,2025-07-26 08:05:45.000000,Robert Garcia,nicole26@example.org,Middle East,Streamlined national conglomeration,Home & Garden,2,0.2,707.21
4f842010-a48f-41f1-9be4-0ba9902ad019,2025-04-05 04:49:42.000000,Mercedes Barnes,huntchristine@example.com,North America,Down-sized scalable workforce,Home & Garden,3,0.1,761.48
f9cf2bd2-a142-4851-8f47-3d7224ce3160,2024-09-23 22:50:34.000000,Diane Beck,clarence34@example.org,North America,Open-architected asynchronous artificial intelligence,Other,6,0.3,855.41
3ffdf8f1-97e9-4fe2-bd64-48b2f12d0664,2024-09-24 03:34:55.000000,Juan Smith,kellymueller@example.net,North America,Cross-platform asymmetric leverage,Electronics,6,0.3,854.13
d68bc80f-9dd2-4036-a737-cac9242e3d71,2025-07-23 18:44:05.000000,Kathleen Andrade,rbrown@example.com,Middle East,Exclusive object-oriented orchestration,Other,2,0.1,257.58
910f445d-d6f3-4d9b-b918-a6e885fde9e9,2026-03-03 18:03:02.000000,Rachel Leon,troyrodriguez@example.com,Asia,Operative responsive pricing structure,Sports,8,0.1,288.36
7e50a000-c474-41c0-8f16-3af83b808449,2025-02-01 17:50:49.000000,Allison Weaver,tapiaaaron@example.net,Europe,Expanded composite infrastructure,Home & Garden,4,0.2,760.24
567e8c74-bd92-432a-8fbb-831a696f9074,2026-04-30 00:41:52.000000,William Barry,reynoldsdesiree@example.net,Latin America,Re-engineered clear-thinking application,Clothing,4,0.0,1317.89
016d26d9-df15-4667-a812-a17c9946601e,2025-02-14 06:21:54.000000,Rachel Bradley,gregorychase@example.com,Latin America,Cross-platform asymmetric leverage,Electronics,4,0.2,649.62
5021d3fc-7ff3-4818-8bab-b4147d1d3494,2025-12-09 10:06:13.000000,Mr. David Little MD,nolansteven@example.com,Asia,Front-line encompassing leverage,Toys,7,0.1,692.87
b5786277-761c-4a2b-9263-f8e03c5969c6,2025-07-31 03:29:10.000000,Michael Brown,whiteheadmichele@example.org,Middle East,Cross-platform uniform flexibility,Toys,10,0.3,1663.2
bd5bfece-dbd0-4d57-8e07-d8fc83b1c1ec,2026-02-10 09:11:04.000000,Anthony Anderson,dbryant@example.net,Latin America,Expanded composite infrastructure,Home & Garden,6,0.0,1287.94
6cfacecc-1ae4-47cf-abd5-c14914d8e0e6,2026-01-15 02:51:01.000000,Zachary Brooks,florescory@example.net,North America,Robust secondary infrastructure,Toys,1,0.2,164.98
c1c353c4-2095-45a4-a02c-f60413d754d6,2024-07-31 13:45:41.000000,Justin Nelson,gilbertbrenda@example.org,Middle East,Robust secondary infrastructure,Toys,5,0.2,756.14
1f19297e-bf86-4d63-851a-b93f297eef2f,2024-11-27 01:55:05.000000,Ariana Jennings,bruce43@example.org,Europe,User-friendly tangible synergy,Clothing,6,0.1,1345.68
f8cf814a-dea7-41ae-b006-a2c63286af00,2024-10-17 06:38:36.000000,Dr. Ashley James MD,victoria40@example.net,Latin America,Organized attitude-oriented implementation,Clothing,1,0.3,260.03
7ec469d8-6c97-44c0-a2b0-505509fff6ab,2024-11-30 14:16:20.000000,Carrie Lewis,joshuagriffin@example.org,Middle East,Cross-platform uniform flexibility,Toys,4,0.2,779.33
7cb8b49d-864b-489a-8d9b-79fda04c57f6,2024-11-06 15:03:42.000000,Dylan Cruz,kwright@example.com,Middle East,Profound mobile time-frame,Clothing,6,0.1,1115.03
6b0bb457-8c0d-4409-9fcc-8eb4bfbe0892,2025-05-27 05:14:35.000000,Jack Mora,sarahmathews@example.net,Middle East,Re-engineered clear-thinking application,Clothing,2,0.3,492.54
6f7b93e7-1e19-4010-8bf7-e012025ec446,2025-03-06 12:30:30.000000,Gavin Anderson,evan78@example.net,North America,Multi-layered high-level initiative,Electronics,1,0.2,362.39
ad3b1b9d-e156-40e9-ac06-3d73b84e2f11,2025-02-16 13:35:40.000000,David Beck,thomas85@example.com,Middle East,Organized contextually-based orchestration,Electronics,3,0.0,1138.97
e3b93a34-9d77-49b2-9287-e5f485c14181,2025-05-05 15:30:03.000000,Matthew Banks,sanderskevin@example.net,North America,Horizontal maximized product,Electronics,4,0.1,793.48
243a7f53-2a7b-4a7c-a674-dd6b9055e085,2025-03-03 09:26:31.000000,Ashley Brennan,dwalker@example.com,Asia,Multi-lateral high-level open architecture,Toys,8,0.1,1801.07
cd853347-3457-4c7f-af5d-b99c85f3cb12,2025-11-09 21:34:05.000000,Peter Thompson,teresastokes@example.org,Europe,Multi-layered high-level initiative,Electronics,4,0.1,1556.95
84f612df-5f0a-44fb-b6e7-d214f3b5f7d7,2025-11-02 12:48:36.000000,Melissa Abbott,jamie98@example.org,Europe,Cross-platform uniform flexibility,Toys,5,0.1,1081.08
35eb0106-767f-4095-b8dc-340b4051391c,2026-07-18 03:51:41.000000,Amy Shannon,ajohnson@example.org,North America,,,4,0.1,0.0
b85a74cd-bf2b-40e4-ad55-169f54867db3,2026-05-14 01:35:53.000000,Gail Barron,matthewvalenzuela@example.com,Europe,Exclusive object-oriented orchestration,Other,2,0.3,203.2
863daa90-2a0b-43f4-a2a5-97cfed8707d5,2026-01-27 09:51:57.000000,Curtis Taylor,jjohnson@example.net,Asia,Function-based methodical product,Clothing,7,0.0,2802.98
515400a6-0283-443b-b94f-9276d4541573,2025-06-09 08:13:52.000000,Heidi Stark,brownamy@example.net,Latin America,Multi-lateral high-level open architecture,Toys,9,0.2,1825.81
112a0ef5-7872-420e-a67d-46e72de1bda4,2024-07-25 08:13:07.000000,Paul Finley,brandi90@example.com,North America,Cross-platform asymmetric leverage,Electronics,3,0.2,451.12
54beb7e0-7566-4394-89a8-c57d1806699f,2024-10-02 13:23:22.000000,Corey Rodriguez,jessicawong@example.net,Latin America,Intuitive system-worthy access,Clothing,5,0.2,90.2
982e2afd-77fc-462b-9ffe-37090fa4c293,2024-11-19 12:16:39.000000,Phillip Obrien,kimberlyjames@example.com,Latin America,Horizontal maximized product,Electronics,3,0.1,588.71
8f24da7e-a2e7-48d7-99b7-463f1117f840,2026-06-07 02:29:32.000000,Jessica Simpson,shelly68@example.com,Middle East,Advanced context-sensitive instruction set,Toys,8,0.1,2221.25
039dfd70-a0fa-4665-984f-218a39dd11e1,2026-07-11 16:42:34.000000,Charles Edwards MD,glennstephanie@example.com,North America,Open-architected asynchronous artificial intelligence,Other,8,0.0,1574.27
d21cf643-48c0-4457-864a-ea483150e60d,2026-06-28 23:34:23.000000,Laura Barnett,anthony52@example.com,Europe,Upgradable disintermediate protocol,Toys,8,0.1,3022.29
bab4eb77-959f-4841-ad19-312dde3b5a64,2025-03-15 11:22:51.000000,Billy Schneider,edwardmoore@example.net,Middle East,Multi-layered high-level initiative,Electronics,1,0.0,447.4
673c984b-c459-4172-9fdf-4b1b5e05b8b1,2026-07-16 16:32:38.000000,Thomas Cohen,rachel90@example.org,Latin America,User-friendly tangible synergy,Clothing,6,0.2,1270.92
a43fdaf0-8a80-46fe-8fa5-0e3241374168,2025-12-15 03:17:03.000000,Willie Dillon,jeffreyjenkins@example.org,Latin America,,,7,0.3,0.0
27051d96-97b7-42b3-93d5-79ae33dcd09c,2024-10-08 23:23:56.000000,Patricia Baker,katiebutler@example.net,North America,Team-oriented cohesive approach,Sports,8,0.1,1678.04
2da6b974-47ad-41dd-b768-b54abb0c686a,2025-02-10 05:17:39.000000,Mark Copeland,martinezmia@example.com,North America,Decentralized tangible model,Clothing,7,0.3,2070.57
cc009f08-206f-4ddb-9a31-c87e904c01a1,2025-08-30 16:29:29.000000,Andrew Berry,dennishunt@example.net,Latin America,Cross-platform fresh-thinking hierarchy,Toys,7,0.3,2149.06
6208c875-c41c-433d-a513-964e965a693e,2025-04-03 10:24:50.000000,John Torres,gbender@example.net,North America,Multi-layered high-level initiative,Electronics,7,0.3,2223.58
bcbd6eeb-ceab-4f76-b776-f4e846f90964,2026-05-28 18:40:23.000000,Luke Estrada,bhopkins@example.org,Middle East,,,6,0.2,0.0
793130ce-e8c3-47d0-ab22-9d1d9daac867,2024-12-30 13:32:30.000000,Christine Parker,melissa12@example.net,Europe,Team-oriented cohesive approach,Sports,7,0.2,1258.53
9d6ba3b5-cda8-48b5-adf6-cca41761f1ce,2024-11-11 18:35:03.000000,Kristen Salazar,jonesraymond@example.net,Latin America,,,1,0.2,0.0
dfe6b589-79b8-423d-aa31-89ba24b17e45,2024-07-21 04:23:02.000000,Jennifer Vargas,grahamtamara@example.org,Europe,Front-line encompassing leverage,Toys,5,0.2,431.73
f84791e0-e55d-42af-93e9-e07052c64562,2024-08-30 12:39:32.000000,Laura Schroeder MD,melissahopkins@example.net,Asia,Reverse-engineered multi-state knowledge user,Home & Garden,3,0.1,1046.59
708f75a1-cea6-49bc-82ff-1dad2310c9fb,2025-06-16 09:55:10.000000,Jessica Robinson,taylordavid@example.net,Asia,Operative responsive pricing structure,Sports,3,0.0,121.5
8f65abf9-3da3-4aca-9e07-24a8c28fd8cb,2025-05-22 10:25:51.000000,Ronald Morgan,ashleewashington@example.com,Middle East,Intuitive system-worthy access,Clothing,9,0.3,144.54
b4cc7214-62b2-45ad-861f-98b160975bc0,2025-07-24 12:41:34.000000,Jennifer Hayes,bhamilton@example.com,Middle East,Multi-lateral high-level open architecture,Toys,3,0.2,556.65
85a0daf6-d6b1-4a8c-8fcf-9f895ae0bb5a,2025-03-24 04:34:00.000000,Jennifer Russo,uparrish@example.org,North America,Down-sized contextually-based adapter,Sports,5,0.2,1163.22
9afa3fb4-e21f-4167-9404-e49287db0168,2026-05-06 03:21:51.000000,Eric King,jennifermccormick@example.org,Europe,Organic zero-defect hierarchy,Electronics,7,0.2,2708.71
f20ba0c9-2a86-4922-b492-7b3536c21bc3,2025-11-25 06:06:31.000000,Tammie Prince,morganlaura@example.com,Middle East,,,2,0.0,0.0
24940bbd-b61a-41b0-8719-c1a8d5672214,2026-05-04 08:12:26.000000,Cynthia Cochran,michelle96@example.org,North America,Business-focused 4thgeneration throughput,Sports,6,0.2,1663.49
7d76c495-710f-4415-8f7c-00716fef2c5d,2026-01-11 21:22:49.000000,Elizabeth Walker,smithkevin@example.org,Latin America,Expanded composite infrastructure,Home & Garden,4,0.3,643.97
1ec80917-af74-4001-8023-539bc9f99d37,2025-09-27 07:53:11.000000,Katrina Burns,thomas05@example.com,North America,Down-sized contextually-based adapter,Sports,5,0.0,1368.5
59225b53-a6ef-4273-af77-4027e656cfbc,2024-12-06 06:10:25.000000,Katherine Davis,ricky51@example.org,Asia,Streamlined national conglomeration,Home & Garden,1,0.0,434.17
daf9ae1b-5d9d-4cbd-9dbb-3fa40679c4f2,2025-07-18 00:03:57.000000,Donald Juarez,barbaramoore@example.org,Asia,Down-sized contextually-based adapter,Sports,7,0.2,1609.36
ba7e6b51-5892-471a-ab87-aea4c54f87ad,2025-06-15 09:10:03.000000,William Johnson,jbond@example.net,Asia,User-centric coherent leverage,Sports,7,0.0,2241.72
e054dba1-8f4e-4920-9df2-055436ba4892,2026-07-06 01:07:30.000000,Patricia Baker,katiebutler@example.net,North America,Expanded intangible standardization,Clothing,3,0.1,232.09
5fcbf482-61e8-4aa5-b0e4-541bf07cfca7,2024-12-07 00:41:17.000000,Breanna Jones,ymorgan@example.net,Europe,Horizontal heuristic Graphic Interface,Electronics,2,0.1,133.82
02bb6d94-fed5-4d6b-bf64-94b6eee5b33e,2024-12-20 02:25:52.000000,Laura Cunningham,april91@example.com,Europe,Organized contextually-based orchestration,Electronics,3,0.1,1103.75
31e43850-86a8-4b2b-9c69-ee49712c3126,2024-07-25 08:26:40.000000,Debra Ortiz,hancocktammy@example.net,Middle East,Expanded intangible standardization,Clothing,4,0.1,302.86
18177e4a-5415-468e-8f75-c3d196107189,2026-06-28 14:48:45.000000,Kimberly Lutz,jvaldez@example.com,Asia,,,8,0.2,0.0
80b710a6-40f6-4fde-aa72-55845e6e187a,2026-07-06 18:58:45.000000,Paul Marks,wiseanthony@example.com,North America,Synergistic demand-driven implementation,Clothing,3,0.0,1446.77
08954db1-45e5-46e1-9b55-917803539b9a,2025-12-05 16:48:07.000000,Kyle Reed,samuel81@example.com,North America,Team-oriented cohesive approach,Sports,2,0.1,424.12
65f69897-7a8e-4e5c-a444-c04046633755,2024-08-24 02:27:40.000000,Zachary White,manuel15@example.net,Asia,Optimized mission-critical moratorium,Home & Garden,10,0.1,2442.18
40c71862-b44a-4d77-b20c-3a3ffee8acf1,2025-02-18 22:45:09.000000,Katherine Stark,warrenmary@example.org,North America,Reverse-engineered multi-state knowledge user,Home & Garden,2,0.0,758.4
927a72df-f89c-4d3f-8ea6-6dbfa011b8d8,2026-04-21 11:41:08.000000,Jennifer Lewis,reeddaniel@example.net,Europe,Cross-platform asymmetric leverage,Electronics,1,0.2,160.4
ed758b74-b7d0-4829-9cf9-b68007ca07d8,2025-07-21 16:18:11.000000,Kara Hernandez,turnerdorothy@example.net,Latin America,Profit-focused grid-enabled infrastructure,Toys,2,0.1,327.5
7458d92c-a1da-4c7a-9b88-26edff4a9185,2025-08-05 19:38:43.000000,Mercedes Barnes,huntchristine@example.com,North America,Re-engineered clear-thinking application,Clothing,7,0.2,1910.27
dffbdc2d-bffb-4e28-b933-ea492c7c4106,2025-12-05 22:57:38.000000,Brian Jones,matthew18@example.com,Middle East,Cross-platform asymmetric leverage,Electronics,5,0.3,721.8
1a985b74-ceb3-470f-8bab-9c9cc0266d51,2024-08-19 15:45:43.000000,Tonya Wilson,srocha@example.net,Asia,Cross-platform asymmetric leverage,Electronics,6,0.2,986.46
e4ee8f51-9ce8-4b7d-8761-dc0c5e99c568,2026-01-26 00:51:09.000000,Eric Sanders,wking@example.net,Latin America,Re-contextualized actuating infrastructure,Clothing,6,0.3,1572.48
2d49d235-bc77-4a20-b4a4-cb8027379316,2026-05-28 10:46:51.000000,John Allen,brent38@example.net,Latin America,Cross-platform uniform flexibility,Toys,6,0.2,1140.48
6b691bd2-1533-4e82-a1b3-b264d9d76878,2026-04-29 19:52:11.000000,Jason Marshall,catherine55@example.net,North America,Mandatory discrete functionalities,Toys,1,0.3,336.26
71813890-0e59-4949-9e92-c0aed8868de4,2025-11-28 03:14:09.000000,Mitchell Johnson,brownlaura@example.net,Latin America,Up-sized foreground toolset,Toys,2,0.0,438.2
18f426dd-5071-4e94-8ff4-8fe8b5e9489c,2026-05-18 08:00:58.000000,Tiffany Jackson,simsjason@example.net,Asia,Down-sized contextually-based adapter,Sports,7,0.2,1494.4
da42698b-fbc0-43a8-8708-cf0f8b490e26,2024-12-18 19:36:13.000000,Dawn Wilson,yorksarah@example.net,Asia,Fundamental contextually-based neural-net,Electronics,1,0.2,191.22
0444c6f1-bcc9-42e6-9d2f-5a3ea7b4f9c8,2025-04-05 09:06:24.000000,Jaime Lang,stucker@example.net,Latin America,Profound mobile time-frame,Clothing,5,0.3,701.83
e6508af4-d925-4a4b-ac07-98c7d6578ecb,2025-03-23 19:24:07.000000,Maria Burke,walkercharlene@example.com,Middle East,Cross-platform uniform flexibility,Toys,6,0.1,1226.02
e7dd93a5-2b51-4424-b595-459de5d20eae,2025-10-19 19:24:43.000000,William Oconnor,fconner@example.net,Europe,Organic zero-defect hierarchy,Electronics,8,0.2,3208.92
842ee348-5dc2-4d9b-b1bd-b57bb8dddfc2,2024-07-31 23:57:08.000000,Matthew Lamb,steinmaria@example.com,Middle East,Multi-layered high-level initiative,Electronics,1,0.3,313.18
10a0e260-0fbd-4062-ab6d-9aa8aaefdbe1,2024-12-17 20:26:34.000000,Mitchell Johnson,brownlaura@example.net,Latin America,Profit-focused grid-enabled infrastructure,Toys,6,0.2,836.16
25c37945-8063-4ce4-82e4-1a50d33650db,2026-02-07 04:31:35.000000,Phillip Clark,lisahall@example.org,Middle East,Open-architected asynchronous artificial intelligence,Other,8,0.1,1413.63
718296af-2c2e-4ba0-957e-f91444424098,2024-08-24 13:28:45.000000,Tiffany Townsend,matthewsalexander@example.org,Asia,Intuitive system-worthy access,Clothing,6,0.1,114.84
b04fbce9-32dc-4a5b-9bc8-8efe4688d612,2025-08-17 14:20:52.000000,Linda Rich,davisdonna@example.net,Europe,Exclusive object-oriented orchestration,Other,2,0.2,223.24
bf3025c3-a2a3-4071-ac47-a51f68c4b51a,2026-05-06 02:06:41.000000,Lisa Cox,paul59@example.org,Europe,Open-architected asynchronous artificial intelligence,Other,4,0.2,634.53
4fa87a65-00d3-4021-b0eb-453ed67df90d,2025-02-18 15:05:48.000000,Tiffany Jackson,simsjason@example.net,Asia,Profound mobile time-frame,Clothing,10,0.2,1502.52
57696e2f-1e22-4ade-99c6-7a528f80d1ef,2025-07-18 03:21:15.000000,Kristy Hernandez,millermaurice@example.net,North America,Horizontal heuristic Graphic Interface,Electronics,1,0.0,74.69
160a5654-b240-4468-960b-04a99173cd93,2025-10-03 18:18:54.000000,Melissa Castillo,aaronpowers@example.org,Asia,Intuitive system-worthy access,Clothing,5,0.2,82.5
161f77a1-bac3-4057-aeb8-6221172f0d9b,2024-12-12 04:42:52.000000,Andrew Greene,christinacraig@example.com,Asia,Cross-platform fresh-thinking hierarchy,Toys,8,0.2,2728.96
f73c6a1f-a06a-4de4-9755-828f5147c3ba,2024-08-05 14:36:37.000000,Mason Johnson,bboone@example.net,Middle East,Cross-platform uniform flexibility,Toys,4,0.0,902.88
02ac1c61-c9ea-45b9-ab59-97f2c447ee3f,2025-01-05 22:45:27.000000,Laura Schroeder MD,melissahopkins@example.net,Asia,Organic zero-defect hierarchy,Electronics,2,0.0,915.49
14ce6f0f-75d9-404d-9fe1-2b57a3506764,2026-06-02 07:56:42.000000,Kristy Hernandez,millermaurice@example.net,North America,Optimized mission-critical moratorium,Home & Garden,3,0.3,567.22
4ecad266-3f29-4615-b178-0077b96a33aa,2026-05-02 08:20:25.000000,Lucas Allen,qlopez@example.org,Latin America,Team-oriented cohesive approach,Sports,5,0.1,1071.82
e6c75732-f151-4f15-a46e-e99eae4ed89f,2026-05-23 12:49:53.000000,Donald Perez,xbruce@example.net,Asia,Organic zero-defect hierarchy,Electronics,8,0.3,2680.39
bcf4ced1-c17e-4dc0-bf56-28b930eb0400,2024-11-01 02:08:17.000000,Hailey Cunningham,paul20@example.com,Middle East,Cross-platform fresh-thinking hierarchy,Toys,3,0.3,921.02
b4b6c702-611a-4d79-8da7-61fd4f7c1491,2025-02-28 23:16:36.000000,Amy Walker,finleycasey@example.com,North America,User-friendly tangible synergy,Clothing,1,0.0,241.72
90a67567-23f2-468f-876a-25332d91ac23,2025-03-23 01:53:31.000000,Tammy Ponce,daniellegarcia@example.com,Middle East,Up-sized foreground toolset,Toys,4,0.3,631.01
3030d7f4-d5d4-499b-b9d8-8a1469fac666,2025-02-17 21:07:54.000000,Patrick Parker,nathan94@example.com,Asia,Open-architected asynchronous artificial intelligence,Other,2,0.2,325.3
fab1fa12-2d57-47a0-b300-62f1e2318ce6,2025-03-07 01:43:09.000000,Jason Marshall,catherine55@example.net,North America,Upgradable disintermediate protocol,Toys,7,0.2,2250.64
43b93b02-7089-4400-b293-2bfb42650798,2024-09-30 18:28:03.000000,Tamara Powell,jeffreymercer@example.org,Europe,Horizontal maximized product,Electronics,7,0.2,1134.76
5d15c129-9425-4e90-9aeb-50557d692580,2025-04-17 22:59:19.000000,Tracy Torres,pwilson@example.net,North America,Front-line next generation Internet solution,Toys,2,0.1,240.42
731dc76f-85e6-40fe-a44e-b3e1c5ba136f,2026-04-26 06:47:02.000000,Elizabeth Price,vmedina@example.net,Europe,Intuitive system-worthy access,Clothing,6,0.2,102.96
2ba439e6-d4ec-494f-afe1-d845a18af249,2024-08-18 12:29:56.000000,David Cannon,campbellnancy@example.com,Latin America,Multi-layered high-level initiative,Electronics,2,0.2,742.68
62bbf84c-95d1-4c70-95b0-7c12f31d40e2,2024-11-18 22:19:08.000000,Raymond Jefferson,hoganashlee@example.org,Asia,Devolved responsive model,Sports,7,0.2,1802.26
fe66c4fa-35ed-4f38-9197-107c89b702ed,2026-01-17 09:30:18.000000,Donald Walker,rhodespatricia@example.org,North America,Advanced context-sensitive instruction set,Toys,1,0.2,247.48
cf97b016-a560-4775-98cf-d9666f110436,2026-01-01 17:30:51.000000,Beth Sanford,molly71@example.net,Europe,Team-oriented cohesive approach,Sports,7,0.1,1452.15
57992f42-351b-4e63-89e7-85c7cbd8715e,2026-01-15 10:16:28.000000,Jason Andrews,teresaday@example.com,Middle East,Reverse-engineered multi-state knowledge user,Home & Garden,3,0.2,955.58
d4718d86-8d36-4459-80f6-c26cf7eefd84,2026-02-18 04:45:44.000000,Jessica Robinson,taylordavid@example.net,Asia,Operative responsive pricing structure,Sports,4,0.0,157.14
8365d2cf-173b-4226-84d9-ea2dcb56eb48,2026-03-13 17:10:14.000000,Monica Herrera,smiller@example.net,Europe,Organized attitude-oriented implementation,Clothing,8,0.1,2593.14
77ba69f1-37df-4dfb-821a-4d9635f1e04b,2025-02-08 14:18:08.000000,Mr. Martin Hernandez,smithsarah@example.net,Europe,User-centric coherent leverage,Sports,4,0.2,1146.14
845c10ea-1d84-4e8f-ac02-e881080cfaaa,2025-12-14 07:58:59.000000,Colin Golden,johnsondonna@example.net,North America,Front-line encompassing leverage,Toys,10,0.1,958.23
23caef2f-79a7-49de-afb9-950ba190aa44,2025-07-18 21:53:41.000000,Melissa Mitchell,kwilliams@example.org,Asia,Organic zero-defect hierarchy,Electronics,1,0.2,386.96
9053317b-5f4d-4c1d-92af-891a9639e2b7,2025-05-10 12:32:16.000000,Travis Joyce,xhammond@example.com,North America,Horizontal heuristic Graphic Interface,Electronics,2,0.1,143.15
08aa6127-e6b9-43a3-96a0-c726a886a9fc,2025-03-28 09:13:56.000000,Elizabeth Molina,howardshaun@example.net,Asia,Upgradable disintermediate protocol,Toys,10,0.1,3456.34
5bdfd4ce-a125-451b-9ac7-ea5bb387a11d,2026-05-27 05:15:03.000000,Mitchell Griffith,kingjames@example.org,Europe,Organized contextually-based orchestration,Electronics,8,0.1,2849.39
6be1610b-28a3-4f6e-8205-9f80e6a98352,2025-07-25 07:40:06.000000,Shannon Olson,carlos33@example.com,Latin America,Team-oriented cohesive approach,Sports,1,0.3,163.66
e729b06f-a5db-4ca3-9630-202155afb783,2024-10-06 19:47:19.000000,Joshua Li,mariacohen@example.net,Europe,Front-line encompassing leverage,Toys,4,0.2,315.9
4e681465-5ba6-4f73-a9c4-1f0d2fe68a52,2024-11-24 09:34:50.000000,Robert Clarke,zbell@example.net,Latin America,,,1,0.3,0.0
c0860861-2fa8-4aa4-8bf9-a66d7782e83f,2024-08-06 21:13:50.000000,Jennifer Sanford,ismith@example.org,Middle East,Expanded intangible standardization,Clothing,8,0.2,513.55
74d99fb1-9dda-4e36-8f29-21017062dff6,2025-10-25 00:49:02.000000,Erin Anderson,lucasrodney@example.com,North America,Organic zero-defect hierarchy,Electronics,3,0.3,990.99
40a8bd6b-3e5b-44af-9587-57a3793c04f7,2026-02-02 20:25:18.000000,Tonya Wilson,srocha@example.net,Asia,Innovative eco-centric open architecture,Toys,7,0.1,1407.56
7b88e4ef-567f-4096-99d7-54775f8b00f7,2025-12-30 00:58:46.000000,Richard Diaz,brittanygardner@example.net,Latin America,User-friendly tangible synergy,Clothing,5,0.1,1146.32
f884195d-0a45-444d-8cd8-284766b1f859,2026-07-12 13:24:07.000000,Christopher Mullen,johnsjessica@example.com,Asia,Multi-layered high-level initiative,Electronics,9,0.1,3543.41
ef4c113d-c35f-4e12-bbfb-48d5e09f6e24,2026-06-20 17:07:56.000000,Sandra Zimmerman,hthompson@example.net,Asia,Devolved responsive model,Sports,10,0.3,2295.48
6bc5bcd4-1b9c-47e0-81c8-2e2bed486d9a,2025-06-16 19:01:32.000000,Kim Brown,yorkcasey@example.org,North America,Upgradable disintermediate protocol,Toys,5,0.1,1728.17
93d640cc-f438-4911-84f4-d74fc6299ca6,2025-05-28 06:18:20.000000,John Torres,gbender@example.net,North America,Down-sized scalable workforce,Home & Garden,3,0.1,720.1
831fd302-29fd-4b08-874f-645997d3d50e,2024-11-27 05:25:05.000000,Katherine Cummings,umurray@example.com,Middle East,User-centric coherent leverage,Sports,3,0.1,950.62
98cb3cb4-e2f7-47ea-8cf2-fdf8ec1f5d97,2026-01-13 20:34:32.000000,Jeffrey Howell,watsonmatthew@example.org,Europe,Expanded composite infrastructure,Home & Garden,4,0.2,697.63
f3951a45-32ce-4a3d-862a-76f2f15e609c,2025-10-05 03:51:02.000000,Monica Herrera,smiller@example.net,Europe,Re-contextualized actuating infrastructure,Clothing,10,0.0,3631.68
a9d500dd-2140-4672-a3b9-7f36c0793f64,2025-04-05 18:05:39.000000,Jacob Santos,brooksdanielle@example.net,Europe,Front-line encompassing leverage,Toys,7,0.3,523.34
f8673a5b-0dc5-47d9-b5bc-e0c0c9dfaf7c,2024-09-29 04:56:05.000000,Corey Rodriguez,jessicawong@example.net,Latin America,Reverse-engineered multi-state knowledge user,Home & Garden,3,0.3,819.07
2436c8de-c40c-4bde-8af9-19244f2c8cfd,2026-04-04 12:37:53.000000,David Alvarez,gibsonolivia@example.net,Middle East,Innovative eco-centric open architecture,Toys,8,0.0,1736.6
2a53dbd6-655f-4aa5-b56e-3fd6589a2b88,2025-07-13 17:45:34.000000,Edward Novak,adkinsbrian@example.net,Asia,Cross-platform fresh-thinking hierarchy,Toys,9,0.2,3070.08
334dd7aa-25c1-4899-a89a-92c5003742ae,2026-06-06 19:15:04.000000,Matthew Banks,sanderskevin@example.net,North America,Multi-lateral high-level open architecture,Toys,3,0.2,601.18
1493794a-4eba-42da-8d20-d6cf2c0cad5c,2024-12-11 08:51:25.000000,Jeremy Barnes,avaughn@example.net,North America,Cross-platform uniform flexibility,Toys,1,0.0,228.1
6fc1aaeb-340c-48c9-9b96-4db13c7686e5,2024-09-29 00:36:52.000000,Katrina Burns,thomas05@example.com,North America,Streamlined national conglomeration,Home & Garden,5,0.2,1768.02
af496395-2775-457e-bea6-ca65b960df1f,2025-09-25 08:13:23.000000,Andrew Greene,christinacraig@example.com,Asia,Expanded intangible standardization,Clothing,7,0.2,443.6
01440fa3-5fcf-4c27-868e-47b0d87db947,2025-07-26 18:07:14.000000,Melissa Castillo,aaronpowers@example.org,Asia,Organic zero-defect hierarchy,Electronics,2,0.2,726.73
788664f3-1993-4dfe-983f-097d28c9d68c,2025-09-21 01:20:19.000000,Paul Moreno,wilsonmichael@example.org,North America,Robust secondary infrastructure,Toys,7,0.1,1264.82
3665de1b-b2e3-4ad9-a4e0-4880afd13c73,2026-06-30 00:13:23.000000,Scott Hernandez,tanyafoster@example.org,Asia,Function-based grid-enabled adapter,Clothing,6,0.0,867.6
d4d32808-6054-451c-ab1e-ad7478e90ae9,2025-07-15 23:44:58.000000,James Elliott,millerroy@example.com,North America,Intuitive system-worthy access,Clothing,2,0.2,37.4
eabd37da-c357-4620-be24-5711b4cb1a42,2024-10-03 10:05:12.000000,Stephen Fox,mayokimberly@example.com,North America,Horizontal heuristic Graphic Interface,Electronics,4,0.0,308.09
c356dee2-517f-4316-a0e5-886663380b42,2026-07-17 10:20:12.000000,Cynthia Cochran,michelle96@example.org,North America,Down-sized scalable workforce,Home & Garden,8,0.1,2030.62
53bd99f9-c5f4-456a-a65e-c4dd222ec711,2026-06-18 12:06:43.000000,Kirk Thompson,wmatthews@example.com,North America,Synergistic demand-driven implementation,Clothing,10,0.0,4674.95
baf9aa9d-acbc-43ed-91dd-d3e6487f70f0,2026-05-29 19:47:13.000000,Katherine Cummings,umurray@example.com,Middle East,Robust secondary infrastructure,Toys,7,0.1,1251.07
88bbc5bb-64d3-4090-98d0-fc616cb2170b,2024-09-14 15:33:41.000000,Laura Odonnell,tsanders@example.org,Latin America,Synergistic demand-driven implementation,Clothing,6,0.0,2893.55
bd8cc32e-ab7d-49b2-bd01-d70658cc49bb,2025-10-19 11:36:36.000000,Daniel Velez,paul70@example.org,Middle East,Organized attitude-oriented implementation,Clothing,3,0.1,940.37
9bc81ea5-e2b5-474d-b8c0-f0c306e2ac94,2024-12-06 08:55:32.000000,John Shields,franciscojones@example.org,Asia,Optimized mission-critical moratorium,Home & Garden,7,0.2,1525.71
5cbe693e-5e7f-48d9-bc33-499fc4916b7f,2025-04-10 23:03:46.000000,Suzanne Rodriguez,dianekelly@example.net,Europe,Profound mobile time-frame,Clothing,8,0.0,1549.97
9c4e1662-0068-4d9c-92bf-bc31805f6a69,2025-10-29 09:07:25.000000,Lisa Morris,mbarnes@example.net,North America,Operative responsive pricing structure,Sports,9,0.2,287.96
13c7f140-ea22-4efd-a5ef-2c84c06e6481,2025-12-04 10:12:52.000000,Kara Hernandez,turnerdorothy@example.net,Latin America,Robust secondary infrastructure,Toys,2,0.2,302.46
301ed689-7ffc-43fe-a359-34433ae61863,2024-08-24 08:37:22.000000,Sean Osborne,lozanojulie@example.com,Middle East,Organic zero-defect hierarchy,Electronics,2,0.0,896.61
17c50a7c-6f76-4a77-8d4b-cdb2361352a0,2025-04-10 18:08:09.000000,Robert Garcia,nicole26@example.org,Middle East,Down-sized contextually-based adapter,Sports,3,0.0,821.1
6cfb6acc-2e0c-4488-a76f-7d3c62522f26,2024-11-15 01:55:13.000000,Jennifer Velasquez,bethwilliams@example.com,North America,Devolved responsive model,Sports,2,0.0,614.2
acdeafcd-6306-4765-8fa3-baf648f368ba,2026-04-19 21:27:28.000000,Robin Trujillo,amanda98@example.org,Europe,Organized contextually-based orchestration,Electronics,3,0.0,1138.97
f5611747-42d2-4c74-88ea-66717b0c036b,2025-06-13 13:31:38.000000,Donald Perez,xbruce@example.net,Asia,Cross-platform asymmetric leverage,Electronics,1,0.0,194.48
aeadd1dc-65f1-4e33-a9dd-f2292df4e387,2025-08-26 19:51:29.000000,Carol Lawson,stricklandfrank@example.com,Asia,Horizontal heuristic Graphic Interface,Electronics,5,0.1,346.21
ce65050b-7705-4c84-9b3f-0866d59042df,2024-09-23 04:18:43.000000,Jesse Clark,gbailey@example.com,North America,Multi-lateral contextually-based methodology,Sports,7,0.3,1253.43
19f5af3c-bb90-4dfe-afa1-ff1758a64190,2025-12-12 10:03:31.000000,Brian Leon,smithmaria@example.org,Europe,Re-engineered clear-thinking application,Clothing,4,0.1,1211.39
ce9205ae-cdb5-482a-a78b-941fdcca9a71,2024-07-30 11:39:46.000000,Tiffany Garcia,zhartman@example.net,Latin America,Profound mobile time-frame,Clothing,5,0.2,790.8
931e5f89-20f5-428d-91ab-ac77292fadf7,2025-08-18 18:23:44.000000,Anthony Anderson,dbryant@example.net,Latin America,Fundamental contextually-based neural-net,Electronics,10,0.2,1982.2
02f77979-7466-4319-afb1-44b5624d2ff7,2025-08-02 14:04:36.000000,Kelli Martinez,hinesjoshua@example.net,Asia,Profound mobile time-frame,Clothing,6,0.2,972.68
66d6089e-ab91-4501-b5bd-62cda76090e7,2025-06-14 02:57:08.000000,Elizabeth Wright,millereric@example.net,Europe,Organized contextually-based orchestration,Electronics,2,0.2,626.24
6ccb9163-4d8e-4d5e-8df4-73bbc577d3a5,2025-02-06 21:20:58.000000,Nicholas Mcbride,wrightjames@example.com,Latin America,Cross-platform uniform flexibility,Toys,1,0.1,223.34
9a87e44d-1daf-4374-a255-80efbdf7f8f0,2026-04-08 21:41:02.000000,Erin Anderson,lucasrodney@example.com,North America,Organized contextually-based orchestration,Electronics,3,0.2,962.84
80871ba9-7344-4407-a880-81f9cd6b4aa0,2025-05-06 13:44:58.000000,Gina Wilson,taylortammy@example.net,Europe,Operative responsive pricing structure,Sports,6,0.1,223.56
55c6b8d6-b647-4ba8-b93a-650cc7efd8e2,2026-05-07 16:13:17.000000,Sherry Baker,earmstrong@example.org,Middle East,Mandatory discrete functionalities,Toys,7,0.0,3248.9
1c968b9b-5d67-4515-b8c5-ef5c88f757fb,2026-03-23 02:27:53.000000,Kenneth Lewis,gwalker@example.com,Middle East,Front-line next generation Internet solution,Toys,7,0.2,749.01
881e40c6-6c8f-4833-bb11-6ab62dc86df8,2026-03-02 23:57:11.000000,John Torres,gbender@example.net,North America,Function-based methodical product,Clothing,8,0.0,3304.56
147b7a33-acba-40e2-9ecc-eaea622b3588,2024-11-14 19:12:10.000000,Kenneth Lewis,gwalker@example.com,Middle East,Reverse-engineered multi-state knowledge user,Home & Garden,7,0.3,1911.17
83d03e33-3296-44c0-8201-938b971444b7,2026-04-13 08:07:35.000000,Tammie Prince,morganlaura@example.com,Middle East,Multi-tiered dedicated circuit,Electronics,4,0.2,738.49
747a2ecd-df48-46fa-ba45-e0ff9d5130ae,2025-06-23 18:40:57.000000,Tracey Wagner,fortiz@example.com,Middle East,Organic zero-defect hierarchy,Electronics,9,0.2,3482.62
0a333eef-481e-47f3-b6fa-b8280c6d5a71,2024-10-23 09:39:54.000000,Timothy Johns,wsantos@example.com,Middle East,Front-line encompassing leverage,Toys,6,0.3,442.26
5dfa8933-75d2-4da9-bd57-d424de2e7abc,2024-08-28 21:13:11.000000,Amy Wilson,erik84@example.net,North America,Team-oriented cohesive approach,Sports,1,0.3,163.66
5e8a35cb-afb7-49ba-996d-9303e3a060f1,2025-02-01 23:29:40.000000,Marilyn Mack,russellbeasley@example.com,Asia,Decentralized tangible model,Clothing,5,0.0,1944.96
4bd01f7a-accc-4e70-9663-e4906cfad76f,2026-03-08 14:35:56.000000,Jason Stein,gateskathy@example.com,North America,Reverse-engineered multi-state knowledge user,Home & Garden,1,0.1,333.7
44698c04-8af1-40cb-8606-15bfd1b51519,2024-12-06 19:31:00.000000,Joseph Romero,myerstheodore@example.net,North America,,,2,0.1,0.0
047c1fe5-6ac4-45a5-9b5c-d6c54b11c181,2025-07-03 00:10:52.000000,Joshua Li,mariacohen@example.net,Europe,Business-focused 4thgeneration throughput,Sports,5,0.0,1751.04
095f6d43-bb5e-44d6-9b74-5fdd1c974694,2025-09-06 15:20:42.000000,Jason Marshall,catherine55@example.net,North America,,,1,0.3,0.0
2cdc1cc0-3fa6-4025-a56e-5170bd1a2704,2024-09-24 06:31:44.000000,Gail Barron,matthewvalenzuela@example.com,Europe,Cross-platform fresh-thinking hierarchy,Toys,3,0.2,1074.53
ba0ebd56-2045-4dbd-9835-e89b88f4ca54,2024-11-10 08:08:50.000000,Jennifer Hayes,bhamilton@example.com,Middle East,Advanced context-sensitive instruction set,Toys,10,0.2,2263.5
e489149f-6e5c-4ae7-be52-c22ca2070bf3,2025-02-19 08:29:27.000000,Luke Estrada,bhopkins@example.org,Middle East,Synergistic demand-driven implementation,Clothing,9,0.1,3986.01
b061c6ff-7541-42e8-b8cb-57ff586b3c22,2025-11-12 09:59:26.000000,Martha Wright,colemichael@example.org,Middle East,User-centric coherent leverage,Sports,9,0.1,2791.19
e7510ccf-d358-45d7-ab34-d8de3e7d623e,2026-04-30 11:46:46.000000,David Douglas Jr.,osbornejeffery@example.net,Asia,Synergized zero-defect conglomeration,Clothing,3,0.1,917.19
8607f228-d20b-48cf-bb91-6d1ceea90156,2025-10-05 23:59:00.000000,Maria Burke,walkercharlene@example.com,Middle East,Team-oriented cohesive approach,Sports,3,0.1,622.35
539b4d73-1397-4f7e-8a67-7292755afc3d,2025-05-06 13:11:26.000000,Alyssa Lee,marywright@example.com,Europe,Reverse-engineered multi-state knowledge user,Home & Garden,9,0.2,2832.62
fa126797-9bfe-470a-a591-6ffa09cd33a6,2026-02-03 04:34:55.000000,Brandy Myers,susan24@example.net,Latin America,Function-based methodical product,Clothing,8,0.2,2765.04
19e32dbe-e1cd-4b70-8ffe-7547a347cf55,2025-05-13 15:09:22.000000,Mary Steele,whitejacqueline@example.com,Asia,Re-engineered clear-thinking application,Clothing,9,0.2,2366.21
1429ef31-b9b3-40ee-baf2-be80833bde78,2025-04-09 08:19:19.000000,Brian Leon,smithmaria@example.org,Europe,Fundamental contextually-based neural-net,Electronics,3,0.1,622.64
4d4ef3fa-bfcf-4645-a301-767aed6cbe79,2025-06-14 04:18:37.000000,Melinda Compton,dennismccann@example.com,North America,Multi-tiered dedicated circuit,Electronics,1,0.3,168.26
f34ab83d-2f16-4f3d-85ba-ec786696dea0,2026-02-21 00:31:42.000000,Allison Weaver,tapiaaaron@example.net,Europe,Re-contextualized actuating infrastructure,Clothing,4,0.2,1198.08
be209925-a724-47a6-b8ba-61b841c17233,2026-06-06 18:42:13.000000,Timothy Johns,wsantos@example.com,Middle East,Upgradable disintermediate protocol,Toys,8,0.0,3054.44
6ef59d48-e98f-4c8a-963c-04c0144be8bc,2024-10-19 10:06:33.000000,Susan Wilson,jane39@example.com,Europe,Decentralized grid-enabled service-desk,Electronics,9,0.1,2945.12
42cf4e6d-9226-4ecf-b10f-8eb5cb2c4e21,2025-03-13 11:51:57.000000,Victor Brown,daniellegonzales@example.org,Asia,Multi-lateral high-level open architecture,Toys,9,0.3,1603.15
daafb63a-8a06-4bf5-8398-18fc9d96bf5e,2026-03-29 11:51:35.000000,Brandy Myers,susan24@example.net,Latin America,,,5,0.2,0.0
0c8033f0-cc88-4185-b1ba-d5eb3e668eb8,2025-05-07 16:03:13.000000,Michael Smith,michaeljones@example.net,Latin America,Advanced context-sensitive instruction set,Toys,7,0.2,1626.7
c2be7bac-3717-444b-b911-2e2292c62630,2026-07-17 14:21:38.000000,Lauren Bender,icraig@example.com,Latin America,Intuitive system-worthy access,Clothing,2,0.0,43.12
b0595815-bf32-4bc5-8658-6cb26fdbab51,2026-03-17 12:30:46.000000,Karen Strickland,hayesjeffrey@example.net,Latin America,Intuitive system-worthy access,Clothing,3,0.2,54.78
abe377f3-8066-4038-86df-e43f2f8aeb01,2024-08-25 12:28:40.000000,Kyle Reed,samuel81@example.com,North America,Expanded composite infrastructure,Home & Garden,5,0.2,927.94
2e671517-e8e5-4412-a60f-475f9ac88b74,2025-12-29 18:30:00.000000,Corey Fox,joseph61@example.com,North America,Re-engineered clear-thinking application,Clothing,7,0.2,1863.68
683d21a9-014b-469c-85ce-514948f006a3,2024-12-28 21:04:59.000000,Patricia Banks,cwood@example.net,Europe,User-friendly tangible synergy,Clothing,3,0.1,642.94
a83f18e2-6a11-415a-8834-777604cac3d1,2024-10-29 18:48:47.000000,Jeffrey Hawkins,fgarcia@example.com,North America,Reverse-engineered multi-state knowledge user,Home & Garden,9,0.2,2696.11
995d455b-7662-4c4e-845d-9a8746573d38,2026-03-26 19:15:46.000000,Nancy Brown,aprilhoffman@example.net,Middle East,Re-engineered clear-thinking application,Clothing,10,0.1,3128.32
18deabfe-5172-44f0-a285-f766f9d46d34,2025-01-08 21:33:16.000000,Richard Love,shermanbrandon@example.net,Latin America,Expanded composite infrastructure,Home & Garden,1,0.2,176.64
53199080-b581-44e0-84a0-6d55398e1dc0,2025-01-08 16:35:47.000000,Trevor Jones,pamelamartin@example.org,Middle East,Organized attitude-oriented implementation,Clothing,6,0.1,1987.6
ba68f429-49af-4000-9c83-cfae10501d65,2026-01-25 01:03:01.000000,Samantha Robertson,cameronmckinney@example.com,North America,Organic zero-defect hierarchy,Electronics,9,0.2,3355.21
96818aed-75ec-4661-93b4-a1d19bfc24bd,2025-06-12 19:24:21.000000,Jeffrey Henderson,dshields@example.net,Middle East,Open-architected asynchronous artificial intelligence,Other,8,0.3,1140.54
8a9cfc8d-5429-479b-9861-0b0ba280760f,2025-05-19 04:00:14.000000,Matthew Adams,gallagherstacie@example.net,North America,Cross-platform asymmetric leverage,Electronics,9,0.3,1317.28
03379b0b-8ec2-4e07-ae0c-230379c11c4a,2025-04-13 08:50:48.000000,Olivia Harris,sarakim@example.net,North America,Decentralized tangible model,Clothing,6,0.2,1823.4
d297cb66-58ab-466f-91d4-1c6a57314c46,2025-07-01 03:40:57.000000,Jeffrey Hawkins,fgarcia@example.com,North America,Innovative eco-centric open architecture,Toys,1,0.1,198.8
2b85ffb7-b29e-4126-8840-e78a35ec5514,2025-12-25 17:08:57.000000,Richard Glenn,joshua56@example.com,Middle East,Reverse-engineered multi-state knowledge user,Home & Garden,4,0.2,1137.6
08429e20-6726-45b4-8175-11f463db0dea,2025-12-16 04:05:40.000000,Kristina Young,heather06@example.com,North America,Business-focused 4thgeneration throughput,Sports,2,0.1,663.94
141fb001-f7bc-4c14-9241-9671da2fc99b,2025-11-23 09:38:02.000000,Katherine Cummings,umurray@example.com,Middle East,User-centric coherent leverage,Sports,5,0.1,1584.37
87935334-fc20-494e-bf7d-a45e35221344,2025-05-03 18:00:34.000000,Christopher Mullen,johnsjessica@example.com,Asia,Advanced context-sensitive instruction set,Toys,9,0.2,2037.15
50b9ff30-c038-42d0-8ab4-ea294dd516c8,2025-07-06 16:20:12.000000,Joseph Martinez,calebsmith@example.net,North America,Decentralized grid-enabled service-desk,Electronics,10,0.2,2697.0
27e9184f-0791-4b35-b7a6-3918acac1f3b,2025-11-18 08:04:00.000000,Dean Santiago,john62@example.net,Latin America,Innovative eco-centric open architecture,Toys,1,0.2,187.37
5a042fb0-9fcf-4711-aaaf-196695be6c8a,2025-10-02 18:08:24.000000,Joseph Romero,myerstheodore@example.net,North America,Advanced context-sensitive instruction set,Toys,6,0.0,1756.48
c3d31e5c-feee-4138-aa57-31f76e78cd59,2024-08-08 04:08:42.000000,Travis Johnson,erikarush@example.com,Europe,User-friendly tangible synergy,Clothing,3,0.1,657.89
8e72d17c-48ac-4cf8-b92d-edcdc05afd94,2026-02-18 21:55:00.000000,Monica Herrera,smiller@example.net,Europe,Synergistic demand-driven implementation,Clothing,7,0.2,2928.0
6012a24e-3c16-4418-bd5b-af207da23e1b,2026-07-06 11:45:08.000000,Kyle Reed,samuel81@example.com,North America,Profound mobile time-frame,Clothing,9,0.3,1298.89
9b6c5494-60e0-4673-a1b6-eb84899fad03,2026-05-11 22:44:42.000000,Taylor Griffith,david86@example.com,Latin America,Cross-platform fresh-thinking hierarchy,Toys,8,0.0,3411.2
37e2dc86-654f-4a31-98d3-ab671f9d4db1,2025-01-01 02:47:44.000000,Mark Carpenter,kennedyjames@example.org,Europe,Organic zero-defect hierarchy,Electronics,5,0.1,2194.34
4a12c64f-921c-4875-9c52-6dd1fdfc4a9d,2024-12-06 17:32:43.000000,Timothy Flores,vewing@example.com,Europe,Re-contextualized actuating infrastructure,Clothing,5,0.1,1666.08
c70bdb6e-c451-4562-a8bb-ecfbdd69a596,2026-02-11 11:07:18.000000,Manuel Mccullough,todd59@example.net,Latin America,Expanded intangible standardization,Clothing,9,0.2,562.93
6894844f-8cd1-492d-a6af-9249fa98f602,2025-04-20 09:59:47.000000,Christian Lewis,irussell@example.com,North America,Function-based grid-enabled adapter,Clothing,8,0.0,1098.96
e6847984-6b0d-481d-b7be-a260c053f253,2025-10-29 10:35:03.000000,Susan Wilson,jane39@example.com,Europe,Expanded composite infrastructure,Home & Garden,7,0.0,1565.2
5cf90400-c53f-477f-91c4-6d6e4764a956,2025-11-22 12:58:18.000000,Alexandra Baxter,davidsmith@example.net,Middle East,Upgradable disintermediate protocol,Toys,4,0.0,1559.37
afd50018-e27f-4dc7-aa0b-46ea1b0b249d,2025-11-24 18:02:32.000000,Justin Riley,michelle52@example.com,Middle East,Profit-focused grid-enabled infrastructure,Toys,3,0.1,459.89
809709fa-5159-4574-a2de-d1dec30240d5,2025-09-10 00:35:37.000000,Denise Colon,hreid@example.net,Middle East,Up-sized foreground toolset,Toys,1,0.0,208.14
dbeb21e2-39a0-4a0b-a465-79458852787c,2025-05-30 18:15:12.000000,Michael Berger,nguyenbrian@example.com,Middle East,Exclusive object-oriented orchestration,Other,5,0.0,686.88
4949ded7-76c3-4071-81bf-7df87ead63bc,2026-04-23 16:07:06.000000,Luke Estrada,bhopkins@example.org,Middle East,Horizontal maximized product,Electronics,8,0.2,1296.86
ec8566f0-282f-4aa6-b30f-8b28ecaf549e,2026-05-30 08:03:17.000000,Jacob James,seanbaker@example.com,Asia,Fundamental contextually-based neural-net,Electronics,6,0.2,1077.38
00dab7f8-49d5-482c-a669-f6792d78f04b,2025-09-07 17:23:25.000000,James Chapman,cameronwilliams@example.com,Middle East,Function-based methodical product,Clothing,9,0.2,2958.93
76ca1cbe-c34f-43a9-9584-9e58d4721e33,2025-12-12 16:03:41.000000,Alyssa Lee,marywright@example.com,Europe,Team-oriented cohesive approach,Sports,3,0.0,670.76
192bb3bc-e843-4f65-aef0-244b2c19ee3d,2025-05-14 18:00:27.000000,Christian Lewis,irussell@example.com,North America,Optimized mission-critical moratorium,Home & Garden,3,0.0,748.41
f96846e7-6b08-484b-a731-d6f394853923,2025-06-10 20:53:31.000000,Thomas Cohen,rachel90@example.org,Latin America,Re-engineered clear-thinking application,Clothing,4,0.0,1304.58
076f3b07-a2ec-477a-b05a-1bef690903c4,2025-11-13 16:27:58.000000,Mitchell Griffith,kingjames@example.org,Europe,Up-sized foreground toolset,Toys,7,0.3,1088.93
9211d6cc-997d-4ca9-949c-0766ffb88ef4,2026-02-09 16:00:35.000000,Charles Gonzalez,kathleenrios@example.org,Asia,Streamlined national conglomeration,Home & Garden,2,0.2,689.3
533487f7-05d8-4c95-b20b-919968a57ee7,2025-11-06 15:30:39.000000,Marilyn Mack,russellbeasley@example.com,Asia,Mandatory discrete functionalities,Toys,3,0.2,1108.22
a02072d9-91be-4c2a-aa9d-0c6a3ffc1e13,2025-07-22 12:53:16.000000,Phillip Bennett,molly39@example.com,Latin America,Cross-platform uniform flexibility,Toys,5,0.2,914.76
5ecbb693-f3ac-4f5e-9749-939daf326af5,2024-08-07 15:18:15.000000,Paul Moreno,wilsonmichael@example.org,North America,Front-line next generation Internet solution,Toys,4,0.2,422.72
ca359116-e22d-4fbb-99f1-9675be32fa85,2025-12-11 01:23:19.000000,Rachel Bradley,gregorychase@example.com,Latin America,Multi-layered high-level initiative,Electronics,8,0.2,2827.57
dd0a4a6e-82e6-414d-8d53-a19063abbef5,2024-12-17 22:09:04.000000,James Howard,huffmannichole@example.net,North America,Synergistic demand-driven implementation,Clothing,9,0.2,3631.7
753057b9-2950-46e5-a9c7-eb29d9add9e0,2025-05-03 15:38:22.000000,Patrick Thornton,qhughes@example.net,Latin America,Operative responsive pricing structure,Sports,3,0.1,112.99
2cdaa0b2-3d43-44fe-9fe9-1357b91a7793,2025-07-22 17:38:52.000000,Sandra Zimmerman,hthompson@example.net,Asia,Function-based methodical product,Clothing,1,0.1,387.78
33252134-ebdf-4eb4-b679-9210efe87716,2025-03-28 15:47:49.000000,Jennifer Pena,charlesharrington@example.com,Asia,Front-line encompassing leverage,Toys,7,0.0,729.73
e4fa6417-1097-42a4-8b00-dcfc21f55aa5,2024-08-13 23:36:31.000000,Joseph Knight,georgemiller@example.com,Middle East,Intuitive system-worthy access,Clothing,1,0.1,19.58
758daaee-760f-4d95-93dd-bda134fe6da8,2025-01-27 07:47:18.000000,Jeffrey Colon,kevinmorrison@example.net,Latin America,Advanced context-sensitive instruction set,Toys,4,0.1,1122.7
fd5dda42-7193-4177-9a6e-868daf051197,2025-01-24 20:49:11.000000,Corey Rodriguez,jessicawong@example.net,Latin America,Exclusive object-oriented orchestration,Other,1,0.2,121.63
761eb7e3-f909-446c-ad47-de92cbf80a9f,2025-08-13 12:27:51.000000,Stephanie Meyer,stephen19@example.org,Asia,Synergized zero-defect conglomeration,Clothing,5,0.0,1647.54
9aa03078-cdbe-4de6-9c74-cdfda4316e6c,2026-05-02 18:54:44.000000,Jason Andrews,teresaday@example.com,Middle East,Multi-tiered dedicated circuit,Electronics,6,0.2,1107.74
e8ac4518-eb8f-44d8-9f40-fe0454cd67b4,2024-11-21 16:43:34.000000,Marilyn Mack,russellbeasley@example.com,Asia,Devolved responsive model,Sports,1,0.0,294.69
f664b2b9-b8d8-4619-b653-8a693eaf5f08,2024-09-13 05:44:10.000000,Donald Walker,rhodespatricia@example.org,North America,Synergized zero-defect conglomeration,Clothing,1,0.1,319.32
ae991937-0846-4aa4-bfa4-cfdd01c31adc,2025-12-28 17:35:51.000000,Chelsea Gill,timothybooth@example.com,Europe,Multi-tiered dedicated circuit,Electronics,10,0.0,2266.89
fedb5a32-850f-4bdc-9df7-d26368065678,2025-07-21 05:07:01.000000,Edwin Matthews,cgrimes@example.net,Latin America,Front-line next generation Internet solution,Toys,8,0.1,940.55
b74a3db6-e223-4fc0-8291-46caf5239f95,2025-09-11 08:33:09.000000,Tamara Richard,brian29@example.net,North America,Horizontal maximized product,Electronics,3,0.1,575.91
9b62d6d2-c6cf-47bf-b73e-54c31ef8aca7,2025-12-05 14:24:05.000000,Alyssa Lee,marywright@example.com,Europe,Re-contextualized actuating infrastructure,Clothing,10,0.2,3144.96
061285a7-b6fa-49b9-88bf-6b11fd3cc9e3,2025-06-26 14:24:29.000000,Marcus Winters,megan90@example.org,Europe,Cross-platform uniform flexibility,Toys,5,0.1,1116.72
0f4e2726-b9dd-478e-93e7-acd97b163453,2025-03-05 13:00:33.000000,Christopher Ferrell,tjimenez@example.com,Europe,Intuitive system-worthy access,Clothing,2,0.0,42.24
d2834904-d40b-49dc-a5fd-5412cfc91b52,2026-02-04 05:34:03.000000,Denise Colon,hreid@example.net,Middle East,Open-architected asynchronous artificial intelligence,Other,2,0.0,397.58
a64e2384-a117-4864-82f5-9390ed696cb3,2025-06-27 18:49:49.000000,Jennifer Velasquez,bethwilliams@example.com,North America,Synergistic demand-driven implementation,Clothing,2,0.3,708.62
d3422e50-c208-4227-8333-240ad8d99ad8,2025-10-14 08:15:38.000000,Deanna Barnes MD,aguilarwanda@example.org,Asia,Multi-layered high-level initiative,Electronics,9,0.2,3140.75
b8d49cf2-1c9d-4bd3-8aa7-8357c0ea7a67,2024-11-29 05:18:10.000000,Nicholas Mcbride,wrightjames@example.com,Latin America,Fundamental contextually-based neural-net,Electronics,4,0.1,811.54
56ff66fd-a812-4f1b-a9b3-5bf25dd09e34,2024-11-08 05:55:24.000000,Kara Wilson,qruiz@example.com,Latin America,Front-line next generation Internet solution,Toys,9,0.3,844.12
7b8b1581-cba9-4e23-be39-bf9be9b8b3ea,2024-12-31 04:02:59.000000,Ian Frazier,natalie77@example.com,Middle East,Re-contextualized actuating infrastructure,Clothing,8,0.2,2426.11
a45c7178-547c-4030-98dd-3aea43b6c6ef,2026-01-10 19:35:11.000000,Garrett Gibson,kathleen64@example.com,Europe,Multi-lateral high-level open architecture,Toys,2,0.1,425.53
b58674b5-e631-49ee-b54f-595f12f638e6,2025-08-06 19:26:24.000000,Jeffrey Colon,kevinmorrison@example.net,Latin America,Horizontal heuristic Graphic Interface,Electronics,1,0.0,73.91
428f54aa-c1c9-4ab6-bea6-85f6c0a40088,2025-04-12 23:22:49.000000,Shannon Johnston,amckinney@example.com,Middle East,Down-sized contextually-based adapter,Sports,3,0.1,747.2
54a6368b-71d6-4744-b06f-06814b9842c5,2026-03-24 13:29:46.000000,Angie Hill,zgomez@example.com,Europe,Down-sized scalable workforce,Home & Garden,1,0.2,209.68
91779972-4207-491e-b316-7953734bda19,2025-02-19 19:43:36.000000,Cynthia Haas,daisymccarty@example.net,Europe,Multi-layered high-level initiative,Electronics,7,0.2,2662.03
23d86a4f-c2e6-4c05-8926-8f85982c7129,2024-11-12 23:08:55.000000,Eric King,jennifermccormick@example.org,Europe,Horizontal heuristic Graphic Interface,Electronics,2,0.0,147.82
3894de06-06a4-493b-89d6-93b1859353fa,2026-06-04 15:21:03.000000,Maria Burke,walkercharlene@example.com,Middle East,Horizontal heuristic Graphic Interface,Electronics,7,0.2,452.02
b6bbcd58-5cdb-4eda-9044-1ec65ef0195e,2025-03-04 04:29:04.000000,Kelly Lee,charles87@example.net,North America,Function-based methodical product,Clothing,10,0.1,3877.8
2886825e-b741-42a5-b1dd-e1f64e8172da,2025-10-04 21:21:25.000000,Edwin Matthews,cgrimes@example.net,Latin America,Re-engineered clear-thinking application,Clothing,3,0.2,828.67
b68c55b2-79ac-446d-8e03-87ada246ea52,2025-06-27 15:24:37.000000,Matthew Banks,sanderskevin@example.net,North America,Down-sized contextually-based adapter,Sports,1,0.3,202.54
be654bf9-2789-46c9-8b7d-3b08ac5bfe79,2026-04-07 09:46:21.000000,Kara Hernandez,turnerdorothy@example.net,Latin America,Horizontal heuristic Graphic Interface,Electronics,8,0.2,529.04
a302db2f-41de-4a4c-a25c-ade5dbf11941,2025-01-14 00:28:55.000000,Megan Richards,daniel37@example.org,Latin America,User-centric coherent leverage,Sports,5,0.2,1398.96
954e95fb-362f-4bc2-99d5-d66c072b50ed,2025-03-13 07:18:06.000000,Donna Landry,gibsonleonard@example.com,Latin America,,,1,0.2,0.0
42696d14-0316-4de5-9590-690125fb2421,2025-04-29 20:14:59.000000,Sara Haas,wagnergerald@example.org,Asia,Profit-focused grid-enabled infrastructure,Toys,3,0.3,376.27
dec78f9e-bed6-4914-8233-0e6eb89c96e9,2025-08-26 09:58:01.000000,Kevin Warren,vharrell@example.com,Middle East,Fundamental contextually-based neural-net,Electronics,5,0.3,862.84
e666a9b4-9e53-44dc-ba1a-fd6767e56f19,2024-11-30 08:27:24.000000,Edward Novak,adkinsbrian@example.net,Asia,Robust secondary infrastructure,Toys,4,0.3,549.92
27e78bba-a4d3-4418-981e-60eff8ef6c71,2026-08-20 11:18:07.961183,Connor King,courtneyberger@example.net,Latin America,Organized attitude-oriented implementation,Clothing,2,0.0,712.4
85f970f7-5075-47d1-8047-c7e1da44ae00,2025-05-07 18:24:22.000000,William Gould,lambertrichard@example.net,Middle East,,,10,0.3,0.0
7c39115f-ed13-4ac8-9d8b-6c6960c336eb,2025-12-06 14:23:45.000000,Taylor Carlson,chenbailey@example.net,North America,Intuitive system-worthy access,Clothing,9,0.1,182.16
03a4bf4b-613f-40db-a5aa-8c5a7be75206,2025-12-22 10:05:19.000000,Dean Santiago,john62@example.net,Latin America,,,1,0.2,0.0
398e2497-57a5-4d1a-9093-a05bf26b3379,2025-03-18 05:42:22.000000,Megan Richards,daniel37@example.org,Latin America,User-friendly tangible synergy,Clothing,5,0.0,1183.7
473fb005-266c-4392-b96c-613534d88c51,2025-11-05 17:40:36.000000,Mr. Nicolas Salas II,maryhuff@example.com,Europe,Optimized mission-critical moratorium,Home & Garden,9,0.2,1890.72
1e9d8b00-ca0d-408e-ba90-2275c72bf2e8,2025-12-07 20:35:52.000000,Jaime Lang,stucker@example.net,Latin America,Business-focused 4thgeneration throughput,Sports,10,0.0,3538.56
75961b93-7fb0-47b6-9b43-ae1a326acdea,2025-10-06 06:18:58.000000,Kirk Thompson,wmatthews@example.com,North America,Down-sized contextually-based adapter,Sports,7,0.3,1379.45
031f9724-e803-48e2-a37d-afcae9a6df13,2026-05-04 10:05:26.000000,Donald Perez,xbruce@example.net,Asia,,,10,0.2,0.0
c8786b08-d1a3-4332-9882-ce3cbf0aabdf,2026-03-24 19:18:08.000000,John Allen,brent38@example.net,Latin America,Function-based grid-enabled adapter,Clothing,4,0.1,520.56
6603854f-0868-4cbf-aa0b-e6875d124a22,2025-11-19 12:45:43.000000,Maria Harper,williamsmatthew@example.org,Latin America,User-friendly tangible synergy,Clothing,7,0.1,1552.52
81e60c4c-545b-49ba-b3b8-1fe4194d9447,2024-09-11 04:26:18.000000,Kimberly Lutz,jvaldez@example.com,Asia,Exclusive object-oriented orchestration,Other,2,0.2,243.27
88e5a13a-f62f-497d-8da4-0d27457f4a84,2026-05-09 13:39:16.000000,Scott Brown,jim95@example.net,Europe,Expanded intangible standardization,Clothing,3,0.1,232.09
1456a858-df63-4cb2-89a8-9d04bdc313b8,2026-04-01 18:02:52.000000,Joseph Hill,andre62@example.org,North America,User-friendly tangible synergy,Clothing,3,0.2,605.56
85dff8e2-9113-4499-b256-87c20e545d51,2025-01-29 14:18:50.000000,Jennifer Robinson,williamdavis@example.org,Latin America,Advanced context-sensitive instruction set,Toys,3,0.3,660.94
bd4ba9cd-cc19-40ac-818d-f0733ea426b8,2024-12-09 21:16:14.000000,John Allen,brent38@example.net,Latin America,Function-based methodical product,Clothing,10,0.1,3962.1
74c0bea3-b7a6-4ca5-b08c-147d3a747c44,2024-12-05 19:19:46.000000,Daniel Velez,paul70@example.org,Middle East,Robust secondary infrastructure,Toys,7,0.0,1333.56
440910e2-9bf0-42e7-bab8-7bb60a4cb231,2025-09-22 17:21:14.000000,Vincent Novak,jessica79@example.org,Middle East,Fundamental contextually-based neural-net,Electronics,1,0.2,191.22
30a4c4b0-be3c-4c84-9763-50f54708b42e,2026-02-10 14:10:44.000000,Jason Marshall,catherine55@example.net,North America,Team-oriented cohesive approach,Sports,1,0.0,223.58
e7f8daa8-104c-4b6e-aadf-1b58d4a84169,2026-06-22 11:24:44.000000,Mark Diaz,michael41@example.net,North America,Cross-platform asymmetric leverage,Electronics,1,0.0,192.48
c2fd7e2d-95ee-4403-be72-e4023a4317a1,2025-10-15 11:26:53.000000,David Garcia,perezwilliam@example.org,Latin America,Open-architected asynchronous artificial intelligence,Other,1,0.2,152.61
89747baf-1928-4cfc-b6da-7bc37a2f2c57,2026-06-05 18:45:21.000000,Monica Herrera,smiller@example.net,Europe,Synergistic demand-driven implementation,Clothing,9,0.2,3454.54
ca3e7f3a-51a0-433c-8d13-c33bc80aa7cf,2025-11-25 08:38:26.000000,Richard Glenn,joshua56@example.com,Middle East,Upgradable disintermediate protocol,Toys,2,0.1,755.57
1dcccf24-7a71-4e7b-b248-f69912b3b3eb,2025-06-29 05:21:32.000000,Justin Walker,allentran@example.net,North America,Cross-platform asymmetric leverage,Electronics,10,0.3,1463.65
199177b9-3288-4f78-b9dd-7b951558cc6d,2025-09-15 06:16:11.000000,Mr. Martin Hernandez,smithsarah@example.net,Europe,Multi-lateral contextually-based methodology,Sports,5,0.1,1134.9
7cbb2627-9929-47c7-b709-d7d396e15645,2025-03-10 23:27:34.000000,Marc Lynch,mezajared@example.org,Asia,Cross-platform uniform flexibility,Toys,1,0.2,199.58
6e047758-94eb-4ddd-8275-4eca91bf903d,2026-05-20 20:34:41.000000,Jennifer Lewis,reeddaniel@example.net,Europe,,,9,0.0,0.0
e2f2cf57-b850-4440-9c8c-d498e7ad595b,2025-06-29 19:13:24.000000,Randall Greene,jennifer11@example.net,Europe,Profit-focused grid-enabled infrastructure,Toys,2,0.2,292.66
96c49c44-31de-44f6-a483-39f7c7036a4c,2026-04-07 20:20:46.000000,Stephanie Salazar,jrivas@example.com,Asia,Horizontal heuristic Graphic Interface,Electronics,7,0.0,522.82
74cd173b-c16b-44e1-9d4a-305fa28af08d,2024-07-21 09:00:42.000000,James Matthews,blacknicholas@example.org,North America,,,1,0.1,0.0
99f2587c-683c-4806-812a-dc5540728ad4,2025-02-16 06:48:03.000000,Kathy Levy,brandywilliams@example.com,Middle East,Front-line encompassing leverage,Toys,6,0.2,505.44
5421b62c-2d31-417c-a191-9e127e1b5edf,2025-08-19 00:24:30.000000,Michael Paul,umatthews@example.org,North America,Reverse-engineered multi-state knowledge user,Home & Garden,7,0.2,2096.98
f3914a36-48a4-46ae-83a2-a06f7bb8373c,2025-12-04 04:39:58.000000,Kristy Hernandez,millermaurice@example.net,North America,Cross-platform fresh-thinking hierarchy,Toys,8,0.0,3240.64
883d9b03-de04-4086-83a2-9acd4cb50736,2025-01-30 09:53:18.000000,Jason Stein,gateskathy@example.com,North America,,,2,0.3,0.0
8faf04ba-ad87-46e1-8679-4c1e575519cd,2025-08-15 17:32:33.000000,Charles Gonzalez,kathleenrios@example.org,Asia,Innovative eco-centric open architecture,Toys,2,0.2,374.74
1c894d39-70a6-45fc-a03c-67ff4f0dc7bc,2026-02-28 16:03:21.000000,Garrett Gibson,kathleen64@example.com,Europe,Re-contextualized actuating infrastructure,Clothing,2,0.3,546.62
01ab1df1-7cd2-4263-aea3-5df6f2193325,2025-03-25 22:14:30.000000,Emily Taylor,deanna38@example.net,Asia,Front-line encompassing leverage,Toys,3,0.1,274.83
78731a4e-8271-4bba-b96f-4a1be4b3b66b,2025-08-10 01:56:19.000000,Amy Parsons,mjohnson@example.org,Europe,Open-architected asynchronous artificial intelligence,Other,3,0.2,481.92
ece027bb-1835-4b4b-8dfc-f384ac482af2,2026-05-21 13:11:01.000000,Eric Hill,bellcharles@example.com,Middle East,Innovative eco-centric open architecture,Toys,2,0.1,420.44
afdc8a51-a34c-4c78-97a9-9ae771757228,2025-09-12 07:49:44.000000,Shannon Davis,hallrachel@example.net,Latin America,Organic zero-defect hierarchy,Electronics,6,0.3,2038.61
c75ee63d-318f-4980-aec2-85a6d29323e2,2026-08-20 11:18:07.961183,Ashley Jenkins,browndiana@example.org,Latin America,Upgradable disintermediate protocol,Toys,2,0.2,610.89
4ea4ae73-3695-4a61-bb57-6da7c34a4fa6,2025-08-14 17:37:58.000000,Joshua Davis,nicolealvarado@example.com,North America,Front-line encompassing leverage,Toys,3,0.1,284.31
87c84346-c434-4281-91ec-8f304e2da257,2025-07-22 12:10:53.000000,Kelly Lee,charles87@example.net,North America,Function-based grid-enabled adapter,Clothing,8,0.2,879.17
ed7403c6-4cd0-432e-af4b-88ff1a58c6ae,2025-11-06 10:10:58.000000,Elizabeth Price,vmedina@example.net,Europe,Down-sized scalable workforce,Home & Garden,7,0.3,1371.22
2793b627-ac00-4d5e-922d-9ba635d5b119,2025-03-29 11:12:25.000000,Kevin Warren,vharrell@example.com,Middle East,Front-line encompassing leverage,Toys,2,0.1,189.54
656ffbd8-c432-4e78-b120-9ff4280906a9,2026-03-23 08:21:47.000000,Raymond Jefferson,hoganashlee@example.org,Asia,Expanded intangible standardization,Clothing,7,0.1,512.73
9c310930-286e-4693-9a34-16532bf998ad,2025-12-17 15:22:07.000000,Wanda Perez,valdezmichele@example.org,Europe,Multi-lateral high-level open architecture,Toys,8,0.2,1563.57
84372286-f4ea-4fa5-935f-d8d22839d888,2025-07-23 23:35:30.000000,Dwayne Klein,sandra47@example.org,Europe,Open-architected asynchronous artificial intelligence,Other,6,0.0,1156.61
6aba8f0c-c9eb-4e3c-9860-f848a74b2973,2026-03-18 15:28:01.000000,Laura Schroeder MD,melissahopkins@example.net,Asia,Robust secondary infrastructure,Toys,1,0.1,174.8
eeced5b3-3a8d-4127-84f6-4befb9f9d376,2025-02-10 03:45:43.000000,Matthew Foster,shannonjordan@example.org,North America,Streamlined national conglomeration,Home & Garden,9,0.2,3383.86
d59dcbfa-db32-4207-af30-3fd078d3ca66,2025-03-13 19:38:02.000000,Eric King,jennifermccormick@example.org,Europe,Organized attitude-oriented implementation,Clothing,4,0.1,1253.82
556ed0d1-4e65-4eee-a51d-d64e5eec2af4,2026-02-05 10:37:53.000000,Kenneth Adams MD,yjones@example.org,Middle East,Upgradable disintermediate protocol,Toys,7,0.2,2363.17
50ba8edd-bec6-473b-9448-80695a9b63f8,2025-07-05 06:56:39.000000,Jennifer Sanford,ismith@example.org,Middle East,Down-sized contextually-based adapter,Sports,4,0.2,864.89
64bf2e8c-9033-49b4-ace0-52ef4eda31cc,2026-03-05 09:27:06.000000,William Huerta,lauren10@example.org,North America,Re-contextualized actuating infrastructure,Clothing,1,0.1,351.94
f0a30219-c321-4788-8173-c12e6ac89d70,2025-05-30 20:23:59.000000,Kristina Young,heather06@example.com,North America,Optimized mission-critical moratorium,Home & Garden,6,0.2,1307.75
74f6b97e-f998-4aa1-a3d2-789dce2cc739,2026-03-08 18:36:15.000000,Brenda Lawson,ejohnson@example.org,Latin America,Re-contextualized actuating infrastructure,Clothing,3,0.1,1022.11
418495a4-b777-4cb9-a97c-696b356766ec,2025-03-06 23:11:39.000000,Ronald Brandt,amy51@example.org,North America,,,1,0.2,0.0
52647c6f-060f-43b6-9f9c-11f0d5221c40,2025-06-18 00:55:43.000000,Garrett Gibson,kathleen64@example.com,Europe,Down-sized contextually-based adapter,Sports,3,0.1,730.78
8edd8e22-5360-49db-a1e5-61bbca79bb30,2025-09-28 22:25:17.000000,Jeffrey Chavez,teresa28@example.org,North America,Down-sized contextually-based adapter,Sports,7,0.1,1705.15
3708eb7f-cc27-4beb-b30f-4baebd303739,2025-11-12 15:51:25.000000,Trevor Jones,pamelamartin@example.org,Middle East,Synergistic demand-driven implementation,Clothing,10,0.0,4822.58
462270cb-db3d-419b-b0aa-999280c0e667,2024-10-11 23:19:22.000000,Lisa Morris,mbarnes@example.net,North America,Open-architected asynchronous artificial intelligence,Other,3,0.0,596.38
5352db34-2911-468f-be3e-47b3130da476,2026-02-02 10:40:00.000000,Shawn Deleon,katrinaanderson@example.net,Latin America,Front-line encompassing leverage,Toys,2,0.1,195.86
97caeef5-b8a4-419f-b105-c2d87acc7c3b,2025-07-20 22:49:34.000000,Mark Diaz,michael41@example.net,North America,Down-sized scalable workforce,Home & Garden,7,0.0,1854.05
0bc6a71b-f25b-46a6-b89c-2ef6f3b93ebe,2026-03-19 18:55:34.000000,Breanna Jones,ymorgan@example.net,Europe,Exclusive object-oriented orchestration,Other,3,0.2,334.85
f5b0fa1c-b013-4951-a3db-2b6da8cfa238,2026-06-26 22:40:12.000000,Nicholas Costa,ysnyder@example.com,Europe,Advanced context-sensitive instruction set,Toys,8,0.1,2124.67
47b76d17-3ff5-4a79-bcae-bdfeb4dc70c6,2025-11-04 05:34:47.000000,Eric Sanders,wking@example.net,Latin America,Function-based grid-enabled adapter,Clothing,1,0.1,131.59
19f7f775-0f2f-433b-a001-3e38960b9746,2024-09-02 13:49:59.000000,Marc Lynch,mezajared@example.org,Asia,Synergized zero-defect conglomeration,Clothing,1,0.2,278.55
89b3889d-46aa-4714-97ba-a888a3beb445,2025-05-03 22:48:26.000000,Samantha Smith,mgutierrez@example.net,Asia,Horizontal heuristic Graphic Interface,Electronics,3,0.0,233.4
1c6c8382-48c3-459d-ac71-72e77028eb2d,2025-07-22 11:31:59.000000,Joanna Barrett,tamarasmith@example.net,Asia,Multi-lateral high-level open architecture,Toys,8,0.2,1642.74
12f0ed7d-bff4-4c48-a17f-5e5322607be8,2025-03-30 01:44:55.000000,Mitchell Griffith,kingjames@example.org,Europe,Front-line next generation Internet solution,Toys,10,0.2,1122.85
69ed5072-bb81-4774-8676-51b3fa286316,2026-04-22 06:02:49.000000,Brandon Colon,bgonzalez@example.org,North America,,,7,0.3,0.0
96fdad96-2681-45bb-9fbb-3a4326da916c,2025-03-10 02:51:16.000000,Sandra Drake,sandersjudy@example.com,Asia,Intuitive system-worthy access,Clothing,9,0.1,176.22
1687819b-8fd4-4278-b332-d3ab92f77072,2025-06-26 09:33:46.000000,Daniel Miller,ramseysarah@example.com,North America,Fundamental contextually-based neural-net,Electronics,4,0.1,820.86
8bed0104-929e-4405-93ed-75f63ec72cca,2026-03-05 11:09:54.000000,Todd Hudson,harveyrobert@example.net,Europe,,,7,0.1,0.0
87f16ab5-8e82-473e-82be-7d36a9230810,2026-04-16 19:32:40.000000,Kirk Thompson,wmatthews@example.com,North America,Horizontal maximized product,Electronics,10,0.2,1599.75
23f5aea6-0598-4489-b087-ab0e4a9a75f0,2026-03-12 16:46:56.000000,John Allen,brent38@example.net,Latin America,Down-sized contextually-based adapter,Sports,8,0.1,1883.06
c930c9f3-dee7-4ad7-9168-b433c5188d4d,2026-01-15 02:46:16.000000,Scott Hernandez,tanyafoster@example.org,Asia,Robust secondary infrastructure,Toys,7,0.2,1031.1
72229838-c5cf-4ce6-a7b4-dcd35c798b20,2026-02-21 09:57:50.000000,Sarah Phelps,ofinley@example.net,Europe,Multi-tiered dedicated circuit,Electronics,2,0.0,453.38
523e901f-2f23-4d0c-b6fd-f910e2742d5c,2025-07-19 18:01:07.000000,Kristen Salazar,jonesraymond@example.net,Latin America,Open-architected asynchronous artificial intelligence,Other,6,0.0,1192.75
554047fe-5cb9-435c-b5f7-3b073a4962d1,2024-12-22 13:08:04.000000,Charles Gonzalez,kathleenrios@example.org,Asia,Multi-lateral contextually-based methodology,Sports,9,0.0,2201.71
424f8429-b43d-4bf9-b8b0-3457ad7bb3c5,2025-02-04 07:59:45.000000,Amanda Diaz,christopherphillips@example.net,Asia,Open-architected asynchronous artificial intelligence,Other,1,0.2,154.62
05ec647e-eec4-42d0-bf66-02259a86a2f5,2024-11-06 22:36:11.000000,Travis Joyce,xhammond@example.com,North America,Multi-layered high-level initiative,Electronics,9,0.1,3785.0
6d658f44-6928-4f38-a469-db2c1e8343bf,2025-05-24 19:29:53.000000,Brian Harris,mserrano@example.org,Middle East,Profit-focused grid-enabled infrastructure,Toys,4,0.1,641.06
0c4bc3d2-cc50-45cf-bc81-ed5ace5a4372,2026-04-27 23:19:02.000000,Samantha Richardson,wolfscott@example.org,North America,Down-sized scalable workforce,Home & Garden,1,0.2,229.0
fd593fa4-e9b9-439e-8f6e-ed3187450d05,2025-08-22 21:01:53.000000,Kara Hernandez,turnerdorothy@example.net,Latin America,Exclusive object-oriented orchestration,Other,1,0.0,141.67
6feccac2-90d2-4bfe-8425-c4305f9c041d,2024-08-14 21:52:16.000000,Jeffrey Carpenter,steven73@example.net,Latin America,Advanced context-sensitive instruction set,Toys,1,0.3,214.28
cc5bf684-df82-4a94-8114-0235f5b4aee1,2025-04-01 00:48:31.000000,Maria Burke,walkercharlene@example.com,Middle East,User-centric coherent leverage,Sports,7,0.2,2005.75
485b841f-7df4-4531-89ef-698aca46739f,2025-10-10 11:07:08.000000,Thomas Velasquez,sarah60@example.com,Europe,Cross-platform asymmetric leverage,Electronics,7,0.2,1094.73
bc03daa7-112e-4621-a266-530e5570cefc,2024-09-17 16:11:02.000000,Blake Sosa,waustin@example.net,Middle East,Fundamental contextually-based neural-net,Electronics,2,0.1,419.76
8eec22a4-f966-49c2-9796-b7b190b7f26f,2026-03-19 07:00:03.000000,Casey Obrien,michele28@example.org,Middle East,Expanded composite infrastructure,Home & Garden,9,0.0,1952.03
cc707551-2881-4cd9-8821-95411cc1fb5e,2025-08-23 20:07:20.000000,Amy Dunlap,dalepruitt@example.com,Latin America,Business-focused 4thgeneration throughput,Sports,3,0.0,1083.46
92ecc3bd-1675-4d7e-99fa-fbb9d8a712cb,2026-07-07 12:22:12.000000,Melissa Castillo,aaronpowers@example.org,Asia,Team-oriented cohesive approach,Sports,8,0.2,1512.08
fe31f408-a671-4d81-9c2b-05eb77ec2100,2024-12-16 06:10:55.000000,Amy Manning,christinenorman@example.com,North America,Profit-focused grid-enabled infrastructure,Toys,5,0.0,827.45
af178dbb-c461-4ac1-92b5-9aa4c07d0001,2025-06-20 17:12:40.000000,Tamara Richard,brian29@example.net,North America,Decentralized grid-enabled service-desk,Electronics,2,0.3,525.02
7387a600-7739-4bee-86e0-9e7dd1587136,2026-06-11 18:34:31.000000,Jeffrey Carpenter,steven73@example.net,Latin America,Upgradable disintermediate protocol,Toys,4,0.3,1173.55
26f6ed64-bd2a-42c4-be8d-b353e16b1b8c,2025-12-08 04:55:52.000000,Amy Dunlap,dalepruitt@example.com,Latin America,Reverse-engineered multi-state knowledge user,Home & Garden,3,0.2,875.95
a5d8d541-2e82-4ce6-92b1-d17e5497062b,2025-10-10 18:43:48.000000,Joshua Holland,margaret10@example.org,Asia,Horizontal heuristic Graphic Interface,Electronics,9,0.3,490.14
c7f7040b-8718-4322-b43c-6de656fdc504,2026-01-09 22:31:25.000000,Rachel Leon,troyrodriguez@example.com,Asia,Robust secondary infrastructure,Toys,9,0.3,1272.67
6eb194b8-f2d1-435d-91f9-2f96bd4d28c8,2026-06-11 19:20:36.000000,Cody Holt,sandra84@example.org,Europe,Function-based grid-enabled adapter,Clothing,3,0.1,390.42
4b37617d-9322-44fb-a6c6-7afa057ff1df,2024-07-25 22:13:41.000000,Curtis Taylor,jjohnson@example.net,Asia,Mandatory discrete functionalities,Toys,7,0.0,3282.05
04d4c5db-63d3-497f-9406-66259faa2180,2024-07-27 14:56:24.000000,Kara Wilson,qruiz@example.com,Latin America,Business-focused 4thgeneration throughput,Sports,7,0.1,2374.85
2686d5c6-6d59-4de7-9287-c72e39a8ab5e,2025-02-07 01:09:02.000000,Vanessa Hatfield,david96@example.com,Europe,Open-architected asynchronous artificial intelligence,Other,2,0.3,285.14
acae8af8-9599-4267-b90f-516ddb06f072,2026-03-09 08:13:00.000000,Krystal Barton,hdunn@example.net,Europe,,,8,0.0,0.0
a753297e-752f-424f-8849-066e539d5223,2025-12-19 19:46:18.000000,Danielle Ford,veronica83@example.net,Middle East,Front-line encompassing leverage,Toys,5,0.2,442.26
930e6549-d24f-4225-8519-fd783348eda0,2026-07-09 17:40:41.000000,Cassandra Edwards,patriciaadams@example.net,Latin America,Intuitive system-worthy access,Clothing,8,0.0,170.72
b703fa9f-e15c-4c37-a4ab-9bae5aca08f9,2026-05-25 14:21:55.000000,Kelli Martinez,hinesjoshua@example.net,Asia,Multi-lateral contextually-based methodology,Sports,5,0.0,1197.95
c5e2cdcc-3058-4d20-a711-1b6093acd71b,2024-11-13 03:59:32.000000,Angela Schultz,rebeccabailey@example.net,North America,Down-sized scalable workforce,Home & Garden,6,0.1,1473.31
19d45a55-2e7c-47b0-8ef8-a78734c5dd5b,2024-08-10 08:38:30.000000,Tony Vazquez,amydavenport@example.net,North America,Expanded intangible standardization,Clothing,8,0.1,605.73
d83e262a-f1ca-480c-9a17-8669888e58e7,2024-08-20 15:13:53.000000,Tonya Wilson,srocha@example.net,Asia,Front-line next generation Internet solution,Toys,8,0.2,845.44
5938949e-8a42-4ff0-a098-4689c78ae6ce,2024-09-12 19:00:36.000000,Peter Vaughn DDS,bwest@example.org,North America,Cross-platform fresh-thinking hierarchy,Toys,10,0.2,3624.4
edafea54-50b9-404a-9edc-c2ff53d47caf,2025-01-15 17:13:43.000000,Jason Andrews,teresaday@example.com,Middle East,User-centric coherent leverage,Sports,7,0.1,2076.54
4d8cc9c6-33a2-447b-b574-6477a87da2af,2024-11-24 19:42:28.000000,Jeffrey Chavez,parkerjudith@example.net,Latin America,Reverse-engineered multi-state knowledge user,Home & Garden,3,0.1,989.71
3ba4807e-4565-4d2d-bdb2-69e56c9dda26,2026-07-18 05:43:16.000000,Emily Rodriguez,hahnsean@example.com,Latin America,Mandatory discrete functionalities,Toys,6,0.1,2529.02
5af7dfe2-c5b8-4c82-b79c-c41aeb7d2448,2024-08-11 04:37:28.000000,Tamara Richard,brian29@example.net,North America,,,9,0.1,0.0
f1c35294-e61c-49a3-a0ac-db752326e3d0,2025-06-27 11:16:59.000000,Margaret Montgomery,haynescharles@example.net,Middle East,Reverse-engineered multi-state knowledge user,Home & Garden,1,0.2,307.15
600777be-f2b1-468a-958b-54231f8424bd,2024-08-09 17:43:03.000000,Stephanie Meyer,stephen19@example.org,Asia,Synergized zero-defect conglomeration,Clothing,4,0.2,1073.45
daac1277-be73-41e9-9e16-a0ea71a6de48,2026-02-15 16:45:20.000000,Charles Edwards MD,glennstephanie@example.com,North America,Re-engineered clear-thinking application,Clothing,3,0.3,738.82
72624be8-0c99-4ec1-a162-faf83565c8a2,2025-06-26 14:53:16.000000,Robert Pearson,cassidy82@example.org,Europe,Team-oriented cohesive approach,Sports,3,0.2,573.94
c55f30a1-34a4-40e3-b2d9-ec3e66308af8,2025-05-12 12:54:25.000000,Kimberly Morrison,kellythompson@example.net,Asia,Decentralized tangible model,Clothing,4,0.1,1426.3
17c522e0-1fe9-448d-9083-08b097187943,2024-12-03 23:49:21.000000,Shawn Odom,roberthill@example.net,Europe,Organic zero-defect hierarchy,Electronics,2,0.1,849.42
b97a08ba-940b-434d-a9cc-edab81b74f35,2025-08-26 03:58:07.000000,Kristina Faulkner,paulscott@example.com,Europe,Robust secondary infrastructure,Toys,9,0.3,1290.35
35aad597-c1b0-444b-a9b2-b32c1f27fa2c,2024-10-22 11:25:25.000000,Elijah White,oallen@example.com,Latin America,Synergistic demand-driven implementation,Clothing,2,0.0,934.99
9ad75864-bd9a-46d9-bd36-35b9f0d1701b,2025-04-25 08:39:44.000000,Christian Lewis,irussell@example.com,North America,Function-based methodical product,Clothing,7,0.1,2773.47
6a45d1e9-511f-4533-becf-c0dbbfeb32a4,2024-12-16 07:55:42.000000,Joseph Romero,myerstheodore@example.net,North America,Decentralized tangible model,Clothing,6,0.1,2188.08
ccbf1dfe-173e-43d9-bc32-edb435d80531,2025-08-18 17:16:21.000000,Emily Taylor,deanna38@example.net,Asia,Streamlined national conglomeration,Home & Garden,4,0.2,1414.42
823c794a-415a-43c1-ba5c-d4265c1faf7b,2024-10-15 23:28:14.000000,David Morris,oscar85@example.com,Latin America,Cross-platform fresh-thinking hierarchy,Toys,5,0.1,1833.52
01db80b4-0422-4bf2-b4fa-ebddf1e4c27a,2025-05-12 04:02:18.000000,Eric Patrick,johnsonmatthew@example.org,Asia,Front-line encompassing leverage,Toys,8,0.0,808.7
f6295eb4-667a-4b91-ab86-08d1cdac6327,2026-05-18 00:36:41.000000,Richard Walter,alyssa42@example.com,Europe,Devolved responsive model,Sports,10,0.0,3070.98
f21b7a7f-5c42-4dcf-9acc-616d199ded5e,2025-03-18 18:15:36.000000,Justin Bishop,scottbowen@example.net,Middle East,Business-focused 4thgeneration throughput,Sports,7,0.0,2502.53
f22929b6-6f24-4189-90b7-de33d627224e,2026-05-10 12:04:17.000000,Amy Dunlap,dalepruitt@example.com,Latin America,Re-contextualized actuating infrastructure,Clothing,7,0.3,1860.77
ffecc4eb-3ab7-42a1-8cfa-4f8aa6e997ae,2026-01-16 15:21:25.000000,Richard Walter,alyssa42@example.com,Europe,Synergized zero-defect conglomeration,Clothing,4,0.3,1005.51
cf674365-a4c1-4966-a682-c0fb159e9c9f,2025-05-19 16:03:33.000000,Victor Brown,daniellegonzales@example.org,Asia,Cross-platform asymmetric leverage,Electronics,7,0.1,1291.22
f388fef7-040e-4f47-b8ab-2513e03db918,2025-02-19 08:51:42.000000,Juan Smith,kellymueller@example.net,North America,Expanded intangible standardization,Clothing,2,0.0,158.02
52c1e256-e5b7-4f49-a5b9-5c1abac8f92f,2024-08-25 05:31:50.000000,Shannon Johnston,amckinney@example.com,Middle East,Function-based methodical product,Clothing,2,0.1,767.13
2d675be3-3fbe-4756-98f0-2d4124074330,2025-10-02 12:18:07.000000,Kara Wilson,qruiz@example.com,Latin America,Function-based grid-enabled adapter,Clothing,7,0.2,850.25
27dfc6e0-84c4-49b1-a0c1-3845025fc70f,2024-11-06 21:40:44.000000,Stephen Fox,mayokimberly@example.com,North America,Front-line next generation Internet solution,Toys,3,0.2,297.22
09fb4d4b-c325-4bc3-b845-a524b1f01f04,2024-09-06 12:17:13.000000,Jeffrey Carpenter,steven73@example.net,Latin America,Multi-lateral high-level open architecture,Toys,6,0.3,1053.92
ddc8ca37-35b7-415e-8d68-cb3998a0db61,2026-02-15 15:34:15.000000,Emily Douglas,tanderson@example.org,Middle East,Multi-lateral contextually-based methodology,Sports,1,0.1,226.98
9e181620-5f27-4ee1-8b07-9752a93429ae,2025-06-08 05:38:16.000000,Timothy Johns,wsantos@example.com,Middle East,Exclusive object-oriented orchestration,Other,8,0.2,961.63
2c23b779-6b53-41c0-a850-c932d2c08ee4,2024-12-03 15:15:37.000000,Tamara Powell,jeffreymercer@example.org,Europe,Multi-lateral contextually-based methodology,Sports,7,0.1,1571.21
26c0df52-f71d-49c5-84c2-f2c4efb0ce3b,2026-02-17 07:02:35.000000,Tammy Ponce,daniellegarcia@example.com,Middle East,Down-sized scalable workforce,Home & Garden,7,0.2,1448.48
2e7e4cef-ab2d-4056-8f71-1c2ccf35fdb9,2025-04-30 13:08:34.000000,Charles Edwards MD,glennstephanie@example.com,North America,Open-architected asynchronous artificial intelligence,Other,4,0.0,787.14
c95bc917-1c01-460c-acc9-d15ae10b3781,2024-11-24 02:38:50.000000,Kathleen Andrade,rbrown@example.com,Middle East,Operative responsive pricing structure,Sports,10,0.0,388.8
4e5a4392-343e-423f-bf5f-ca4f07acc717,2025-05-30 12:26:36.000000,Carrie Lewis,joshuagriffin@example.org,Middle East,User-friendly tangible synergy,Clothing,6,0.0,1495.2
d767a0d7-e8b2-481a-9f88-fe99a0147ab9,2025-02-11 23:07:13.000000,Casey Obrien,michele28@example.org,Middle East,Decentralized grid-enabled service-desk,Electronics,3,0.2,916.98
c8844f88-074a-488f-9231-d2a59f35ba40,2024-08-10 01:17:19.000000,Zachary Brooks,florescory@example.net,North America,Cross-platform fresh-thinking hierarchy,Toys,7,0.1,2746.02
7872d73f-e389-4caf-874b-927e54e28fa6,2024-08-16 13:44:26.000000,Peter Thompson,teresastokes@example.org,Europe,Re-engineered clear-thinking application,Clothing,8,0.3,1916.93
e9e02d8d-24f3-44ef-9f3d-3d65bc25bce1,2025-06-02 15:00:32.000000,Nancy Wilson,pattersonangela@example.org,Europe,Fundamental contextually-based neural-net,Electronics,8,0.2,1511.14
c33359b9-6085-4b5f-8a1b-07440be76352,2025-10-28 20:46:11.000000,Beth Cline,dustinmorris@example.org,North America,Synergistic demand-driven implementation,Clothing,1,0.1,457.65
287dff8e-2b74-4898-8673-cf07b8f73fad,2024-10-06 18:03:55.000000,Patrick Thornton,qhughes@example.net,Latin America,,,9,0.2,0.0
3902d8a7-e5ae-488f-9942-339503d301cf,2024-09-30 13:05:45.000000,Justin Bishop,scottbowen@example.net,Middle East,Team-oriented cohesive approach,Sports,4,0.1,829.8
1cc6f0a0-10fa-4909-bcfa-1e616b7d71bc,2025-07-25 11:16:28.000000,Victor Brown,daniellegonzales@example.org,Asia,Multi-layered high-level initiative,Electronics,10,0.3,3176.54
db2c04c0-6a42-49c3-bbbe-0e9d76e51a12,2026-06-18 14:23:18.000000,Tyler Hill,christina18@example.net,Europe,Re-contextualized actuating infrastructure,Clothing,1,0.1,340.7
db5ed35a-2268-445f-b0bf-17838966f42b,2025-11-01 13:34:12.000000,Lisa Goodwin,pyoung@example.com,North America,Horizontal heuristic Graphic Interface,Electronics,2,0.2,122.92
4fb9ef37-002f-4aee-a308-f1eacf367c1b,2025-07-25 21:36:13.000000,Lauren Moore,shannonedwards@example.org,North America,Decentralized grid-enabled service-desk,Electronics,7,0.1,2215.14
41c1aee2-e723-4658-a648-d7ae78304c6c,2024-10-28 13:34:38.000000,Kendra Sanders,john10@example.net,Middle East,Organized attitude-oriented implementation,Clothing,7,0.2,2094.46
5d96d459-8a3c-4743-a808-24f252a80809,2025-11-09 14:17:36.000000,Patrick Hardy,staceylam@example.net,North America,Up-sized foreground toolset,Toys,2,0.3,315.5
7a506f60-18ad-4eeb-b760-7067ab1e5b37,2025-08-07 18:16:17.000000,Brian Johnson,sanchezbradley@example.com,Europe,Multi-lateral high-level open architecture,Toys,6,0.0,1410.18
923cc117-da1a-4b09-94c2-459bbfac0af7,2024-12-20 10:50:19.000000,Michele Smith,lmiller@example.org,Latin America,Multi-lateral contextually-based methodology,Sports,9,0.1,1974.73
213b1241-83c5-4c14-b824-c62b2036971a,2026-04-07 14:24:40.000000,Justin Riley,michelle52@example.com,Middle East,Organic zero-defect hierarchy,Electronics,7,0.2,2675.67
a8c1fb64-39bd-43ed-a481-2414f139dc4b,2024-09-22 19:53:44.000000,Trevor Jones,pamelamartin@example.org,Middle East,Mandatory discrete functionalities,Toys,2,0.3,663.04
6761f64e-b79e-4140-9844-1abdbe41635f,2025-02-25 06:13:52.000000,Denise Cruz,pmarsh@example.org,North America,Synergistic demand-driven implementation,Clothing,2,0.2,797.2
3ff180d2-1af0-4c73-9d71-9800e30d0d83,2025-01-12 16:53:30.000000,Brittany Miller,dixonjames@example.org,Europe,,,2,0.2,0.0
a8cc6e3b-bae3-438e-af43-b2f0402bf495,2025-03-11 20:50:40.000000,Maria Burke,walkercharlene@example.com,Middle East,Mandatory discrete functionalities,Toys,9,0.0,4134.53
764f6842-f955-4aad-b5e0-bcbf5420d149,2025-12-22 02:50:51.000000,Anthony Anderson,dbryant@example.net,Latin America,Horizontal heuristic Graphic Interface,Electronics,10,0.2,591.28
93c1392f-8453-4803-8519-469e973da9cb,2026-06-07 06:57:35.000000,Kathleen Andrade,rbrown@example.com,Middle East,User-centric coherent leverage,Sports,7,0.1,2218.12
21b78e70-e647-4cfc-8288-635244482593,2025-04-01 17:06:05.000000,Jennifer Sanford,ismith@example.org,Middle East,Decentralized grid-enabled service-desk,Electronics,9,0.1,2880.4
252d3404-a944-45e0-9ff0-f8eb6c0990b6,2025-10-13 23:59:40.000000,Barry Welch,wendy16@example.org,Europe,Exclusive object-oriented orchestration,Other,2,0.1,254.72
a1c2e70c-6291-43bf-8cbd-d15ee7f0916e,2024-08-27 06:54:37.000000,Jennifer Vargas,grahamtamara@example.org,Europe,Upgradable disintermediate protocol,Toys,7,0.0,2813.3
2ea2daec-fac2-44dd-b2a9-5261cb505aa3,2024-08-01 02:45:30.000000,Patricia Baker,katiebutler@example.net,North America,,,9,0.1,0.0
52917b6d-6592-4c9f-a971-4f1f3ce26218,2024-07-30 02:07:08.000000,Leah Vincent,stevendixon@example.com,Latin America,,,4,0.0,0.0
db90f232-7bdd-41b3-bb14-2917927446b6,2025-04-14 02:34:32.000000,Daniel Velez,paul70@example.org,Middle East,,,1,0.0,0.0
d1263905-de99-4ecd-a0f3-547030104525,2025-10-12 07:35:50.000000,Phillip Obrien,kimberlyjames@example.com,Latin America,Re-contextualized actuating infrastructure,Clothing,9,0.2,2527.2
36ff812d-fe21-41fd-b3bd-185b67d920b3,2025-07-07 23:55:22.000000,Justin Bishop,scottbowen@example.net,Middle East,Devolved responsive model,Sports,6,0.0,1768.14
709adc95-8bbe-4119-8347-2a289f0e570b,2024-10-20 12:05:22.000000,Martha Wright,colemichael@example.org,Middle East,Multi-lateral high-level open architecture,Toys,4,0.2,821.37
c4bd23eb-a7cc-4274-8780-8b87beb5ba0f,2025-08-24 14:35:15.000000,Brent Brooks,angela52@example.org,North America,Multi-layered high-level initiative,Electronics,10,0.2,3623.94
ff26cb58-5656-411d-965c-978aec83c4d7,2026-06-14 05:41:17.000000,Mitchell Griffith,kingjames@example.org,Europe,Synergized zero-defect conglomeration,Clothing,10,0.1,2955.39
ce96cc5e-574a-4942-815a-51ff2fb2a0d7,2026-05-29 06:30:05.000000,Patrick Smith,meyernicholas@example.org,Europe,,,7,0.3,0.0
74d12024-8c84-4302-85a2-4d777cc34e98,2025-12-18 03:37:19.000000,Samantha Smith,mgutierrez@example.net,Asia,Function-based methodical product,Clothing,6,0.2,2124.36
57a5e3b2-db30-4dad-ab02-e10418b47298,2026-03-05 20:09:12.000000,Daniel Bernard,vhernandez@example.net,Latin America,,,2,0.2,0.0
c82e27a3-1028-4c78-834b-033d84e1f69e,2025-04-30 19:44:46.000000,Laura Odonnell,tsanders@example.org,Latin America,Horizontal heuristic Graphic Interface,Electronics,2,0.2,126.04
f6fa16a1-0681-47e9-a46d-4b516d300e33,2025-09-15 23:58:41.000000,Tamara Powell,jeffreymercer@example.org,Europe,Function-based methodical product,Clothing,5,0.2,1580.62
f99f5c06-3a24-4e17-9836-a02720507d45,2025-07-11 06:57:33.000000,Michael Warner,ojones@example.com,Europe,Devolved responsive model,Sports,4,0.0,1203.58
8ceb424f-1eca-45b3-9c73-78e6d47ffd35,2026-01-25 13:23:10.000000,Jeffrey Chavez,teresa28@example.org,North America,Multi-lateral high-level open architecture,Toys,1,0.2,200.39
58fde70b-df91-47d5-a055-25c64bb3e035,2025-03-16 11:14:36.000000,Matthew Banks,sanderskevin@example.net,North America,Front-line encompassing leverage,Toys,1,0.2,85.29
fbfbd9f9-8da4-4916-afa8-736973db49d0,2026-07-20 18:14:16.000000,Jesse Clark,gbailey@example.com,North America,Intuitive system-worthy access,Clothing,10,0.1,195.8
f8c00141-ddf1-44d4-b75e-f2cf153d5754,2025-08-17 00:30:50.000000,Denise Colon,hreid@example.net,Middle East,User-friendly tangible synergy,Clothing,3,0.3,523.32
f0f5bdc1-d1ed-43ba-a5c6-5e052ebfaf4c,2026-06-08 21:00:53.000000,Amy Walker,finleycasey@example.com,North America,,,6,0.1,0.0
244700ca-31e3-460a-82ca-a526ffa0a1af,2026-05-04 10:45:20.000000,Scott Hernandez,tanyafoster@example.org,Asia,,,5,0.1,0.0
0447b659-c6a2-4085-b8cb-a05eae3a1f32,2024-12-22 07:23:30.000000,Kimberly Edwards,jamesweber@example.com,Asia,Cross-platform uniform flexibility,Toys,7,0.2,1280.66
868c1005-5a9b-4519-be9d-d48cbbc0e8ed,2025-10-30 18:02:47.000000,Jacqueline Mccoy,aguilarjonathan@example.org,Latin America,Synergized zero-defect conglomeration,Clothing,5,0.0,1664.53
887cedb9-ccdd-46b3-8c07-e0e386695d31,2025-04-28 16:10:57.000000,Beth Cline,dustinmorris@example.org,North America,Synergistic demand-driven implementation,Clothing,2,0.1,846.41
f2794e8b-b195-4a9f-bafd-099e8a19de1f,2025-09-06 07:55:02.000000,Michael Montoya,ebenson@example.org,Middle East,Cross-platform fresh-thinking hierarchy,Toys,2,0.0,818.69
19a2a602-28a3-43a3-9fdd-67bb2ab05af8,2025-12-31 11:17:58.000000,Cindy Barnes,eric45@example.net,Asia,Expanded intangible standardization,Clothing,2,0.0,161.31
dbe38b89-a262-4fd2-a289-499e2a6716d4,2025-11-13 03:34:18.000000,Lauren Bender,icraig@example.com,Latin America,Re-contextualized actuating infrastructure,Clothing,4,0.1,1317.89
c0485d0b-ee3f-4127-97de-7f4d39ec02ca,2026-01-28 04:35:30.000000,Joseph Hill,andre62@example.org,North America,Optimized mission-critical moratorium,Home & Garden,7,0.0,1801.44
47469fb7-33c3-4015-9bb9-3bf66c8c4bac,2024-08-27 23:34:15.000000,Timothy Johns,wsantos@example.com,Middle East,Team-oriented cohesive approach,Sports,6,0.2,1120.23
669f9a4a-f2eb-4d5a-b819-fa11f584be73,2025-03-08 06:52:33.000000,Steven West,rbennett@example.net,North America,Multi-lateral contextually-based methodology,Sports,3,0.1,688.51
f8d592a7-8591-4047-a6a5-17d063c81fb9,2025-06-13 04:42:52.000000,Leah Vincent,stevendixon@example.com,Latin America,Expanded intangible standardization,Clothing,10,0.2,666.63
52696eeb-77cf-4eb6-b9fe-e842e4cc7065,2024-11-03 17:14:25.000000,Kimberly Morrison,kellythompson@example.net,Asia,Profit-focused grid-enabled infrastructure,Toys,2,0.3,247.36
00172ca3-4ccc-4afe-b02a-2956b8b758b8,2024-09-17 03:28:08.000000,William Gould,lambertrichard@example.net,Middle East,Exclusive object-oriented orchestration,Other,10,0.2,1173.42
ab09ec62-8e46-4d8b-b555-d6ee40571cf3,2025-03-20 00:31:36.000000,Kevin Pacheco,blakeerik@example.com,Asia,Multi-lateral contextually-based methodology,Sports,9,0.2,1770.44
9cf540d9-bbc4-4107-ac4d-25503570f44d,2025-10-25 08:27:48.000000,Kayla Jackson,sandra99@example.org,Asia,Cross-platform fresh-thinking hierarchy,Toys,4,0.2,1398.59
c152caf6-0f29-401d-911a-c671f5931884,2025-06-04 17:44:10.000000,Suzanne Rodriguez,dianekelly@example.net,Europe,Optimized mission-critical moratorium,Home & Garden,9,0.2,2008.89
d28b829a-7b1e-4e13-a4cf-862923eaea4f,2024-11-22 11:06:48.000000,Phillip Obrien,kimberlyjames@example.com,Latin America,Organized contextually-based orchestration,Electronics,6,0.0,2277.95
f9f8f5f4-ce96-4887-b8db-37f6c3bc5ca7,2025-01-25 07:37:15.000000,Regina Diaz,ismith@example.org,Middle East,Optimized mission-critical moratorium,Home & Garden,6,0.0,1512.58
a565cd41-28d1-41db-894b-cc99642830f3,2025-06-11 10:40:51.000000,Sarah Rivera,wilsontara@example.org,Asia,User-friendly tangible synergy,Clothing,3,0.1,687.79
3fa27ffd-3180-4811-9767-10d764188dde,2026-04-30 00:48:08.000000,Craig Hall,victorpena@example.net,Latin America,Multi-layered high-level initiative,Electronics,2,0.1,805.32
f69e963d-39ef-40ea-920e-5c8359b44b98,2025-02-20 12:51:22.000000,Paul Stokes,raylauren@example.net,Middle East,Robust secondary infrastructure,Toys,5,0.1,844.52
1f9bd2b4-66c4-4e9b-a483-f4f123f3e5c5,2026-02-04 21:00:38.000000,James Howard,huffmannichole@example.net,North America,Streamlined national conglomeration,Home & Garden,7,0.2,2663.22
ac1cfcfc-f1c0-46ba-95ff-7d9dbd5a0760,2024-11-15 22:24:01.000000,Lauren Robles,carlsonjoseph@example.net,North America,Multi-layered high-level initiative,Electronics,5,0.0,2125.15
ac17cb47-2474-410f-b181-70c234b158aa,2025-02-19 22:55:13.000000,William Oconnor,fconner@example.net,Europe,Upgradable disintermediate protocol,Toys,5,0.3,1426.74
a3027b21-02c1-4269-93d5-09afc2b5ac1b,2024-10-20 02:15:48.000000,Stephanie Salazar,jrivas@example.com,Asia,Operative responsive pricing structure,Sports,10,0.1,368.55
3b7039b0-789a-4f00-9933-ca27a0e85f89,2025-12-15 22:55:47.000000,Jennifer Velasquez,bethwilliams@example.com,North America,Multi-lateral high-level open architecture,Toys,10,0.2,1929.72
1ff71e8c-d27e-4846-8c7f-9cd6703297d2,2025-09-14 09:35:23.000000,Mr. Martin Hernandez,smithsarah@example.net,Europe,Devolved responsive model,Sports,10,0.0,3008.94
e916ee82-c116-4b7e-ba9f-4841e1568c60,2026-01-31 05:40:54.000000,Patricia Baker,katiebutler@example.net,North America,,,2,0.1,0.0
f311a3a1-45a8-4731-a00f-6ea257647ecf,2024-08-21 19:32:54.000000,Austin Garcia,wlynn@example.org,North America,Profit-focused grid-enabled infrastructure,Toys,9,0.1,1442.38
416553a1-e420-4a34-9685-b08b61aa189d,2024-10-16 15:13:36.000000,Edwin David,kellie37@example.com,Asia,User-centric coherent leverage,Sports,10,0.2,2528.25
95c127e6-6d08-49b4-b76e-3a29a07c68c2,2024-11-28 20:01:46.000000,Jennifer Vargas,grahamtamara@example.org,Europe,Profound mobile time-frame,Clothing,6,0.1,1043.86
dd91cf6b-b102-4282-b5b2-e008e0516aaa,2026-03-30 01:30:28.000000,Don Tucker MD,dramsey@example.org,Asia,Expanded intangible standardization,Clothing,6,0.1,429.61
39819354-4a85-4bd1-822a-67727cbff645,2025-08-31 02:12:47.000000,Phillip Bennett,molly39@example.com,Latin America,Innovative eco-centric open architecture,Toys,4,0.0,895.72
bb5493e6-ff63-4fac-96ac-b78e1a617efe,2025-11-01 14:24:30.000000,Brian Leon,smithmaria@example.org,Europe,Re-contextualized actuating infrastructure,Clothing,6,0.0,2156.54
5cd0094c-dd76-4717-995b-2485f5b127e1,2025-01-24 09:48:06.000000,Kelli Martinez,hinesjoshua@example.net,Asia,Cross-platform fresh-thinking hierarchy,Toys,1,0.1,383.76
7e99a2c2-aa37-44fb-9997-5545de8e7602,2026-05-01 21:10:13.000000,Michele Williams,kendragalloway@example.org,Europe,Upgradable disintermediate protocol,Toys,6,0.1,2266.72
6bf2d5d9-6eb6-454b-b697-2fbbb39bfeb6,2024-09-02 23:51:41.000000,Krystal Barton,hdunn@example.net,Europe,Devolved responsive model,Sports,4,0.2,1029.86
c51b2775-dd7b-49a6-9aed-bcfda357e4ea,2025-02-23 15:09:17.000000,Kathy Levy,brandywilliams@example.com,Middle East,User-centric coherent leverage,Sports,10,0.1,3168.74
469f2152-bb81-4c56-b95b-7efed7a29c6c,2026-06-23 17:11:48.000000,Regina Diaz,ismith@example.org,Middle East,Synergistic demand-driven implementation,Clothing,1,0.1,452.73
542e2e6a-8200-4972-a3e8-6f41406d7f7c,2025-06-11 22:32:18.000000,Rachel Leon,troyrodriguez@example.com,Asia,Organic zero-defect hierarchy,Electronics,2,0.2,783.35
fbab907a-4051-4bda-9617-82cbaabf1a08,2025-04-24 00:25:49.000000,Jennifer Vargas,grahamtamara@example.org,Europe,,,7,0.1,0.0
b68d6f38-19e3-484f-834f-202915459b48,2026-04-08 00:33:08.000000,Brenda Mitchell,ihorton@example.net,Europe,Multi-layered high-level initiative,Electronics,4,0.0,1771.7
7eb6c0a9-95f5-42ac-be24-7c2b7c4cec7d,2025-01-08 22:45:21.000000,Corey Fox,joseph61@example.com,North America,Streamlined national conglomeration,Home & Garden,1,0.3,313.32
44087701-aa66-40ed-af0b-5b2b97514f49,2024-10-09 17:50:18.000000,Susan Davis,amandasharp@example.org,Middle East,Cross-platform fresh-thinking hierarchy,Toys,2,0.1,733.41
b5622984-d385-4453-87ea-7fd1ff4f3808,2025-08-03 22:11:17.000000,Justin Bishop,scottbowen@example.net,Middle East,Devolved responsive model,Sports,10,0.1,2760.78
90cc7a42-d660-4275-9b4c-ccb08f881e63,2025-05-08 21:37:05.000000,Derek Hodge,taylorkaren@example.com,Latin America,Optimized mission-critical moratorium,Home & Garden,5,0.0,1299.87
ecdcbb27-ded2-4b15-84db-01dd9b4bf636,2025-12-21 11:56:49.000000,Tamara Powell,jeffreymercer@example.org,Europe,Down-sized scalable workforce,Home & Garden,1,0.3,201.41
1b98a0e3-9a06-4a93-8ac7-256b61f13c8c,2025-10-22 12:34:25.000000,Justin Riley,michelle52@example.com,Middle East,Fundamental contextually-based neural-net,Electronics,7,0.0,1616.08
f43e075b-a486-47d4-8b29-5e19d694a527,2024-10-05 13:23:07.000000,Kimberly Mclean,ystephens@example.com,Asia,Profound mobile time-frame,Clothing,1,0.1,177.93
f77b9742-1e12-4bed-984c-4178935c31d1,2026-03-06 10:20:45.000000,Andrew Stewart,carl95@example.org,North America,Decentralized tangible model,Clothing,8,0.0,3144.35
ac30211d-9482-411e-9c56-e3aa3d15d3ee,2026-01-22 22:11:27.000000,Anna Chang,smithdevon@example.net,Asia,,,1,0.1,0.0
d0b66c10-6bfd-41bc-9a93-03eae75ec164,2025-05-22 19:43:21.000000,James Bailey,jeffery48@example.net,Europe,Innovative eco-centric open architecture,Toys,7,0.0,1567.51
58e8f1db-0a34-4670-be8b-15f3b7e1c9a2,2025-12-05 14:23:07.000000,Donald Juarez,barbaramoore@example.org,Asia,Devolved responsive model,Sports,8,0.2,2034.91
75f3405d-da2b-41b7-b0b3-e6dfc9c34dd8,2025-10-09 07:42:21.000000,Andrew Williams,linda87@example.org,North America,Advanced context-sensitive instruction set,Toys,8,0.2,2052.24
f0b0c031-098a-4f72-85d3-f3eedd088545,2025-05-26 15:57:11.000000,Joseph Allen,jwoodward@example.net,Middle East,Cross-platform fresh-thinking hierarchy,Toys,6,0.3,1842.05
be901a64-a0cc-4d31-8e22-efcfd02b4c3a,2026-03-16 23:52:12.000000,Stephanie Salazar,jrivas@example.com,Asia,Optimized mission-critical moratorium,Home & Garden,4,0.0,1039.9
06906169-e878-4458-ab48-106d6e8a457f,2025-01-04 19:03:02.000000,Michele Williams,kendragalloway@example.org,Europe,Fundamental contextually-based neural-net,Electronics,2,0.3,326.48
a169d799-062e-4424-ae44-d34991225311,2025-04-02 12:04:57.000000,Joshua Davis,nicolealvarado@example.com,North America,Down-sized contextually-based adapter,Sports,7,0.1,1781.79
69824369-ebb1-4253-8ad2-a7ba194b3b6e,2026-04-04 20:11:34.000000,Belinda Mccullough,elizabeth56@example.net,Middle East,Multi-layered high-level initiative,Electronics,6,0.2,2040.14
d9743ff0-74e5-418d-baa3-80fa07438e60,2026-06-13 00:11:38.000000,Maria Lucas,tammy61@example.org,North America,Re-engineered clear-thinking application,Clothing,1,0.1,306.18
aed9dac5-d180-47f4-9bcc-7bfb40e64eed,2025-04-14 05:20:01.000000,Tamara Powell,jeffreymercer@example.org,Europe,Profit-focused grid-enabled infrastructure,Toys,2,0.0,344.92
53133ea1-0c3c-400f-88a1-34aa722d8397,2025-07-11 21:20:03.000000,Tiffany Townsend,matthewsalexander@example.org,Asia,Team-oriented cohesive approach,Sports,1,0.2,182.1
435f59e6-a282-4bab-bdb0-9520b2f881eb,2026-03-09 23:43:55.000000,Willie Dillon,jeffreyjenkins@example.org,Latin America,Fundamental contextually-based neural-net,Electronics,10,0.1,2005.52
8ef86619-3599-4e91-a91c-9094cb2c0efb,2026-03-11 16:42:04.000000,Laura Odonnell,tsanders@example.org,Latin America,Devolved responsive model,Sports,3,0.2,716.56
5266cd86-a5f6-4181-8c1a-6477dd0d3739,2026-02-16 07:31:10.000000,Dawn Wilson,yorksarah@example.net,Asia,,,8,0.2,0.0
c7ed8888-5939-4c71-80d9-863f66bcf6f0,2026-04-15 09:14:03.000000,Christina Rodriguez,adam65@example.net,Asia,Profound mobile time-frame,Clothing,4,0.2,656.36
db4d2d18-7ff5-475c-983f-8f4f2c0bfe69,2024-09-28 00:25:43.000000,Matthew Lamb,steinmaria@example.com,Middle East,Streamlined national conglomeration,Home & Garden,5,0.1,2014.2
3a42168f-f745-45cd-9613-8a1ece1eaeb5,2025-03-23 20:24:21.000000,Patrick Parker,nathan94@example.com,Asia,User-centric coherent leverage,Sports,2,0.1,600.04
ea072198-19ee-4d26-8e4b-36aad4249390,2026-02-01 17:43:53.000000,Karen Romero,heatherthompson@example.org,Asia,Cross-platform uniform flexibility,Toys,4,0.2,750.82
c1ae35bb-2faa-49dd-a3b4-a2407f480536,2025-05-14 05:45:34.000000,Hailey Cunningham,paul20@example.com,Middle East,Organized contextually-based orchestration,Electronics,1,0.2,293.55
b517e8ef-db21-4e31-83c2-181f33c00b7d,2025-08-02 01:03:04.000000,Patrick Thornton,qhughes@example.net,Latin America,Streamlined national conglomeration,Home & Garden,2,0.1,805.68
7011a2be-ce4f-4c66-9645-b6bb59c085a8,2026-06-16 18:20:08.000000,Laura Cunningham,april91@example.com,Europe,Operative responsive pricing structure,Sports,9,0.2,309.82
f5953b2e-28c2-483d-8138-a98b5c88da6e,2024-11-28 21:39:17.000000,Kelli Martinez,hinesjoshua@example.net,Asia,Cross-platform asymmetric leverage,Electronics,5,0.2,791.98
30960fbb-1c89-4e3c-8413-d04952a0628b,2025-10-15 22:11:35.000000,William Johnson,jbond@example.net,Asia,Front-line encompassing leverage,Toys,9,0.0,919.27
b3422968-8191-486b-a8a9-1aba4f7ebc54,2025-12-01 21:15:57.000000,Jacob Hunter,alexander67@example.org,Europe,,,6,0.1,0.0
8f56fffc-c1bb-4767-8bd4-01528f7bf6c2,2025-09-12 01:34:13.000000,Hannah White,urice@example.org,Latin America,Mandatory discrete functionalities,Toys,9,0.1,4006.66
b21534f7-9e54-4d3e-a5e1-71462d8b62b6,2024-09-17 23:19:10.000000,Lauren Robles,carlsonjoseph@example.net,North America,Multi-layered high-level initiative,Electronics,2,0.1,823.22
67964bd9-a9c6-44e3-a07e-af26ea299a22,2026-05-13 22:06:20.000000,Derek Hodge,taylorkaren@example.com,Latin America,Robust secondary infrastructure,Toys,2,0.0,377.09
5714fc0b-b744-4158-a550-e249436c3827,2025-09-07 20:24:40.000000,Jennifer Hayes,bhamilton@example.com,Middle East,Synergistic demand-driven implementation,Clothing,2,0.1,915.31
ebd795f5-220e-474e-a591-d99b5a929d27,2025-05-16 05:10:44.000000,Holly Stewart,ujackson@example.org,North America,Decentralized grid-enabled service-desk,Electronics,3,0.1,992.5
bc7d0017-f4c1-440b-9852-8abb1a873c25,2026-04-14 16:31:29.000000,David Morris,oscar85@example.com,Latin America,Organic zero-defect hierarchy,Electronics,9,0.1,3652.51
4b3dd578-cc69-48ca-a32f-fec3e05ff96e,2025-11-09 10:45:36.000000,Brittney Webster,craigjoseph@example.net,Latin America,Cross-platform fresh-thinking hierarchy,Toys,9,0.0,3722.47
52e6ef74-150b-41d8-b882-c32691f28485,2025-01-11 14:49:15.000000,James Davis,thomasboyle@example.org,Europe,Organized contextually-based orchestration,Electronics,3,0.1,1033.3
3ef389ba-0a70-46c8-937d-8533714a0ae0,2025-09-19 15:00:14.000000,James Davis,thomasboyle@example.org,Europe,Horizontal heuristic Graphic Interface,Electronics,6,0.0,457.46
4616fd6e-fe20-493b-aae2-ad6327aedaae,2024-08-10 11:09:10.000000,Sandra Drake,sandersjudy@example.com,Asia,Re-contextualized actuating infrastructure,Clothing,2,0.0,741.31
b1f0b429-d54f-4d02-b976-c6377e9716ad,2025-01-07 01:46:29.000000,Dylan Cruz,kwright@example.com,Middle East,User-friendly tangible synergy,Clothing,7,0.1,1639.74
70bb2a0e-39d0-4b29-a008-e8ed3ecf5f0a,2025-12-06 05:25:15.000000,Patrick Thornton,qhughes@example.net,Latin America,Function-based methodical product,Clothing,3,0.2,1036.89
032dd96d-2537-4857-b749-af64cfc01fbc,2025-03-08 12:24:25.000000,Julia Erickson,ssalinas@example.org,Europe,Open-architected asynchronous artificial intelligence,Other,1,0.2,168.67
db872c8f-0551-4102-b6ef-66e43e61d359,2025-11-08 12:23:58.000000,Christian Lewis,irussell@example.com,North America,Reverse-engineered multi-state knowledge user,Home & Garden,1,0.2,307.15
31369512-916e-4089-bf95-58a38d1d282e,2025-06-06 06:03:01.000000,Ian Frazier,natalie77@example.com,Middle East,Profit-focused grid-enabled infrastructure,Toys,10,0.1,1602.64
94b59339-84c1-4826-9910-498c2fa17fe6,2025-05-27 09:10:46.000000,Steve Newton,josephjacobs@example.net,Europe,Organized attitude-oriented implementation,Clothing,2,0.1,655.41
e6ffee2a-e37b-4f84-9351-240fa093ca68,2025-05-17 15:55:10.000000,Brandy Myers,susan24@example.net,Latin America,Mandatory discrete functionalities,Toys,7,0.1,2917.38
cbfae8d6-b4ed-4d1d-82f1-287bbf2dcfcb,2025-04-29 16:39:15.000000,David Charles,danderson@example.net,Middle East,,,5,0.2,0.0
6e6aa3ec-4378-4e6b-8d3d-dee3cdad54f4,2025-05-04 13:20:29.000000,Donna Landry,gibsonleonard@example.com,Latin America,Organized contextually-based orchestration,Electronics,6,0.2,1902.2
13b8ec30-5b69-4697-8a55-a14b51f5a8f9,2026-01-10 09:56:56.000000,Diane Beck,clarence34@example.org,North America,Expanded intangible standardization,Clothing,9,0.3,540.71
d3d39ff9-dc25-45f1-9258-7a1a226e1ecb,2026-01-17 14:06:57.000000,Chad Smith,hbenton@example.net,Asia,Exclusive object-oriented orchestration,Other,5,0.3,529.47
94369f5d-89cc-4b08-8ba9-a0f03f3488a3,2024-10-29 00:07:46.000000,Kristina Preston,jeffrey92@example.com,Asia,Cross-platform uniform flexibility,Toys,3,0.1,648.65
c8c28cfe-eadf-4ef6-bb23-89d318bc2e3b,2025-08-19 03:24:25.000000,Gavin Anderson,evan78@example.net,North America,Multi-lateral contextually-based methodology,Sports,3,0.1,680.94
504089fa-890d-48e5-b9c9-f246b556aeac,2024-10-10 09:32:15.000000,Colin Golden,johnsondonna@example.net,North America,Front-line encompassing leverage,Toys,1,0.2,84.24
3a52b383-9aa5-4f18-9387-fcd8cea82b7a,2026-01-31 07:32:07.000000,Rachel Bradley,gregorychase@example.com,Latin America,Up-sized foreground toolset,Toys,1,0.0,208.14
a51c7d2a-b3bf-4dab-b7b2-4f20592cfe25,2025-09-24 08:26:52.000000,Brittney Webster,craigjoseph@example.net,Latin America,Decentralized tangible model,Clothing,3,0.2,972.48
771d030f-3955-4110-bc2e-0301d232231d,2025-02-15 00:47:34.000000,Amy Manning,christinenorman@example.com,North America,Re-engineered clear-thinking application,Clothing,10,0.1,2961.92
6fa9c57c-974f-4668-bf44-1add70184f95,2024-09-09 05:05:23.000000,Marilyn Mack,russellbeasley@example.com,Asia,Exclusive object-oriented orchestration,Other,2,0.0,283.34
05a95733-2bdd-4419-beec-0074f4028e77,2025-09-28 22:10:09.000000,Andrew Stewart,carl95@example.org,North America,Down-sized scalable workforce,Home & Garden,5,0.2,1034.62
0ebb51ae-a678-4753-8f1a-5d4a72ced11f,2026-06-16 19:28:49.000000,Jeffrey Colon,kevinmorrison@example.net,Latin America,Horizontal heuristic Graphic Interface,Electronics,3,0.2,179.72
b4d0aaea-de19-493e-ba04-30c458fc8448,2024-11-12 20:28:02.000000,Donald Juarez,barbaramoore@example.org,Asia,Synergistic demand-driven implementation,Clothing,2,0.1,895.62
10bee3e8-5aba-434b-ae98-02fa1053adba,2026-01-30 08:28:03.000000,Melinda Compton,dennismccann@example.com,North America,Up-sized foreground toolset,Toys,8,0.2,1489.88
f2859a73-4083-4cf3-91db-5fbc46addbe7,2026-06-17 08:17:33.000000,Travis Johnson,erikarush@example.com,Europe,Organized attitude-oriented implementation,Clothing,5,0.2,1424.8
99056421-b6af-49df-870f-48c2ba4e832f,2025-08-06 05:08:24.000000,Jennifer Russo,uparrish@example.org,North America,Re-contextualized actuating infrastructure,Clothing,8,0.0,2995.2
f157f169-c3ad-4ffd-b447-9e706e4ae071,2024-11-01 13:43:57.000000,Kendra Sanders,john10@example.net,Middle East,Advanced context-sensitive instruction set,Toys,6,0.3,1321.88
a96bc761-3717-4e45-a570-6108fc78090e,2025-07-07 03:45:19.000000,Donald Juarez,barbaramoore@example.org,Asia,Organic zero-defect hierarchy,Electronics,10,0.2,4011.15
acb70476-b27c-4721-89d4-4ce24f50b598,2025-03-14 15:04:33.000000,Bryan Jimenez,ythompson@example.net,North America,Reverse-engineered multi-state knowledge user,Home & Garden,9,0.2,2661.98
cc650374-91e2-4c1e-bb89-5644549dd3b5,2026-06-01 09:01:19.000000,Jennifer Robinson,williamdavis@example.org,Latin America,Front-line encompassing leverage,Toys,7,0.3,545.45
24ec755d-683a-455e-b23e-9b0b82095583,2026-08-20 11:18:07.961183,Jacqueline Mccoy,aguilarjonathan@example.org,Latin America,Front-line encompassing leverage,Toys,6,0.2,537.03
963d4606-ae6b-49de-baec-fb4c8a240d57,2025-03-22 05:42:53.000000,Jane Harper,shawn96@example.org,Middle East,Down-sized scalable workforce,Home & Garden,7,0.1,1718.86
9c0e6192-f88c-4664-81bc-075cdcdc23fc,2024-08-31 03:13:53.000000,Kirk Thompson,wmatthews@example.com,North America,Intuitive system-worthy access,Clothing,4,0.3,63.36
9662f883-5bbc-4b30-8124-b471b64d158c,2024-10-21 22:50:30.000000,Jason Marshall,catherine55@example.net,North America,,,2,0.3,0.0
9d254dc4-122d-4f06-ba33-dca5c64d8e70,2024-09-08 09:54:27.000000,Margaret Montgomery,haynescharles@example.net,Middle East,,,9,0.3,0.0
2944e059-bafa-44da-a9e8-fe2a879f22eb,2026-02-09 23:37:18.000000,Steven West,rbennett@example.net,North America,Profound mobile time-frame,Clothing,3,0.1,545.65
99fd92a4-fad2-4d69-bfb1-537631d28c69,2026-03-13 23:13:58.000000,Chelsea Travis,lweaver@example.com,Asia,Innovative eco-centric open architecture,Toys,1,0.1,201.08
d5f304a0-2de9-4792-bd55-c844c24217c5,2024-12-08 18:18:17.000000,David Garcia,jennifer12@example.org,Europe,Multi-tiered dedicated circuit,Electronics,5,0.1,1098.39
7eb6af51-edc7-4d7b-a63f-89b5078c7f1d,2026-02-06 23:07:17.000000,Beth Cline,dustinmorris@example.org,North America,Profound mobile time-frame,Clothing,6,0.2,889.65
181af69a-16cf-4211-94f0-327b1e978ef7,2025-05-30 10:35:51.000000,Lisa Allen,kcaldwell@example.org,Latin America,Multi-lateral high-level open architecture,Toys,8,0.2,1642.74
af734c45-f2f3-4f61-b370-0e9292f1da69,2025-05-17 22:23:40.000000,Mercedes Barnes,huntchristine@example.com,North America,Innovative eco-centric open architecture,Toys,5,0.0,1108.22
b24841dd-619c-4496-a856-c822ce0ed735,2025-07-24 11:22:47.000000,Monica Herrera,smiller@example.net,Europe,Streamlined national conglomeration,Home & Garden,3,0.1,1154.81
b50f2f5c-2d6a-4dd4-9aeb-90f64faa8036,2025-06-20 06:17:25.000000,Carrie Lewis,joshuagriffin@example.org,Middle East,Multi-lateral contextually-based methodology,Sports,5,0.2,1071.85
173a603d-7feb-45e2-8083-ff8fe10a5f9f,2024-12-11 08:20:55.000000,Steve Newton,josephjacobs@example.net,Europe,User-centric coherent leverage,Sports,1,0.1,289.91
3a0517b2-335a-4fe5-a6c3-f83242b07e31,2025-04-19 18:38:13.000000,Regina Diaz,ismith@example.org,Middle East,User-centric coherent leverage,Sports,10,0.0,3236.16
14e1aabd-a20c-44ba-a5b0-8e26fc52a468,2025-04-10 20:37:29.000000,Luke Estrada,bhopkins@example.org,Middle East,Advanced context-sensitive instruction set,Toys,1,0.1,262.57
861c2a6f-1812-462f-8076-f92d73a469a5,2025-02-06 04:55:21.000000,Matthew Lamb,steinmaria@example.com,Middle East,Re-engineered clear-thinking application,Clothing,1,0.1,306.18
0f973342-9b2d-43a3-a119-e3310538fbfd,2025-09-26 17:24:28.000000,Travis Johnson,erikarush@example.com,Europe,User-centric coherent leverage,Sports,9,0.2,2427.12
18720dc7-5f86-4f8b-aec6-16940f243491,2024-11-28 21:05:38.000000,Mark Carpenter,kennedyjames@example.org,Europe,Horizontal maximized product,Electronics,3,0.3,454.33
877478d3-fc31-454d-b6ae-793600714e0f,2024-07-30 18:15:42.000000,Jacob James,seanbaker@example.com,Asia,Multi-tiered dedicated circuit,Electronics,3,0.3,490.77
4e674f72-627f-44eb-93ad-132c0131771e,2024-08-11 11:16:53.000000,Barry Welch,wendy16@example.org,Europe,Multi-lateral high-level open architecture,Toys,10,0.3,1781.28
9038ab45-916d-4a42-a7b7-95f9cccf4d37,2025-05-08 03:13:54.000000,Robert Pearson,cassidy82@example.org,Europe,,,1,0.1,0.0
2c21f1ed-f4a9-45b0-91c3-7e19dbfeed4a,2024-12-14 09:20:34.000000,Susan Wilson,jane39@example.com,Europe,Cross-platform uniform flexibility,Toys,7,0.1,1446.98
18d2bfd0-5862-4bb4-b9cc-596e37e75948,2026-05-29 08:51:00.000000,Michael Montoya,ebenson@example.org,Middle East,Advanced context-sensitive instruction set,Toys,3,0.2,751.48
99872384-2798-479b-a9a1-1cc0aee4f488,2025-05-07 14:47:04.000000,Chelsea Travis,lweaver@example.com,Asia,Devolved responsive model,Sports,10,0.0,2977.92
70d18e9e-e435-4335-ad4b-2c1392f0ae83,2026-01-20 15:25:39.000000,Mark Carpenter,kennedyjames@example.org,Europe,Multi-layered high-level initiative,Electronics,5,0.0,2147.52
2d701ddf-c5a0-47c3-a132-2e39d891b0a4,2025-08-19 01:04:29.000000,Jim Baker,orose@example.com,Latin America,Multi-layered high-level initiative,Electronics,5,0.1,2035.67
71f27f0f-d1a9-4f91-9079-fe4e261b047a,2024-08-13 13:23:29.000000,Emily Douglas,tanderson@example.org,Middle East,Down-sized scalable workforce,Home & Garden,8,0.2,1854.05
899f7cfb-ef6f-4d6a-89ed-1c7c9f40ce6a,2026-06-10 21:39:18.000000,Kimberly May,timothy64@example.com,Asia,Multi-lateral high-level open architecture,Toys,2,0.0,475.01
1ecadf24-f0d1-4a72-8b2c-7b1df5418b22,2026-04-08 23:10:14.000000,Garrett Meyer,frazierjennifer@example.com,Latin America,Down-sized contextually-based adapter,Sports,6,0.2,1395.87
4a9b37f0-ef5e-4a66-8fc9-4cd0ef2adff8,2024-10-12 16:51:07.000000,Shannon Yu,janet69@example.org,Middle East,Upgradable disintermediate protocol,Toys,1,0.1,345.63
97113545-2e2f-4ae7-aedb-3046595b9abc,2025-08-27 17:06:52.000000,Corey Rodriguez,jessicawong@example.net,Latin America,Decentralized grid-enabled service-desk,Electronics,7,0.3,1787.21
7f660f24-1987-4a42-a675-835a2ad9c360,2024-12-18 00:32:22.000000,Shawn Odom,roberthill@example.net,Europe,Optimized mission-critical moratorium,Home & Garden,9,0.0,2339.77
9cfa2010-ff51-4c96-a7be-a2b29a7f326f,2026-07-05 13:48:32.000000,Patrick Parker,nathan94@example.com,Asia,,,2,0.2,0.0
edb92750-7465-4ff9-b014-db87565fa125,2025-12-14 10:53:16.000000,Jennifer Mitchell,zhenderson@example.org,Latin America,Advanced context-sensitive instruction set,Toys,4,0.2,1001.98
c8b8547b-638b-46ac-94ee-e3138c487218,2025-07-03 21:54:22.000000,Patricia Baker,katiebutler@example.net,North America,Fundamental contextually-based neural-net,Electronics,10,0.2,1958.88
8df1363a-ab30-4184-9dcb-2fbff1aab637,2024-09-09 20:06:41.000000,Keith Flynn,kellyhill@example.net,North America,User-centric coherent leverage,Sports,1,0.2,259.57
243191eb-5d9e-4717-bf08-6a9e569db57e,2025-01-22 23:28:43.000000,Andrew Williams,linda87@example.org,North America,Fundamental contextually-based neural-net,Electronics,7,0.2,1305.92
30370fff-7da2-4b48-914d-4890f5dbed2c,2026-03-29 18:01:14.000000,Shawn Odom,roberthill@example.net,Europe,Cross-platform asymmetric leverage,Electronics,9,0.1,1551.87
0f01fe85-5bba-43ac-8aa5-aaf2677f33b8,2026-07-02 22:38:24.000000,Kim Brown,yorkcasey@example.org,North America,Intuitive system-worthy access,Clothing,1,0.1,20.24
cf979ff0-7afd-4718-abce-d334fb7b00c7,2026-05-07 05:39:04.000000,Lauren Moore,shannonedwards@example.org,North America,Synergistic demand-driven implementation,Clothing,6,0.2,2421.13
c12e3882-b527-4a0a-a8df-7aa5e8e00199,2026-05-03 17:02:06.000000,Dr. Alicia Powell,hawkinsaaron@example.org,Asia,User-centric coherent leverage,Sports,10,0.1,2899.06
85147bc9-d907-4a3f-9949-ab8a975481a3,2024-09-29 15:16:39.000000,Alan Kramer,john19@example.net,Middle East,Synergized zero-defect conglomeration,Clothing,2,0.2,529.93
e9701e00-520f-43e7-a7a1-3e62a9dbf628,2025-09-03 14:03:54.000000,Matthew Adams,gallagherstacie@example.net,North America,Horizontal heuristic Graphic Interface,Electronics,1,0.2,61.46
882c4812-b3c3-4428-9338-e35d90208d23,2025-08-30 04:28:05.000000,Rachel Shields,carterpaul@example.org,Latin America,Front-line encompassing leverage,Toys,9,0.2,739.21
a4a8a844-8bdf-4208-81c5-bc8b64e94d6a,2024-12-24 01:25:39.000000,Wanda Perez,valdezmichele@example.org,Europe,Fundamental contextually-based neural-net,Electronics,4,0.3,680.94
72a9dfa1-22ae-4888-9200-41ca4855f44a,2026-03-06 00:52:30.000000,Allison Weaver,tapiaaaron@example.net,Europe,Front-line encompassing leverage,Toys,1,0.2,85.29
a057c558-f1ba-408e-8aff-5eee32b2d952,2025-06-17 02:56:52.000000,Blake Orr,shawrachel@example.net,Asia,Re-engineered clear-thinking application,Clothing,8,0.2,2156.54
1517703e-6087-45a5-af65-4201677c25b0,2025-08-05 22:43:07.000000,Joseph Knight,georgemiller@example.com,Middle East,Cross-platform fresh-thinking hierarchy,Toys,2,0.0,852.8
524ec63c-1ab4-4e05-bdc1-dda00619feb0,2025-09-29 22:17:45.000000,Emily Taylor,deanna38@example.net,Asia,Cross-platform fresh-thinking hierarchy,Toys,9,0.0,3722.47
49858ab5-c54f-447e-894e-e2f0fe068b4e,2026-03-11 17:19:55.000000,Sarah Rhodes,patrick21@example.net,Europe,Function-based grid-enabled adapter,Clothing,7,0.0,991.96
870d8661-0e1c-4d4d-b2eb-3819af1e0ecd,2026-04-27 15:32:21.000000,Lisa Allen,kcaldwell@example.org,Latin America,Advanced context-sensitive instruction set,Toys,7,0.2,1795.71
16d4fdff-f260-4a26-b025-f0410aa86e33,2025-03-16 12:54:37.000000,Edwin Matthews,cgrimes@example.net,Latin America,Cross-platform uniform flexibility,Toys,9,0.1,1967.33
e67882ae-bf73-4026-9664-6ca5e4602d31,2025-10-07 17:07:05.000000,Tiffany Townsend,matthewsalexander@example.org,Asia,Reverse-engineered multi-state knowledge user,Home & Garden,8,0.3,2244.86
504b9abb-a414-45de-ac61-3d5c8af41753,2026-02-15 04:31:56.000000,Brittany Miller,dixonjames@example.org,Europe,Cross-platform fresh-thinking hierarchy,Toys,7,0.0,2865.41
0c15cb28-0728-4719-88c7-5e8a0c46d8be,2025-03-13 07:06:11.000000,Rebecca Henderson,cruzcaitlin@example.com,North America,Expanded intangible standardization,Clothing,3,0.2,185.17
f6d4f767-5a0d-4f8c-b030-6e866288e5da,2025-09-11 16:25:24.000000,Brian Leon,smithmaria@example.org,Europe,Cross-platform uniform flexibility,Toys,3,0.2,605.88
af25762c-d34d-49ae-92e1-06a40d6c6599,2026-05-30 14:49:38.000000,John Shields,franciscojones@example.org,Asia,Organized attitude-oriented implementation,Clothing,4,0.1,1225.33
8623d81e-8224-4a50-bd10-f69f6f0dc87b,2026-05-11 14:24:18.000000,Robert Pearson,cassidy82@example.org,Europe,User-centric coherent leverage,Sports,2,0.3,478.68
ae5ec1fc-5eee-4114-823d-269c2da46bc5,2026-01-15 01:29:59.000000,Corey Fox,joseph61@example.com,North America,Re-contextualized actuating infrastructure,Clothing,5,0.1,1647.36
19412cae-36e9-4637-a921-26db0b72d0ef,2025-07-11 03:14:12.000000,Nicholas Costa,ysnyder@example.com,Europe,Synergistic demand-driven implementation,Clothing,8,0.1,3425.02
38b89fc4-e471-42b1-af8a-637df330dc59,2026-01-25 08:04:39.000000,Keith Rodriguez,justin88@example.com,Europe,Front-line encompassing leverage,Toys,1,0.1,95.82
341fab4a-b6ca-4840-92ad-bc1b51ffdef6,2025-08-09 16:22:51.000000,Paul Williams,jeffrey10@example.org,North America,Down-sized scalable workforce,Home & Garden,7,0.0,1931.3
34be5f01-61a9-4ecf-ac0d-d9ba0b94729c,2026-06-20 06:58:34.000000,Karen Howard,kathleenhall@example.com,Asia,Innovative eco-centric open architecture,Toys,3,0.1,589.53
4a5a62d3-ec9f-4a0a-9dc7-deabb07bd4ed,2024-07-24 16:07:09.000000,Michael Harris,maryscott@example.net,Asia,Decentralized grid-enabled service-desk,Electronics,5,0.0,1798.0
d04a902a-a8db-4a2c-bd8a-0701e7867bbf,2026-07-01 21:11:06.000000,Michael Warner,ojones@example.com,Europe,Innovative eco-centric open architecture,Toys,9,0.3,1521.81
2d53a810-fc01-446c-94ac-13ced4d05762,2025-05-19 20:20:19.000000,Laurie Goodwin,thickman@example.org,Latin America,Organized contextually-based orchestration,Electronics,6,0.3,1714.33
eae6c3da-5f2d-48b8-ba76-9378d39a3c87,2026-05-02 17:16:09.000000,Jeffrey Colon,kevinmorrison@example.net,Latin America,Team-oriented cohesive approach,Sports,9,0.0,2033.01
24447277-27ea-4665-8b75-2e4966e6c48a,2025-10-29 01:19:17.000000,William Johnson,jbond@example.net,Asia,Front-line encompassing leverage,Toys,6,0.2,505.44
42186e6d-ab24-474a-9f2b-e8ba3f05344c,2026-06-06 00:25:27.000000,Tracey Wagner,fortiz@example.com,Middle East,Up-sized foreground toolset,Toys,8,0.2,1384.71
920ee451-ae2e-49e2-ac3f-4800ec13d7c3,2026-01-23 14:21:19.000000,Jacob Santos,brooksdanielle@example.net,Europe,Fundamental contextually-based neural-net,Electronics,5,0.2,886.16
4f4b1252-a04e-43d7-a6ef-3a0bdd1e4932,2024-12-27 02:57:09.000000,Jacqueline Mccoy,aguilarjonathan@example.org,Latin America,Advanced context-sensitive instruction set,Toys,7,0.0,2070.35
bc94046e-a741-4d2c-a0f1-3db6f0b5b7b3,2026-06-30 17:03:32.000000,Grant Phillips,devonmorrison@example.net,Asia,Robust secondary infrastructure,Toys,8,0.1,1398.37
029e435d-b0b6-45da-a8c1-8df945ca17af,2025-06-09 00:29:03.000000,Chelsea Gill,timothybooth@example.com,Europe,Open-architected asynchronous artificial intelligence,Other,3,0.2,499.99
4730b04b-608b-4508-a9e4-4d26d2d47ec7,2026-05-06 11:37:21.000000,Kayla Jackson,sandra99@example.org,Asia,Horizontal heuristic Graphic Interface,Electronics,9,0.1,644.18
c77b4fff-d114-4da1-b082-d7e6e6ace778,2025-08-04 04:47:49.000000,Nicholas Costa,ysnyder@example.com,Europe,Devolved responsive model,Sports,10,0.3,2202.42
a064bc2a-02ab-4565-99a2-186f40e07e0f,2026-01-09 21:20:56.000000,Brenda Lawson,ejohnson@example.org,Latin America,Operative responsive pricing structure,Sports,10,0.2,303.75
c46268d6-b22d-4bfe-8ab3-5cb1653d6c17,2025-07-04 20:08:18.000000,Sarah Wagner,rebecca01@example.net,Asia,Profit-focused grid-enabled infrastructure,Toys,1,0.3,128.91
3914dce2-b083-47e1-a9b7-f1f520fed1f3,2024-09-13 18:27:04.000000,Michael Warner,ojones@example.com,Europe,,,2,0.2,0.0
28af3b73-1d82-42a8-9d48-0843a3398f8e,2026-06-21 18:19:42.000000,Shannon Davis,hallrachel@example.net,Latin America,Reverse-engineered multi-state knowledge user,Home & Garden,8,0.1,2730.24
2ef0963c-1106-4a35-bd10-bf9fca8b6e4c,2025-09-11 01:03:48.000000,Maria Harper,williamsmatthew@example.org,Latin America,Business-focused 4thgeneration throughput,Sports,4,0.0,1415.42
ee3d114e-b70b-4594-ae4f-d45ff48fab06,2026-01-11 19:52:46.000000,Susan Davis,amandasharp@example.org,Middle East,Decentralized tangible model,Clothing,1,0.2,332.26
4954105b-8948-4754-88e9-18f965f0bb99,2025-02-27 03:03:52.000000,Don Tucker MD,dramsey@example.org,Asia,Profit-focused grid-enabled infrastructure,Toys,2,0.1,303.11
1bc6229e-42f1-4c7b-91f2-9ea4db029414,2026-03-04 01:39:01.000000,Patricia Baker,katiebutler@example.net,North America,Open-architected asynchronous artificial intelligence,Other,1,0.3,144.58
e2b6a842-d2a8-4922-a518-93471e910b71,2026-06-07 15:13:53.000000,Susan Smith,marydunn@example.net,Middle East,Synergistic demand-driven implementation,Clothing,8,0.1,3503.75
8e041844-1625-4089-b340-e6f133be8942,2026-05-09 10:50:01.000000,Kevin Snyder,jessicapayne@example.org,Middle East,Down-sized scalable workforce,Home & Garden,9,0.1,2334.11
84aa6e12-208a-4c4f-b366-da877f7ac78c,2024-08-17 17:11:18.000000,Jennifer Russo,uparrish@example.org,North America,Streamlined national conglomeration,Home & Garden,8,0.2,2864.64
1c852510-1bfd-4626-ba93-ef0e780d90b6,2025-01-14 14:02:06.000000,Michael Paul,umatthews@example.org,North America,Multi-layered high-level initiative,Electronics,3,0.1,1167.71
2f39f8c8-6358-4706-9545-b25409bc6a80,2024-09-23 22:20:54.000000,Richard Diaz,brittanygardner@example.net,Latin America,Multi-layered high-level initiative,Electronics,2,0.2,742.68
114126af-ce70-43f7-b190-dea4c335e9e5,2025-01-24 18:21:46.000000,Jack Mora,sarahmathews@example.net,Middle East,Organic zero-defect hierarchy,Electronics,2,0.1,887.17
7027e1f1-5ef3-4d4d-9d85-aa726f9a544a,2026-02-14 11:33:18.000000,James Howard,huffmannichole@example.net,North America,Fundamental contextually-based neural-net,Electronics,1,0.1,207.55
c4e57a92-98d5-46b9-b128-7916248bd5aa,2024-08-21 21:02:41.000000,Tyler Stevens,amy49@example.com,Europe,Down-sized scalable workforce,Home & Garden,9,0.3,1837.49
c44c5c78-80ed-419c-af01-6e79a9b24a99,2024-12-14 18:25:38.000000,Cody Holt,sandra84@example.org,Europe,Expanded intangible standardization,Clothing,9,0.2,629.59
51634a91-b993-465f-b5de-d447c4bfa424,2024-08-23 23:29:17.000000,Joanna Barrett,tamarasmith@example.net,Asia,Organized contextually-based orchestration,Electronics,10,0.2,2935.5
ebfdb100-4034-4202-b34e-5ba1dc07605e,2024-12-04 07:52:47.000000,Laura Henderson,sreid@example.net,Europe,Fundamental contextually-based neural-net,Electronics,2,0.1,405.77
e6ccd201-335d-4080-b647-f43f59a14829,2025-12-03 07:19:54.000000,Michael Ray,crawfordwilliam@example.org,North America,Team-oriented cohesive approach,Sports,2,0.2,382.63
2731660c-6149-4e42-a42d-03af0e721365,2025-03-04 15:25:57.000000,Raymond Jefferson,hoganashlee@example.org,Asia,Profound mobile time-frame,Clothing,5,0.0,958.84
2f1835b1-39a9-4a45-904b-5372816ea5c2,2025-11-20 03:53:29.000000,Shannon Davis,hallrachel@example.net,Latin America,,,1,0.2,0.0
b89f52d2-a873-4d14-95fc-cc1431c034f0,2025-06-26 20:56:29.000000,Alan Kramer,john19@example.net,Middle East,Optimized mission-critical moratorium,Home & Garden,4,0.2,787.8
11c3138b-70c6-4b42-9f0f-f647067ab1d7,2026-05-07 02:18:47.000000,Robert Pearson,cassidy82@example.org,Europe,Front-line next generation Internet solution,Toys,7,0.2,730.51
49adb07b-874f-4c5c-9a06-64b93eeb2f03,2025-09-26 12:16:36.000000,Sarah Wagner,rebecca01@example.net,Asia,Multi-lateral contextually-based methodology,Sports,5,0.0,1235.78
f6d4461c-8c10-46bf-a4b3-7794293db7fa,2025-03-24 15:24:33.000000,Robin Trujillo,amanda98@example.org,Europe,Cross-platform uniform flexibility,Toys,9,0.3,1539.65
10ac72bd-af4c-4dfc-9c82-780f0e84c070,2025-06-04 09:19:20.000000,Thomas Cohen,rachel90@example.org,Latin America,Advanced context-sensitive instruction set,Toys,7,0.2,1711.21
9e5baabf-0478-4088-88c6-2a79849ebfa5,2026-01-31 14:32:54.000000,Eric Patrick,johnsonmatthew@example.org,Asia,Down-sized contextually-based adapter,Sports,2,0.2,454.34
52581086-eecc-4487-b95d-43d62b7f90a5,2025-05-04 16:01:09.000000,David Cannon,campbellnancy@example.com,Latin America,Front-line next generation Internet solution,Toys,1,0.0,130.78
1a9226d6-e6c9-4d54-a4bb-879609d68cdc,2026-01-03 12:22:05.000000,Susan Davis,amandasharp@example.org,Middle East,Front-line next generation Internet solution,Toys,4,0.1,475.56
00e03200-6197-437c-8182-c4813bd14558,2025-10-01 01:29:15.000000,Patrick Hardy,staceylam@example.net,North America,Synergized zero-defect conglomeration,Clothing,3,0.1,957.95
c4c93949-6334-4ca6-904f-0a710ef473a2,2025-10-04 08:35:06.000000,John Allen,brent38@example.net,Latin America,User-friendly tangible synergy,Clothing,6,0.3,1076.54
c31dfb91-397a-4433-9b64-8ca71ea0dd2d,2025-11-20 23:53:34.000000,Amber Glass,zunderwood@example.com,Asia,Synergized zero-defect conglomeration,Clothing,4,0.2,1154.98
12ecaf24-8bab-4c1b-904a-a13409028dd7,2024-08-05 08:45:24.000000,Denise Cruz,pmarsh@example.org,North America,Down-sized scalable workforce,Home & Garden,10,0.2,2179.61
79f73374-e92a-409b-92f1-8f28a61bdc7d,2026-07-18 22:39:36.000000,Patrick Hardy,staceylam@example.net,North America,Profit-focused grid-enabled infrastructure,Toys,6,0.3,742.09
484fda28-62d4-4bff-a510-f7b4924d4a86,2026-01-04 12:28:42.000000,Daniel Miller,ramseysarah@example.com,North America,,,10,0.2,0.0
e9058f29-731d-46ec-a303-2bd49db564b5,2026-02-22 00:48:23.000000,Brian Harris,mserrano@example.org,Middle East,Intuitive system-worthy access,Clothing,9,0.1,170.28
9cd3e931-7d95-4e47-aed1-4cec3cd7e0ea,2025-01-31 04:54:30.000000,Jacob Hunter,alexander67@example.org,Europe,Multi-tiered dedicated circuit,Electronics,1,0.0,226.69
a2fe9cb4-fcec-4791-bae9-df3f585b8128,2025-07-09 09:18:13.000000,Juan Brown,warnerchristopher@example.com,Europe,Horizontal heuristic Graphic Interface,Electronics,4,0.2,248.96
27340be8-e609-4042-ab5f-89447aa83419,2025-07-08 19:06:57.000000,James Davis,thomasboyle@example.org,Europe,Exclusive object-oriented orchestration,Other,5,0.2,550.94
394d9156-5c31-4125-a123-433f895517ec,2024-11-10 03:43:51.000000,Jennifer Hayes,bhamilton@example.com,Middle East,,,1,0.3,0.0
2ca26887-bb21-48c4-a318-8a65496fe308,2025-05-18 17:02:52.000000,Jeffrey Chavez,teresa28@example.org,North America,Business-focused 4thgeneration throughput,Sports,4,0.2,1225.73
290a8303-e1c6-47c2-81d8-93a5ffc7aba2,2025-05-02 21:15:17.000000,Kenneth Howard DDS,alicia28@example.org,Asia,Team-oriented cohesive approach,Sports,1,0.2,191.32
ce3200af-6e86-49f1-855c-22adbd71017f,2025-03-10 21:32:02.000000,Edward Novak,adkinsbrian@example.net,Asia,Team-oriented cohesive approach,Sports,7,0.2,1274.66
690e1a7e-75be-4ba7-8ae4-e09624dc1ee5,2026-01-23 23:55:33.000000,James Davis,thomasboyle@example.org,Europe,Down-sized contextually-based adapter,Sports,7,0.2,1609.36
3a1bba9c-da07-408e-8a9f-a5a1e13ae6f4,2025-05-29 09:54:37.000000,James Elliott,millerroy@example.com,North America,Function-based grid-enabled adapter,Clothing,2,0.3,211.12
5a5a5dac-a062-4c48-9713-1c2e2001965b,2024-12-29 15:03:51.000000,Leah Vincent,stevendixon@example.com,Latin America,Re-contextualized actuating infrastructure,Clothing,6,0.1,2111.62
e23509a8-6bcf-4fa4-a7e2-020ef11f1e97,2025-06-10 10:45:07.000000,Daniel Bernard,vhernandez@example.net,Latin America,Synergized zero-defect conglomeration,Clothing,4,0.1,1263.68
71a2f6c1-73ca-44e3-bbc3-553b75e8abfe,2025-05-18 16:52:53.000000,Mark Copeland,martinezmia@example.com,North America,Re-engineered clear-thinking application,Clothing,4,0.1,1171.46
537574b0-567a-45f8-9d12-490e76a90f78,2025-12-19 19:14:29.000000,James Bailey,jeffery48@example.net,Europe,Organized attitude-oriented implementation,Clothing,10,0.0,3526.38
87a9efaf-b92a-41b7-a213-cdad661d3354,2024-12-27 22:19:02.000000,Anna Chang,smithdevon@example.net,Asia,Re-engineered clear-thinking application,Clothing,4,0.2,1011.71
30e31645-b66c-4a03-b78a-a5263efa528c,2025-10-05 11:16:33.000000,Norman Cook,vpham@example.org,Asia,Synergized zero-defect conglomeration,Clothing,3,0.1,886.62
bab3d9a3-dfa4-46da-b2b0-74a331d16ea8,2025-12-15 02:30:32.000000,Charles Gonzalez,kathleenrios@example.org,Asia,Profit-focused grid-enabled infrastructure,Toys,6,0.1,940.68
e67d9f00-5d08-4254-9e6e-ac9cc8bc7784,2025-07-15 21:44:07.000000,William Johnson,jbond@example.net,Asia,Cross-platform uniform flexibility,Toys,5,0.0,1140.48
cac5a4c6-c393-4806-9cc8-c8018c573243,2025-06-03 01:19:56.000000,Katrina Burns,thomas05@example.com,North America,Exclusive object-oriented orchestration,Other,2,0.2,228.96
36a8d53d-4e90-4e87-a4dd-2fe15ff3fbbf,2025-05-22 02:39:20.000000,Norman Cook,vpham@example.org,Asia,Front-line next generation Internet solution,Toys,9,0.1,1117.57
d5382419-e798-49bf-8ce1-ca1673cb3b3f,2026-03-14 14:57:21.000000,John Pineda,hernandezmarcus@example.org,Middle East,,,8,0.2,0.0
0d06d891-6980-4e3c-9fa3-fe4bdebf96d3,2024-12-22 21:02:56.000000,Jennifer Harris DDS,jwhite@example.net,Middle East,Re-contextualized actuating infrastructure,Clothing,9,0.1,3066.34
e3d21a33-8d3b-41df-9672-67353798fc80,2024-11-19 17:14:32.000000,Scott Hernandez,tanyafoster@example.org,Asia,Cross-platform uniform flexibility,Toys,9,0.3,1561.03
847aefa5-efe7-49dd-a260-dcbea8deeb1c,2025-06-21 08:48:56.000000,Brenda Mitchell,ihorton@example.net,Europe,Down-sized contextually-based adapter,Sports,9,0.2,2093.8
061a1396-7167-48ee-b175-82082e292386,2026-01-11 00:18:47.000000,Kim Brown,yorkcasey@example.org,North America,Innovative eco-centric open architecture,Toys,7,0.2,1263.6
aac016bd-9140-495d-a2ce-f95934da1f50,2024-12-01 20:26:49.000000,Chad Smith,hbenton@example.net,Asia,Streamlined national conglomeration,Home & Garden,5,0.0,2193.24
ae3dc742-bef8-404b-bbcf-57d745f84c5d,2025-10-01 13:38:53.000000,Warren Schultz,mary49@example.net,Asia,Fundamental contextually-based neural-net,Electronics,9,0.1,1951.88
66e1608e-a428-4ec4-a7e6-287bc4ecea32,2025-10-10 15:50:51.000000,Alyssa Lee,marywright@example.com,Europe,Horizontal maximized product,Electronics,4,0.0,819.07
de373877-3ee6-4872-b7f4-d7f9510588a9,2026-02-14 13:46:48.000000,Nicholas Costa,ysnyder@example.com,Europe,Function-based grid-enabled adapter,Clothing,8,0.3,821.33
7c976337-ee66-4fd2-833b-14ed216c0ed0,2025-03-23 14:26:57.000000,Jennifer Robinson,williamdavis@example.org,Latin America,Streamlined national conglomeration,Home & Garden,1,0.1,411.79
9cc15301-c36d-42ec-aeda-69bc9c406cbe,2025-09-06 02:39:40.000000,Mark Copeland,martinezmia@example.com,North America,Team-oriented cohesive approach,Sports,5,0.2,864.38
09098704-e03c-419a-a0ca-381cbc3dc68a,2025-12-28 04:51:58.000000,Kyle Reed,samuel81@example.com,North America,Synergized zero-defect conglomeration,Clothing,5,0.3,1256.89
15f3b747-10bb-4ed3-8976-5bdf18d939eb,2024-08-06 15:56:18.000000,Christopher Ferrell,tjimenez@example.com,Europe,Streamlined national conglomeration,Home & Garden,1,0.3,331.22
de952d1d-dcbc-4e3f-ab90-60cb02381c49,2024-08-30 23:09:49.000000,Christopher Ferrell,tjimenez@example.com,Europe,Function-based grid-enabled adapter,Clothing,1,0.1,134.48
be5b8a92-33f8-457c-9b50-73c7e6dc9c76,2024-11-14 23:13:26.000000,Matthew Lamb,steinmaria@example.com,Middle East,Advanced context-sensitive instruction set,Toys,1,0.2,253.51
d736b50e-4ebc-4f60-b687-f1e1f53ca48b,2024-09-10 06:32:29.000000,Brenda Lawson,ejohnson@example.org,Latin America,Optimized mission-critical moratorium,Home & Garden,10,0.2,2022.02
50c49c2b-e8c4-41fc-9f8c-1c815ce9a3d3,2025-10-17 04:03:02.000000,Eric Sanders,wking@example.net,Latin America,Front-line next generation Internet solution,Toys,10,0.1,1241.74
799f52c0-7255-4e4e-9408-7cd1e78e4df0,2025-04-10 00:07:50.000000,Katie Gonzalez,kathryn88@example.org,Europe,Up-sized foreground toolset,Toys,10,0.1,1906.17
4da12b02-4a2c-4830-acdb-1625b41f5721,2024-10-07 19:52:10.000000,Corey Rodriguez,jessicawong@example.net,Latin America,User-friendly tangible synergy,Clothing,1,0.2,189.39
e69bf25c-28e9-472b-8fd7-dcedcd65e328,2026-06-04 22:38:05.000000,Jim Baker,orose@example.com,Latin America,Team-oriented cohesive approach,Sports,5,0.3,852.85
1e521d48-6a49-4f0b-a9cb-31b126ea945e,2025-09-07 10:40:10.000000,Patrick Smith,meyernicholas@example.org,Europe,Organized attitude-oriented implementation,Clothing,8,0.1,2479.15
288510d1-68e0-4800-9e48-2e45e904ee42,2025-09-30 05:57:32.000000,Blake Orr,shawrachel@example.net,Asia,Down-sized scalable workforce,Home & Garden,9,0.1,2284.45
3fd8027f-e755-4655-9916-2e44b0a17621,2024-10-17 00:58:25.000000,Willie Dillon,jeffreyjenkins@example.org,Latin America,Cross-platform uniform flexibility,Toys,3,0.3,520.34
e8c0563d-258a-4c6b-b205-da82a9f3531b,2025-07-01 13:23:29.000000,Angela Schultz,rebeccabailey@example.net,North America,Reverse-engineered multi-state knowledge user,Home & Garden,5,0.0,1839.12
22b6995e-0a14-4309-8173-d1d918d98279,2026-06-04 16:29:31.000000,Nicholas Edwards,elizabeth52@example.net,Middle East,Business-focused 4thgeneration throughput,Sports,9,0.1,2987.71
7a14cf98-611e-4047-b90a-474e6185e21b,2024-11-30 09:20:54.000000,Martha Wright,colemichael@example.org,Middle East,Function-based methodical product,Clothing,1,0.2,345.63
b028bafc-960f-46d9-851b-b698c463299a,2026-04-17 07:30:24.000000,Kristen Salazar,jonesraymond@example.net,Latin America,Multi-tiered dedicated circuit,Electronics,5,0.2,899.74
95bb6e09-70e1-4734-ae52-3a035cc53673,2025-10-08 04:57:42.000000,James Howard,huffmannichole@example.net,North America,Business-focused 4thgeneration throughput,Sports,10,0.0,3648.0
05155381-e4dc-4680-b284-71562e8ca6bf,2025-08-06 22:59:01.000000,Lisa Goodwin,pyoung@example.com,North America,Down-sized scalable workforce,Home & Garden,6,0.2,1241.55
58052a55-9118-40e6-abf8-9388f254a50e,2026-06-08 20:38:04.000000,Allison Thomas,gonzalezkaren@example.org,Middle East,Expanded intangible standardization,Clothing,8,0.1,566.22
e2f10e16-15c3-4fae-bce1-76a156fb9a22,2025-05-04 08:29:18.000000,Heidi Stark,brownamy@example.net,Latin America,Re-engineered clear-thinking application,Clothing,8,0.0,2635.78
9fc08086-228b-468a-ad5f-4dd311a2c64d,2025-03-11 02:08:09.000000,Michelle Pierce,patricia22@example.com,Latin America,Exclusive object-oriented orchestration,Other,9,0.1,1197.75
2644b6f9-eab1-4bcf-a4c4-0063ad6853c6,2024-10-15 04:26:47.000000,Dean Santiago,john62@example.net,Latin America,Operative responsive pricing structure,Sports,2,0.1,74.52
f5ddb7d2-ca7c-4927-af5e-0d74fe2e7c0f,2025-12-22 13:03:13.000000,Vanessa Hatfield,david96@example.com,Europe,Horizontal maximized product,Electronics,6,0.3,908.66
52194d62-a25c-4c5c-b629-c95532773b28,2025-03-05 01:34:15.000000,Heidi Stark,brownamy@example.net,Latin America,Expanded intangible standardization,Clothing,5,0.2,316.86
c95d2093-f2e2-4d2f-8af3-c094b61ed8af,2024-09-23 12:22:09.000000,Frederick Solis,xcollier@example.org,Europe,Front-line next generation Internet solution,Toys,8,0.0,1014.53
cca0152e-fbcb-4db6-9a51-ec625ace6550,2025-08-09 06:35:18.000000,Jack Mora,sarahmathews@example.net,Middle East,Expanded intangible standardization,Clothing,3,0.3,182.71
971f640d-e41b-43b9-9f32-5c4c0415a961,2025-06-10 10:59:41.000000,William Johnson,jbond@example.net,Asia,Synergized zero-defect conglomeration,Clothing,4,0.0,1318.04
d9ebb495-5d7e-4b5f-ab47-86c5fde02b7a,2025-02-02 06:44:43.000000,Michael Brown,whiteheadmichele@example.org,Middle East,Expanded intangible standardization,Clothing,9,0.3,548.12
fb66bcaf-47be-40eb-836f-ad3831286dc8,2025-08-29 05:19:48.000000,Beth Cline,dustinmorris@example.org,North America,Devolved responsive model,Sports,1,0.2,257.47
7d5704df-0600-42c3-aa7a-109ee77ee2a9,2025-03-25 10:18:41.000000,Lisa Crosby,antonio53@example.com,Europe,Synergized zero-defect conglomeration,Clothing,5,0.3,1205.94
a63f69ea-0d50-48fc-aab8-c610e7e399b8,2025-01-22 11:24:35.000000,Andrew Stewart,carl95@example.org,North America,Reverse-engineered multi-state knowledge user,Home & Garden,6,0.2,1911.17
72ed257b-435b-4625-8e7f-b47fb354f19d,2025-06-22 06:32:55.000000,Nicholas Mcbride,wrightjames@example.com,Latin America,Open-architected asynchronous artificial intelligence,Other,4,0.1,722.88
bfffd800-45d8-4da6-8a5b-4eb256679189,2026-03-03 02:49:45.000000,Norman Cook,vpham@example.org,Asia,Horizontal heuristic Graphic Interface,Electronics,8,0.0,603.73
148ae202-a8cf-40c8-b545-3946a81d0ecf,2025-04-05 13:50:21.000000,Norman Cook,vpham@example.org,Asia,Cross-platform uniform flexibility,Toys,4,0.1,855.36
df3e03c2-2172-44cf-8808-1d218d204cf6,2026-07-10 15:50:07.000000,Marcus Winters,megan90@example.org,Europe,Reverse-engineered multi-state knowledge user,Home & Garden,7,0.0,2601.31
92dae5a7-bc11-433c-82bb-c9159fc9953a,2024-08-04 21:55:21.000000,Corey Rodriguez,jessicawong@example.net,Latin America,User-centric coherent leverage,Sports,3,0.0,1001.19
e78f980a-331b-438a-a173-a99e4d7e6eeb,2025-07-21 03:28:19.000000,Melissa Abbott,jamie98@example.org,Europe,Re-contextualized actuating infrastructure,Clothing,6,0.3,1594.94
b1fe69b8-0936-412c-a36d-feba6148ca39,2025-12-24 20:58:43.000000,Casey Obrien,michele28@example.org,Middle East,Robust secondary infrastructure,Toys,6,0.1,1013.42
55ec2b78-6009-4db3-b265-293e45314fd0,2025-05-01 21:18:56.000000,Blake Sosa,waustin@example.net,Middle East,User-centric coherent leverage,Sports,10,0.0,3337.29
fe600c12-da87-46db-8338-b815cd9afa65,2026-03-22 00:50:41.000000,Elizabeth Martin,michaeleverett@example.com,North America,Profit-focused grid-enabled infrastructure,Toys,5,0.3,627.12
5795bee7-b510-461a-a83d-ef146cacf6d9,2024-10-31 18:46:50.000000,Warren Schultz,mary49@example.net,Asia,Operative responsive pricing structure,Sports,1,0.0,39.28
42f76d43-b818-4f1c-98a3-2011f1624df9,2025-09-23 00:56:27.000000,Amanda Diaz,christopherphillips@example.net,Asia,Devolved responsive model,Sports,9,0.2,2205.52
4444a6bd-4819-423a-bd23-fd9a31621e95,2024-09-23 16:43:14.000000,Alyssa Lee,marywright@example.com,Europe,Horizontal heuristic Graphic Interface,Electronics,10,0.2,614.62
abfb9abf-eb34-4953-b32a-f4e8e9d1c994,2024-09-24 20:28:51.000000,Brian Simmons,jose86@example.net,Middle East,Organized contextually-based orchestration,Electronics,7,0.2,2054.85
5190ae93-e9d0-42ec-aa8d-904cce339ee0,2026-05-21 02:55:01.000000,Vanessa Patel,davidalvarez@example.net,Middle East,Organic zero-defect hierarchy,Electronics,3,0.1,1259.97
05e3d107-1d0f-4e16-a554-674f8240252d,2026-04-11 17:21:07.000000,Lauren Moore,shannonedwards@example.org,North America,Intuitive system-worthy access,Clothing,2,0.3,31.24
1b679a64-c316-459c-8e64-debe20e7118a,2025-01-25 16:54:13.000000,Tracy Torres,pwilson@example.net,North America,Down-sized scalable workforce,Home & Garden,9,0.3,1738.17
10a12a0b-5f96-400d-ad56-e616130cd65b,2024-11-17 14:39:51.000000,Jack Mora,sarahmathews@example.net,Middle East,Horizontal maximized product,Electronics,7,0.2,1254.2
c7647651-3ca8-42f2-8d2c-4a3092689d81,2024-09-26 20:47:42.000000,Lisa Allen,kcaldwell@example.org,Latin America,Profound mobile time-frame,Clothing,1,0.2,162.11
b91d8c4c-0278-4c40-934e-2bd9dd1ad072,2024-07-31 10:27:22.000000,Jacqueline Mccoy,aguilarjonathan@example.org,Latin America,Profound mobile time-frame,Clothing,9,0.1,1547.99
dec2c775-5754-4c43-8e96-a698bc8b7eb7,2026-06-26 23:07:08.000000,Elizabeth Walker,smithkevin@example.org,Latin America,Multi-layered high-level initiative,Electronics,10,0.1,4071.34
75f49056-f817-43a1-9f10-c0abf7347784,2025-11-23 02:31:43.000000,Kristen Salazar,jonesraymond@example.net,Latin America,,,8,0.1,0.0
aa3961be-c93f-4c2c-94b5-e773df973c95,2024-10-11 04:38:49.000000,Mr. Nicolas Salas II,maryhuff@example.com,Europe,Cross-platform fresh-thinking hierarchy,Toys,4,0.1,1483.87
ed3329b7-befe-4e22-ab02-30a03313d402,2024-09-22 00:37:55.000000,Laura Henderson,sreid@example.net,Europe,Horizontal heuristic Graphic Interface,Electronics,2,0.3,113.59
f38e6bc3-b7df-452c-9779-e7d02f81d4b2,2024-09-30 03:04:02.000000,Scott Hernandez,tanyafoster@example.org,Asia,Exclusive object-oriented orchestration,Other,10,0.1,1330.83
af838c06-caa5-422a-aed7-149f00fbbb90,2025-01-18 00:37:43.000000,Jacob Santos,brooksdanielle@example.net,Europe,,,4,0.2,0.0
1454578f-b78b-429d-8ccc-b5c635d0ea43,2025-05-17 12:08:18.000000,Ronald Brandt,amy51@example.org,North America,Fundamental contextually-based neural-net,Electronics,9,0.1,1951.88
3150c323-8782-4633-a01d-9aeb52060f1c,2025-07-25 17:53:14.000000,Daniel Velez,paul70@example.org,Middle East,,,10,0.2,0.0
fce8f3f0-b54f-4f8a-b282-3c8ad14b049b,2025-08-09 16:51:00.000000,Melissa Abbott,jamie98@example.org,Europe,Front-line next generation Internet solution,Toys,5,0.1,594.45
781e2d35-2fa1-42bc-b4ce-5f319aff48af,2025-03-01 17:40:28.000000,Garrett Gibson,kathleen64@example.com,Europe,Intuitive system-worthy access,Clothing,7,0.1,133.98
dd712dc5-9780-4e9b-ad18-c723bb47d3a4,2026-05-20 16:06:04.000000,Michael Martinez,mccannangela@example.net,Europe,Down-sized scalable workforce,Home & Garden,8,0.2,1787.83
81f10d04-2f57-4e77-b148-c0070faf26b4,2024-07-25 21:28:19.000000,Scott White,freemancrystal@example.org,North America,Multi-layered high-level initiative,Electronics,3,0.3,993.23
329dcf9e-f964-4a0f-ad04-90a7145deec7,2025-02-10 11:20:01.000000,Danielle Ford,veronica83@example.net,Middle East,Multi-lateral contextually-based methodology,Sports,2,0.1,438.83
934fa5c8-8ac0-48d3-a0d0-2f5a24d6281f,2024-12-15 01:26:22.000000,Patrick Hardy,staceylam@example.net,North America,Horizontal maximized product,Electronics,8,0.2,1330.99
c2fc93d9-b3ef-49d7-9fbf-23bbb33109f5,2024-09-17 20:25:08.000000,Laura Odonnell,tsanders@example.org,Latin America,Profit-focused grid-enabled infrastructure,Toys,7,0.0,1207.21
5247a092-d93e-4b08-afe2-6180302dc72b,2026-02-28 09:58:45.000000,Miss Debra Williams PhD,cstone@example.com,North America,Decentralized tangible model,Clothing,3,0.2,1033.26
6508f5c4-2994-4775-ba4b-90e3fdf26daf,2025-11-26 10:34:29.000000,Julia Erickson,ssalinas@example.org,Europe,Team-oriented cohesive approach,Sports,7,0.1,1436.02
99ff70c6-4bf5-4f0e-97a1-82a2d606be66,2025-06-06 05:16:30.000000,Carolyn Fuller,rhernandez@example.org,Asia,Down-sized contextually-based adapter,Sports,9,0.1,2290.87
37dfc571-4910-4c10-a3fe-085b81b41b37,2025-06-17 06:45:09.000000,Lisa Cox,paul59@example.org,Europe,Cross-platform fresh-thinking hierarchy,Toys,6,0.3,1867.63
bc4600bd-5842-40f1-9310-5f4f403e3ee2,2025-01-24 00:04:22.000000,Casey Obrien,michele28@example.org,Middle East,Up-sized foreground toolset,Toys,10,0.2,1796.62
e3fb7b87-a7a3-4c7a-81c9-a46487d22e31,2026-01-02 21:43:25.000000,Christian Lewis,irussell@example.com,North America,User-friendly tangible synergy,Clothing,1,0.0,244.22
29489bda-c119-4d43-880d-0cf3406d5351,2024-09-09 05:00:27.000000,Andrew Berry,dennishunt@example.net,Latin America,Innovative eco-centric open architecture,Toys,8,0.3,1334.44
581f03df-7e71-4da8-9012-8b960fc64cf0,2026-06-22 03:12:27.000000,Jack Mora,sarahmathews@example.net,Middle East,Function-based grid-enabled adapter,Clothing,7,0.1,921.1
c172494f-9eae-4feb-8f76-a282bba04391,2026-04-17 02:52:48.000000,Kathleen Garcia,ugill@example.org,Europe,Down-sized contextually-based adapter,Sports,3,0.2,640.46
c3b1ef08-ac8d-4f32-9477-b5696e1ab11a,2026-06-18 23:38:23.000000,Michael Harris,maryscott@example.net,Asia,Business-focused 4thgeneration throughput,Sports,10,0.3,2663.04
fa27a8f8-0312-4cdd-b228-99a2b752f753,2026-02-19 01:57:21.000000,David Cannon,campbellnancy@example.com,Latin America,Horizontal heuristic Graphic Interface,Electronics,2,0.0,147.82
969040b0-5182-48dd-9696-5a15acac1b18,2026-03-12 03:27:40.000000,Tyler Rogers,jamesmichael@example.com,Europe,Operative responsive pricing structure,Sports,10,0.1,360.45
b2b51b60-5c89-406e-aa1b-248fea94d306,2026-01-01 00:02:54.000000,Lauren Moore,shannonedwards@example.org,North America,Decentralized grid-enabled service-desk,Electronics,7,0.1,2265.48
10dd6f06-f594-4de4-ad9e-392f9b027f54,2025-10-06 02:27:36.000000,Mark Lloyd,lancesmith@example.com,Europe,Horizontal heuristic Graphic Interface,Electronics,10,0.1,715.76
51ae2d48-d6f8-4aa7-ba26-6e87432f174f,2025-07-06 03:03:35.000000,Scott White,freemancrystal@example.org,North America,Synergistic demand-driven implementation,Clothing,4,0.1,1791.24
7afeb17e-cf9b-4d33-be00-565d5bad4331,2025-05-04 17:20:50.000000,Cody Holt,sandra84@example.org,Europe,Synergized zero-defect conglomeration,Clothing,10,0.2,2853.48
7d34d5ec-c36f-4008-8cdc-ffaf7fec01d8,2025-03-21 11:22:24.000000,Jeffrey Colon,kevinmorrison@example.net,Latin America,Operative responsive pricing structure,Sports,9,0.2,273.38
30b6857a-beb6-4fd8-bfc4-d95b8bc135a9,2025-01-14 04:05:27.000000,Corey Rodriguez,jessicawong@example.net,Latin America,User-centric coherent leverage,Sports,6,0.1,1779.89
b0dc80e8-0aee-4a68-aba9-5b909654a5e4,2025-04-21 02:13:15.000000,Mr. Donald Nguyen,jose43@example.org,Europe,Expanded intangible standardization,Clothing,3,0.0,244.43
762e0da3-e146-44df-b706-9f9468e438e0,2025-03-29 22:26:07.000000,Laura Schroeder MD,melissahopkins@example.net,Asia,Expanded composite infrastructure,Home & Garden,4,0.1,778.13
f1f97ce9-d8b3-44a4-8bd7-25f2ec66f55e,2025-05-30 04:45:06.000000,Kevin Warren,vharrell@example.com,Middle East,Down-sized scalable workforce,Home & Garden,10,0.1,2510.69
76e26e93-e62a-4bfe-9e61-f70d76b00d9f,2025-07-07 04:57:40.000000,William Gould,lambertrichard@example.net,Middle East,User-centric coherent leverage,Sports,3,0.0,970.85
c0242e61-bce4-470b-a45f-8b4a27165ab6,2025-05-16 11:13:08.000000,Shannon Johnston,amckinney@example.com,Middle East,Streamlined national conglomeration,Home & Garden,8,0.1,3330.14
df94a2f8-0644-4f36-b31b-38886b6ab820,2024-11-06 06:58:59.000000,Katherine Davis,ricky51@example.org,Asia,User-centric coherent leverage,Sports,5,0.3,1179.85
fd610d09-61a7-4056-9114-ca97c9cbc148,2026-05-27 22:25:37.000000,James Bailey,jeffery48@example.net,Europe,Synergistic demand-driven implementation,Clothing,4,0.2,1574.72
5d9f2c8c-6640-464a-a63e-0670a1d76730,2024-07-31 19:49:54.000000,David Beck,thomas85@example.com,Middle East,Synergistic demand-driven implementation,Clothing,4,0.2,1633.77
a969e4fc-d141-40c1-8a97-8f1d6f339c5e,2026-06-24 04:57:31.000000,Joanne Perez,rreynolds@example.net,North America,Cross-platform asymmetric leverage,Electronics,3,0.0,595.48
f22fdeb8-97ca-4ad1-a6aa-78092c3b4e9c,2024-12-10 20:06:20.000000,Leah Vincent,stevendixon@example.com,Latin America,Profit-focused grid-enabled infrastructure,Toys,9,0.2,1316.95
642bb07d-0432-47e4-9847-d750378ce7b7,2025-07-22 19:52:21.000000,Sarah Phelps,ofinley@example.net,Europe,Re-engineered clear-thinking application,Clothing,8,0.2,1996.8
32a02b53-565a-4a42-8559-0d60265fd5c1,2024-08-06 19:56:20.000000,Jeffrey Chavez,teresa28@example.org,North America,Re-contextualized actuating infrastructure,Clothing,4,0.1,1377.79
4db3a044-2887-4b7f-a469-4f537f5085e7,2026-04-26 11:58:04.000000,Vincent Smith,morrowthomas@example.net,Middle East,Down-sized scalable workforce,Home & Garden,7,0.2,1506.41
47155ad3-8ca0-4d2a-9a93-98e6f487b599,2025-01-13 21:09:00.000000,Jason Washington,wardsheryl@example.net,Latin America,Fundamental contextually-based neural-net,Electronics,8,0.1,1697.7
b9465130-9b58-420a-bc8d-8aef30a04e0b,2025-08-12 16:22:04.000000,Jason Stein,gateskathy@example.com,North America,Upgradable disintermediate protocol,Toys,2,0.1,699.31
da024444-f284-46fa-af63-35bf6ecfaab4,2024-11-22 03:03:17.000000,Paul Finley,brandi90@example.com,North America,Streamlined national conglomeration,Home & Garden,5,0.0,2170.86
0f4c7562-aa71-495c-b816-ee8a7cc27448,2025-04-21 11:03:54.000000,Gina Beard,angela83@example.org,Asia,Multi-tiered dedicated circuit,Electronics,2,0.3,331.85
f3f48d53-1120-41b7-9b23-91f0f620e4c0,2025-03-29 02:12:16.000000,Jeffrey Howell,watsonmatthew@example.org,Europe,Intuitive system-worthy access,Clothing,4,0.2,68.64
4a10ff5a-9b99-4012-ba09-071cb4bdfeed,2024-11-07 21:07:09.000000,Lucas Allen,qlopez@example.org,Latin America,Multi-lateral contextually-based methodology,Sports,9,0.1,2042.82
7e85f617-f17e-493d-84cd-a1d23c32f2ee,2026-04-06 04:22:57.000000,Julie Ball,opatel@example.org,Asia,,,9,0.2,0.0
0351d800-7d91-4bcc-aa95-9ce237663e35,2025-03-17 05:27:40.000000,Andrew Diaz,nolanjason@example.org,Latin America,Upgradable disintermediate protocol,Toys,6,0.3,1760.32
a165c37d-56ad-4649-a89a-2abca1aa8c49,2025-03-19 06:00:28.000000,Michael Brown,whiteheadmichele@example.org,Middle East,Multi-lateral high-level open architecture,Toys,1,0.3,178.13
482a68ff-8796-45b8-a122-32df995fa798,2025-04-11 22:17:43.000000,Emily Allen,whiteheather@example.net,Middle East,Organic zero-defect hierarchy,Electronics,1,0.3,339.77
b0427c62-ce9f-4278-9f94-2c43b989a884,2026-05-23 03:43:39.000000,David Garcia,perezwilliam@example.org,Latin America,Re-engineered clear-thinking application,Clothing,4,0.0,1277.95
f86e2588-90b9-40bb-9e9b-fa6c20cd5bb8,2025-07-23 18:53:28.000000,Kimberly May,timothy64@example.com,Asia,,,4,0.1,0.0
5eb8e0db-7273-47af-8488-a0e81028f5b4,2025-06-09 21:14:10.000000,Austin Vasquez,hernandezlisa@example.com,Latin America,Streamlined national conglomeration,Home & Garden,3,0.2,1047.38
5381e235-f1cf-483f-b59e-e84a3f010e25,2026-01-06 14:17:03.000000,Charles Gonzalez,kathleenrios@example.org,Asia,Fundamental contextually-based neural-net,Electronics,4,0.2,755.57
e70dc8b8-df33-4eb0-a8ff-561f3bc29d89,2025-03-20 17:53:40.000000,Belinda Mccullough,elizabeth56@example.net,Middle East,Profound mobile time-frame,Clothing,4,0.0,790.8
f8f79639-e6de-4c16-aa6d-ccb6a24565d4,2025-07-25 20:33:49.000000,Sarah Wagner,rebecca01@example.net,Asia,Streamlined national conglomeration,Home & Garden,9,0.2,3303.29
573bdf7a-8e14-438e-87d0-e6eec96c2090,2025-10-12 07:56:19.000000,Brandon Colon,bgonzalez@example.org,North America,Expanded intangible standardization,Clothing,1,0.1,71.6
31c2bddb-b2c5-49b9-94c0-6524cb37a85d,2026-06-21 11:35:34.000000,Cindy Barnes,eric45@example.net,Asia,Mandatory discrete functionalities,Toys,7,0.2,2685.31
c8169e32-5263-4195-b729-4c21208bc725,2025-11-24 09:49:27.000000,William Huerta,lauren10@example.org,North America,,,6,0.2,0.0
3a9af0b6-e950-419d-b89c-591d92809c97,2026-01-21 23:48:49.000000,Brian Leon,smithmaria@example.org,Europe,Expanded intangible standardization,Clothing,5,0.2,308.62
d035dd19-3cad-4401-9c00-cb5297c40530,2026-04-18 15:17:44.000000,Jennifer Hayes,bhamilton@example.com,Middle East,User-centric coherent leverage,Sports,8,0.2,2292.28
7841b3dd-9034-4c86-bd14-190d3fc4f4d0,2026-06-12 16:58:07.000000,Jack Mora,sarahmathews@example.net,Middle East,Function-based methodical product,Clothing,10,0.1,3751.35
e17766b1-82ce-4e0c-903e-eaf204f73882,2024-10-03 05:34:18.000000,Craig Hall,victorpena@example.net,Latin America,User-centric coherent leverage,Sports,2,0.1,627.01
9fa4b54f-25fa-4f8d-800c-9ab9625737cf,2025-03-27 19:51:52.000000,Tracy Hart,katherineali@example.com,Asia,Cross-platform asymmetric leverage,Electronics,5,0.1,872.18
7672cdbe-7dae-4677-877b-fb5014d0945b,2025-11-01 01:03:21.000000,Jennifer Velasquez,bethwilliams@example.com,North America,Devolved responsive model,Sports,4,0.2,992.64
f5515cd0-f278-4c3b-a412-b716e6829d8f,2026-02-06 07:27:26.000000,James Elliott,millerroy@example.com,North America,Expanded intangible standardization,Clothing,8,0.3,467.46
63bb48b6-7311-41a7-9122-06a244190e59,2026-03-16 20:11:15.000000,Matthew Lamb,steinmaria@example.com,Middle East,Cross-platform fresh-thinking hierarchy,Toys,1,0.2,336.86
46b5b8f6-c51b-4922-8a91-6df731745b78,2026-01-24 22:42:06.000000,William Barry,reynoldsdesiree@example.net,Latin America,Fundamental contextually-based neural-net,Electronics,8,0.2,1399.2
c71b3b67-d907-4314-9d20-d8de24a11c7f,2024-09-04 20:01:04.000000,Paul Moreno,wilsonmichael@example.org,North America,Streamlined national conglomeration,Home & Garden,10,0.1,3938.88
a210dd25-392c-4f42-bf20-3c2279477aa8,2024-07-23 08:41:53.000000,William Huerta,lauren10@example.org,North America,Optimized mission-critical moratorium,Home & Garden,5,0.1,1207.96
9ee31563-d328-40c7-9b2d-e07e53c45254,2025-07-30 19:13:26.000000,Gina Wilson,taylortammy@example.net,Europe,,,1,0.2,0.0
45d3708a-c89f-484f-a568-221b8fd73af9,2025-03-26 13:40:45.000000,Ricardo Young,williamsrobert@example.net,North America,Front-line next generation Internet solution,Toys,6,0.1,697.49
9ad24609-506d-4518-bc3b-9c087c152622,2026-06-07 00:04:29.000000,James Howard,huffmannichole@example.net,North America,Function-based grid-enabled adapter,Clothing,7,0.1,890.74
cf8be8bd-d2fa-4b0a-b337-05f9894b9f90,2025-12-04 15:08:29.000000,James Matthews,blacknicholas@example.org,North America,Synergized zero-defect conglomeration,Clothing,5,0.2,1443.72
98fb7955-ec78-442e-b52d-82cc302d8d1f,2025-11-02 23:19:01.000000,Megan Richards,daniel37@example.org,Latin America,Up-sized foreground toolset,Toys,1,0.1,199.38
0f810db2-bbc1-486b-8bad-b9731ed01243,2026-02-12 06:24:00.000000,Edwin David,kellie37@example.com,Asia,,,10,0.3,0.0
cc8155da-8604-4d41-b1e7-ca38e28065d7,2025-08-16 13:25:56.000000,Suzanne Rodriguez,dianekelly@example.net,Europe,Organized contextually-based orchestration,Electronics,2,0.3,563.62
60421eb5-ca6b-4ccd-bf8b-c509484f0da6,2025-06-14 12:54:42.000000,Jennifer Mitchell,zhenderson@example.org,Latin America,Mandatory discrete functionalities,Toys,6,0.0,2727.94
02cb42d1-da4a-4d0b-918e-e31bb35d8adb,2025-03-09 14:12:15.000000,Paul Grant,seanmyers@example.net,Middle East,Optimized mission-critical moratorium,Home & Garden,1,0.2,199.58
4bcd6e4d-24e1-4716-b449-131842d01a0b,2024-08-09 15:06:15.000000,Maurice Gray,christinaturner@example.net,North America,Business-focused 4thgeneration throughput,Sports,6,0.3,1597.82
c32aeb1b-a4dc-4a67-a6d1-8c910760d408,2025-06-13 07:40:49.000000,Patrick Parker,nathan94@example.com,Asia,Business-focused 4thgeneration throughput,Sports,9,0.0,3217.54
c69aa024-7706-4602-9e5e-a4cd1426512f,2026-06-27 15:48:23.000000,Aaron Myers,smitchell@example.net,Middle East,Profound mobile time-frame,Clothing,4,0.1,703.81
a03a5196-7259-445b-a5ca-147ffe33ebd7,2025-05-13 17:08:26.000000,Michael Berger,nguyenbrian@example.com,Middle East,Multi-lateral contextually-based methodology,Sports,9,0.1,1997.42
71b31c91-9806-4af9-a82f-bcce8e25ce3d,2026-03-02 02:31:49.000000,Sara Cardenas,rsheppard@example.com,North America,,,5,0.2,0.0
460781e5-efd8-4fa9-9b95-2ae5506801b9,2025-07-10 03:10:47.000000,Warren Schultz,mary49@example.net,Asia,Re-contextualized actuating infrastructure,Clothing,6,0.1,1976.83
9b465e04-b4cf-4cd7-b2a1-c14d46a49f8d,2025-07-08 02:31:50.000000,Jim Baker,orose@example.com,Latin America,User-friendly tangible synergy,Clothing,4,0.3,717.7
20e7b6ef-9623-4346-a9b3-e2d348e636b5,2025-03-28 17:16:45.000000,Joseph Martinez,calebsmith@example.net,North America,Optimized mission-critical moratorium,Home & Garden,9,0.0,2292.5
0d6ba019-1fb8-43c2-8457-3e35f4c3559b,2026-05-25 23:35:06.000000,Katrina Burns,thomas05@example.com,North America,Streamlined national conglomeration,Home & Garden,1,0.0,425.22
6001e75d-b872-4503-94f1-211050b57397,2025-09-21 06:53:41.000000,Kristina Preston,jeffrey92@example.com,Asia,Cross-platform uniform flexibility,Toys,1,0.1,218.59
a575c5c7-6f2b-437e-a0fe-f51e0684e438,2025-03-29 13:25:17.000000,Carol Lawson,stricklandfrank@example.com,Asia,Team-oriented cohesive approach,Sports,7,0.0,1548.96
9cf2f216-539c-4e4f-ad91-4e296541f574,2026-05-01 09:19:05.000000,Alyssa Lee,marywright@example.com,Europe,Multi-tiered dedicated circuit,Electronics,2,0.0,458.05
486cb80b-a4c4-4829-88d7-3827c2b2315d,2025-03-29 15:50:37.000000,Sarah Rhodes,patrick21@example.net,Europe,User-friendly tangible synergy,Clothing,7,0.0,1726.96
0a14e77e-918b-4860-81a9-6b3b90cc44af,2026-06-07 00:56:04.000000,Denise Colon,hreid@example.net,Middle East,Organized attitude-oriented implementation,Clothing,10,0.3,2564.64
b79f0581-b907-444b-8e4c-c98382ff51e0,2026-01-26 07:26:43.000000,Diane Beck,clarence34@example.org,North America,Expanded composite infrastructure,Home & Garden,10,0.2,1699.36
ed4c8325-105a-4d40-bf26-32df21c20510,2024-09-11 17:25:48.000000,Sarah Phelps,ofinley@example.net,Europe,Open-architected asynchronous artificial intelligence,Other,5,0.2,763.04
85d4f2c1-1a2d-4453-a6cd-497923d13c7f,2024-11-24 21:26:17.000000,Keith Rodriguez,justin88@example.com,Europe,Horizontal heuristic Graphic Interface,Electronics,1,0.1,70.8
17841919-3c29-49ed-b6bf-1f51f0abe316,2026-02-27 03:39:21.000000,Brian Johnson,sanchezbradley@example.com,Europe,Multi-layered high-level initiative,Electronics,2,0.1,823.22
569186b9-5b69-49a8-b8e9-ed275c3dbae4,2024-09-22 00:41:24.000000,William Johnson,jbond@example.net,Asia,Down-sized scalable workforce,Home & Garden,8,0.1,1964.41
11cfc46b-c037-4059-97f4-680169a2e466,2025-08-07 11:49:17.000000,Rachel Bradley,gregorychase@example.com,Latin America,Intuitive system-worthy access,Clothing,4,0.3,62.48
865162a6-0fe9-4780-8b8c-6b6e668b179f,2025-06-09 09:09:46.000000,Charles Edwards MD,glennstephanie@example.com,North America,Multi-tiered dedicated circuit,Electronics,8,0.1,1701.34
b1d06d8a-655f-4c8c-8a2b-a8f5a44e3b1c,2024-11-18 08:53:35.000000,Trevor Jones,pamelamartin@example.org,Middle East,Organized attitude-oriented implementation,Clothing,9,0.1,2981.39
d07a2b58-16e7-4ff3-92a6-08538c501e6e,2024-12-28 23:17:13.000000,Andrew Stewart,carl95@example.org,North America,Streamlined national conglomeration,Home & Garden,7,0.3,2224.57
c344819d-1d80-47cd-a8b8-2fa172d0c649,2026-06-28 21:57:49.000000,Margaret Alvarez,william28@example.org,Asia,Organized attitude-oriented implementation,Clothing,2,0.1,612.66
3d407ee0-3a36-426d-82c0-d1c2de60d544,2024-09-02 21:16:57.000000,Derek Hodge,taylorkaren@example.com,Latin America,Optimized mission-critical moratorium,Home & Garden,7,0.2,1415.41
06339f7f-8ec4-4aab-aefb-4b37a50ee5e7,2024-08-30 18:08:16.000000,Jennifer Velasquez,bethwilliams@example.com,North America,Re-contextualized actuating infrastructure,Clothing,8,0.2,2486.02
39bbab8a-b281-438e-97c7-d8e6a495430e,2025-07-27 19:16:14.000000,Stephanie Meyer,stephen19@example.org,Asia,Advanced context-sensitive instruction set,Toys,6,0.0,1738.37
c22edfc4-3810-4177-8acc-09da0ada634b,2025-01-17 16:59:02.000000,Jack Mora,sarahmathews@example.net,Middle East,Intuitive system-worthy access,Clothing,2,0.2,36.52
ded7fbb9-f454-4f98-a712-cefef330f931,2024-11-04 22:11:41.000000,Sean Osborne,lozanojulie@example.com,Middle East,Streamlined national conglomeration,Home & Garden,10,0.1,4162.68
6334db06-52ac-4e30-91c8-10ef802643c4,2026-02-28 03:57:18.000000,David Beck,thomas85@example.com,Middle East,Function-based methodical product,Clothing,10,0.2,3161.25
04edf187-6553-496b-ab96-5b35a2637d77,2025-08-21 07:28:27.000000,Christina Rodriguez,adam65@example.net,Asia,User-friendly tangible synergy,Clothing,10,0.2,1918.84
8cced653-6a39-4c71-b276-c469b6f957dc,2024-09-11 18:40:36.000000,Christopher Gonzalez,moniquewilliams@example.com,Asia,Expanded composite infrastructure,Home & Garden,6,0.2,1006.2
0937a982-96f4-4688-b33b-5a5d0a45f604,2024-12-30 04:46:42.000000,Joseph Martinez,calebsmith@example.net,North America,Devolved responsive model,Sports,10,0.2,2543.64
01d4bcf6-7dd0-474b-952e-653e3ac0e784,2025-04-18 08:43:32.000000,Christine Poole,elucas@example.net,Asia,Re-engineered clear-thinking application,Clothing,5,0.2,1314.56
e1b39d64-94e2-433d-94a3-ffe6b3aac060,2025-05-02 22:00:11.000000,Zachary Levy,anna99@example.com,Latin America,Horizontal maximized product,Electronics,8,0.2,1433.38
2a07a58d-d43b-4f74-a609-456a8257909d,2025-05-25 11:46:53.000000,Kelli Martinez,hinesjoshua@example.net,Asia,Robust secondary infrastructure,Toys,4,0.1,707.04
01e1af8f-8946-4e5b-a6fa-3d5c3678a41a,2026-07-01 20:21:31.000000,Elizabeth Davis,farmstrong@example.org,North America,Exclusive object-oriented orchestration,Other,9,0.2,1068.96
480af459-9f6f-4967-be87-6c4fa0af9f67,2025-02-12 07:47:44.000000,Samantha Robertson,cameronmckinney@example.com,North America,User-friendly tangible synergy,Clothing,2,0.3,358.85
636f7abf-82c9-41df-9fd2-29bc8e673bc8,2024-11-22 03:51:00.000000,Keith Rodriguez,justin88@example.com,Europe,Down-sized contextually-based adapter,Sports,2,0.1,487.19
9b8ce31b-c111-41a7-b39b-2275d5b6eac1,2025-02-05 01:09:15.000000,Mr. Donald Nguyen,jose43@example.org,Europe,Re-engineered clear-thinking application,Clothing,3,0.2,838.66
e5de9e28-53ba-440f-b21e-246255a0db97,2025-02-08 04:54:20.000000,Lisa Allen,kcaldwell@example.org,Latin America,Multi-lateral contextually-based methodology,Sports,4,0.1,877.66
490ec6f3-a684-483b-9e81-c59964838f5b,2025-07-06 19:08:38.000000,Mr. Nicolas Salas II,maryhuff@example.com,Europe,Cross-platform fresh-thinking hierarchy,Toys,1,0.3,311.27
f7bd7750-9a76-40dd-b20f-228807609502,2025-12-08 22:55:07.000000,Wanda Perez,valdezmichele@example.org,Europe,Multi-lateral contextually-based methodology,Sports,9,0.2,1929.33
67db5a91-c51f-4fef-8305-a8cbabfe1fb5,2024-12-26 21:37:01.000000,Debra Ortiz,hancocktammy@example.net,Middle East,Horizontal maximized product,Electronics,7,0.1,1313.93
63300ee1-0aaa-4c51-9cd9-7b172f51270f,2026-04-06 23:16:50.000000,Brandon Gregory,johnathan92@example.com,Middle East,Cross-platform fresh-thinking hierarchy,Toys,7,0.3,2089.36
dfcdd21a-eede-401c-be29-04f81b52a1e6,2024-12-27 16:07:49.000000,Blake Orr,shawrachel@example.net,Asia,Reverse-engineered multi-state knowledge user,Home & Garden,5,0.2,1592.64
bc57003e-91f9-4586-827f-9590333c8c30,2026-02-21 09:57:39.000000,Jennifer Mitchell,zhenderson@example.org,Latin America,Re-contextualized actuating infrastructure,Clothing,10,0.2,2995.2
ac98c942-b093-41b5-953a-e1644c71b0d5,2025-01-03 11:24:51.000000,David Beck,thomas85@example.com,Middle East,User-centric coherent leverage,Sports,9,0.2,2396.78
4da9b236-d15f-4acd-97df-c472e2fba2a1,2025-04-27 08:09:35.000000,Jeffrey Howell,watsonmatthew@example.org,Europe,Mandatory discrete functionalities,Toys,6,0.2,2386.94
a0493ed9-a5d8-4148-8deb-083b76ba4572,2025-01-15 11:45:06.000000,Bradley Reynolds,lisa80@example.net,North America,Exclusive object-oriented orchestration,Other,8,0.1,1076.11
d7f3b054-e266-416f-a3e4-92f3911cdbb8,2025-02-01 23:36:07.000000,Alan Kramer,john19@example.net,Middle East,Expanded composite infrastructure,Home & Garden,3,0.0,637.26
4f55b58e-0618-43ec-82d7-68c637809a0a,2024-07-30 14:11:43.000000,Kristy Hernandez,millermaurice@example.net,North America,Exclusive object-oriented orchestration,Other,1,0.1,128.79
dc406c3b-2e50-478b-945f-d39a376788ab,2025-04-06 08:43:33.000000,Susan Murray MD,tyronemoran@example.net,Middle East,Front-line encompassing leverage,Toys,8,0.0,825.55
b84e203d-f261-4977-bfe5-4edd34d387dd,2025-05-18 19:17:01.000000,Kevin Pacheco,blakeerik@example.com,Asia,Advanced context-sensitive instruction set,Toys,4,0.1,1134.77
fbf676af-7537-485e-93cd-c93fb84fe81c,2025-05-20 11:58:18.000000,Diane Beck,clarence34@example.org,North America,Organized attitude-oriented implementation,Clothing,8,0.1,2564.64
ebbaca66-2a4e-4d28-80fc-e1449a106a52,2025-08-06 21:24:12.000000,Derek Mahoney,suarezmike@example.org,Asia,Mandatory discrete functionalities,Toys,8,0.2,3106.82
490c3442-98c3-4a3d-8f92-8bca7aecc953,2026-03-30 11:42:54.000000,Sarah Wagner,rebecca01@example.net,Asia,Innovative eco-centric open architecture,Toys,9,0.3,1501.24
f0154f90-db7b-4180-aac2-1afbfc9db15b,2025-01-30 00:30:05.000000,Mitchell Jackson,cbell@example.net,Middle East,,,1,0.3,0.0
e268d92f-1b75-4ed1-9dca-71ef13e2738a,2024-07-21 04:49:43.000000,Shannon Johnston,amckinney@example.com,Middle East,User-centric coherent leverage,Sports,7,0.2,1934.95
0ccea325-9e88-4bab-87fc-b800da495408,2026-05-17 18:30:50.000000,Christopher Schwartz,jenniferwilliams@example.com,Latin America,Re-contextualized actuating infrastructure,Clothing,10,0.2,2882.88
ee1eedbf-4634-4607-b260-a3ed02dec88f,2024-07-20 23:57:31.000000,Robert Clarke,zbell@example.net,Latin America,Front-line next generation Internet solution,Toys,9,0.2,998.68
ba8f3e6c-61a4-4d19-b1ef-7e0a4daeac5c,2025-10-05 06:08:12.000000,Jacqueline Mccoy,aguilarjonathan@example.org,Latin America,Multi-layered high-level initiative,Electronics,1,0.2,366.87
0db4a7fa-18e4-4d85-a8d4-2725f611c0ec,2025-05-02 20:43:36.000000,Stephanie Salazar,jrivas@example.com,Asia,User-friendly tangible synergy,Clothing,4,0.1,917.06
f88f8979-30d7-409d-a551-524c371e7782,2025-06-14 16:09:41.000000,Cindy Barnes,eric45@example.net,Asia,Down-sized scalable workforce,Home & Garden,2,0.0,529.73
137b41c2-5f71-41e1-a05e-ad1cbde9a6a8,2025-02-23 10:57:46.000000,Christina Rodriguez,adam65@example.net,Asia,Operative responsive pricing structure,Sports,7,0.1,255.15
4c26fd27-05bb-45e4-a754-08376ae06e01,2026-03-11 09:53:35.000000,Scott White,freemancrystal@example.org,North America,Operative responsive pricing structure,Sports,10,0.1,372.6
4d53280e-1ebd-45b6-a605-84a208f548e7,2024-11-08 03:50:07.000000,Amy Dunlap,dalepruitt@example.com,Latin America,Expanded composite infrastructure,Home & Garden,10,0.2,1788.8
eea7a67f-ee1c-489a-b4f9-35ca4341fd0e,2026-06-10 05:24:28.000000,Tonya Wilson,srocha@example.net,Asia,Organized contextually-based orchestration,Electronics,3,0.0,1174.2
3464fd00-ea21-4067-8cf1-493afbb8704e,2024-10-22 10:48:10.000000,Maria Harper,williamsmatthew@example.org,Latin America,Organized contextually-based orchestration,Electronics,2,0.3,563.62
f3d21fd2-be87-4bac-a2ff-6996eb5e371f,2026-01-01 13:59:18.000000,Jennifer Mitchell,zhenderson@example.org,Latin America,Front-line encompassing leverage,Toys,3,0.0,300.1
ee58d695-e15a-48f3-87c6-2bd3caf27c2a,2026-07-14 22:19:33.000000,Mitchell Johnson,brownlaura@example.net,Latin America,Re-engineered clear-thinking application,Clothing,6,0.0,1956.86
1cd27c9f-03ac-4d1b-acb1-5c0279fc3831,2024-09-25 20:42:50.000000,Cassandra Edwards,patriciaadams@example.net,Latin America,Synergized zero-defect conglomeration,Clothing,3,0.2,866.23
deaaacaa-748a-489c-bc1c-09a3b98d15a7,2026-06-09 12:13:16.000000,Heidi Stark,brownamy@example.net,Latin America,Multi-lateral high-level open architecture,Toys,8,0.1,1781.28
45ec257f-8eb4-440e-b1e6-2f11946c4404,2025-02-15 18:11:33.000000,Thomas Cohen,rachel90@example.org,Latin America,Cross-platform asymmetric leverage,Electronics,2,0.1,372.93
7acf41f0-902f-4243-b3ef-baa905c66c4d,2024-09-08 03:28:41.000000,Andrew Williams,linda87@example.org,North America,Team-oriented cohesive approach,Sports,7,0.2,1274.66
37296854-273e-44e5-b119-e78cbb3f4297,2024-09-09 14:24:38.000000,Susan Wilson,jane39@example.com,Europe,Advanced context-sensitive instruction set,Toys,9,0.1,2444.58
07a76739-609e-4d33-ad92-abbf65c51c9a,2024-08-18 20:30:58.000000,Ashley Brennan,dwalker@example.com,Asia,Open-architected asynchronous artificial intelligence,Other,4,0.3,570.27
7738381c-d498-436f-aeb7-808b7f572473,2025-06-06 07:55:38.000000,Tiffany Garcia,zhartman@example.net,Latin America,,,5,0.2,0.0
93a69684-0365-49fc-b910-70e02cce4cce,2026-06-18 00:40:54.000000,Kimberly Edwards,jamesweber@example.com,Asia,Multi-lateral high-level open architecture,Toys,9,0.1,1937.14
f59d2194-1021-4062-a817-98500b45cb04,2026-03-10 16:55:03.000000,Cynthia Haas,daisymccarty@example.net,Europe,Front-line next generation Internet solution,Toys,2,0.2,219.29
4814e14e-b5bc-4efc-87e4-02c5e05a2a8a,2026-01-30 08:30:20.000000,Amy Wilson,erik84@example.net,North America,Robust secondary infrastructure,Toys,1,0.0,186.58
446cc0d6-cd4c-41b3-b3e4-0ea97aaaf675,2024-08-08 22:52:15.000000,Melanie Flores,cruzamber@example.com,Middle East,Re-contextualized actuating infrastructure,Clothing,8,0.2,2306.3
df3ad6e8-f693-4800-859f-5497abd68d74,2024-12-14 01:39:26.000000,William Gould,lambertrichard@example.net,Middle East,User-friendly tangible synergy,Clothing,7,0.1,1639.74
cf735afa-72af-4a55-b08e-8dd43c1d10be,2024-07-22 12:06:22.000000,Laura Henderson,sreid@example.net,Europe,Multi-layered high-level initiative,Electronics,7,0.1,2787.3
df9f1099-0b4b-46c4-a672-5796feef341b,2025-10-01 10:48:50.000000,Patricia Banks,cwood@example.net,Europe,Expanded composite infrastructure,Home & Garden,1,0.1,210.18
8f16fac0-6f72-4ca4-9b64-3c30d5dc4812,2026-01-17 23:39:45.000000,Curtis Taylor,jjohnson@example.net,Asia,Profound mobile time-frame,Clothing,4,0.0,790.8
b72f8d06-3b44-43d7-8abe-23487d10257c,2026-05-11 00:09:31.000000,Travis Joyce,xhammond@example.com,North America,Up-sized foreground toolset,Toys,2,0.3,319.89
5d316263-4959-4f6e-8c1b-7e93be162e89,2024-09-27 15:58:32.000000,Sean Tucker,aeaton@example.net,Asia,Front-line next generation Internet solution,Toys,9,0.3,856.01
d21a5375-74cd-4a41-9e07-2fb29919be91,2025-07-22 23:21:27.000000,Melissa Abbott,jamie98@example.org,Europe,Multi-tiered dedicated circuit,Electronics,1,0.2,189.3
a89a18fe-5f8e-44df-a9f5-010c8b6a4c97,2026-06-21 10:56:30.000000,Joseph Allen,jwoodward@example.net,Middle East,Exclusive object-oriented orchestration,Other,7,0.0,991.68
58c714f2-a3aa-4839-bc35-bc9a521a21a4,2025-06-02 02:50:33.000000,Dean Santiago,john62@example.net,Latin America,Down-sized scalable workforce,Home & Garden,1,0.3,204.17
5f429866-66db-405e-9488-c2852c88d257,2025-07-19 02:19:06.000000,Kayla Jackson,sandra99@example.org,Asia,Exclusive object-oriented orchestration,Other,10,0.2,1159.11
4addf902-c46e-44cd-98f1-a399fbc77e98,2024-11-12 15:51:50.000000,Joseph Hill,andre62@example.org,North America,Expanded intangible standardization,Clothing,8,0.2,513.55
e3b19fd8-c06c-4d3f-ac33-4f9cd0713654,2025-08-09 02:07:44.000000,Tammy Long,louis43@example.org,Asia,Cross-platform asymmetric leverage,Electronics,9,0.2,1371.42
5c3e82e9-6867-453f-8ad2-1d5dacfb605e,2025-06-21 07:27:52.000000,Michael Brown,whiteheadmichele@example.org,Middle East,Re-contextualized actuating infrastructure,Clothing,1,0.2,307.01
e28070d1-40d1-4c31-9a26-a06516214bd0,2024-11-04 21:36:19.000000,Jacob James,seanbaker@example.com,Asia,Front-line encompassing leverage,Toys,3,0.3,233.77
a53d2350-5bd1-461c-acba-63b35532a5c2,2025-07-18 09:00:02.000000,Sandra Zimmerman,hthompson@example.net,Asia,Intuitive system-worthy access,Clothing,7,0.2,115.5
dc9eec0b-8a09-48b4-80f2-b34e7365949b,2025-12-31 10:11:43.000000,Paul Williams,jeffrey10@example.org,North America,Synergized zero-defect conglomeration,Clothing,8,0.2,2201.26
57ec95f3-0af2-4a23-a3c6-0f792a0e0060,2025-08-18 06:53:01.000000,Derek Mahoney,suarezmike@example.org,Asia,Devolved responsive model,Sports,2,0.3,459.1
a0041dd5-fb93-4692-9c16-0e3deb159f5b,2024-11-10 15:43:08.000000,Kevin Warren,vharrell@example.com,Middle East,Multi-layered high-level initiative,Electronics,10,0.2,3489.72
a1f875a4-8a4b-4559-9776-5dc6994a77f9,2026-04-28 05:37:48.000000,Joshua Li,mariacohen@example.net,Europe,Reverse-engineered multi-state knowledge user,Home & Garden,6,0.3,1660.9
cc79eeca-d9e1-4c82-a8d0-4562beaad00d,2025-10-09 14:11:13.000000,Katherine Davis,ricky51@example.org,Asia,Operative responsive pricing structure,Sports,6,0.2,206.55
cad2b7c2-d0f6-4c6d-ba2b-dff723b7aaf6,2024-12-27 20:24:37.000000,Brian Simmons,jose86@example.net,Middle East,Organic zero-defect hierarchy,Electronics,7,0.1,2906.9
14ed228b-6577-4498-b176-8686d31e96c4,2026-04-21 13:52:44.000000,Kathleen Andrade,rbrown@example.com,Middle East,Organic zero-defect hierarchy,Electronics,1,0.0,462.46
fd91aa63-1ca4-4a3c-a177-105f6b4203f7,2025-08-14 10:15:01.000000,Randall Greene,jennifer11@example.net,Europe,Cross-platform asymmetric leverage,Electronics,9,0.0,1732.32
1a93a3f1-8502-46c0-8abf-19038b435eca,2025-10-10 23:13:10.000000,Jennifer Lewis,reeddaniel@example.net,Europe,Intuitive system-worthy access,Clothing,3,0.1,57.42
8cea3275-ef3b-4cb5-8135-24d30108cc5d,2025-12-19 05:30:44.000000,Frederick Solis,xcollier@example.org,Europe,Open-architected asynchronous artificial intelligence,Other,4,0.2,634.53
3a0e681b-bd5d-47a4-aa29-e752f139e895,2026-01-03 06:39:55.000000,Edwin David,kellie37@example.com,Asia,Expanded intangible standardization,Clothing,1,0.1,74.89
7d3ae67e-55bb-4d22-89a8-4bddb5b25ed1,2024-10-19 19:21:13.000000,Charles Edwards MD,glennstephanie@example.com,North America,Innovative eco-centric open architecture,Toys,2,0.1,411.3
cc027d43-d622-4179-bb5a-d45d535322bf,2025-05-06 23:00:38.000000,Krystal Barton,hdunn@example.net,Europe,Down-sized contextually-based adapter,Sports,2,0.2,454.34
85eb4279-651c-41fd-afda-849e8c6743e1,2025-12-13 05:08:03.000000,Jessica Simpson,shelly68@example.com,Middle East,Intuitive system-worthy access,Clothing,2,0.3,31.68
93b78bab-3815-4095-a48e-85ebd1c1a2db,2025-04-19 17:24:02.000000,Breanna Jones,ymorgan@example.net,Europe,User-friendly tangible synergy,Clothing,2,0.1,468.5
c06698e4-b013-48e4-a872-9600bff49e06,2024-10-11 15:43:05.000000,Jessica Forbes DVM,erik41@example.net,Middle East,,,1,0.2,0.0
7422acb0-a4d6-476c-a3f5-cc8d39cefff3,2024-11-18 22:15:44.000000,Amber Rodriguez,williamsdarrell@example.com,Europe,Re-engineered clear-thinking application,Clothing,4,0.2,1078.27
c0d98272-e52e-4409-b1a6-3ccfd597ea14,2024-12-14 06:31:43.000000,Scott Brown,jim95@example.net,Europe,Intuitive system-worthy access,Clothing,4,0.1,80.08
cb28f9c6-e4a7-4d11-8027-112ab75901d0,2025-08-16 20:33:00.000000,Kyle Smith,nsmith@example.org,North America,Robust secondary infrastructure,Toys,4,0.2,612.77
d34266c9-4d88-436e-a7f7-78dec17c2577,2024-12-30 12:22:23.000000,Keith Flynn,kellyhill@example.net,North America,Devolved responsive model,Sports,7,0.1,2019.4
f398d16e-18b9-40a2-a364-42e58abe5779,2026-04-14 15:03:25.000000,Patrick Thornton,qhughes@example.net,Latin America,Multi-tiered dedicated circuit,Electronics,4,0.0,888.06
07f6008e-0426-4e7b-8604-76dd30e5ce91,2025-03-07 17:35:48.000000,Brandon Gregory,johnathan92@example.com,Middle East,Front-line next generation Internet solution,Toys,8,0.1,972.26
d3e14d83-2f8a-45db-b503-ae051efece73,2026-03-15 18:44:06.000000,Luke Estrada,bhopkins@example.org,Middle East,Innovative eco-centric open architecture,Toys,10,0.1,2033.65
40e10b51-1128-4804-9243-161cae34097a,2025-07-07 12:50:43.000000,Scott White,freemancrystal@example.org,North America,Robust secondary infrastructure,Toys,9,0.1,1537.81
f1e34d6c-6c02-4976-9e73-b307f37590d3,2025-04-24 16:19:52.000000,David Moon,joseph19@example.com,Middle East,Reverse-engineered multi-state knowledge user,Home & Garden,3,0.0,1126.22
b2a43bf4-02b4-4d26-a72b-0fa7a95da34b,2025-10-28 03:07:25.000000,Karen Romero,heatherthompson@example.org,Asia,Operative responsive pricing structure,Sports,7,0.0,269.32
5ffa7dbe-6343-4870-97d9-f6474cdaebf4,2024-12-29 21:32:30.000000,Samantha Richardson,wolfscott@example.org,North America,Organized contextually-based orchestration,Electronics,7,0.1,2465.82
96f5f9cb-9e87-4d6d-adb3-bda54dc4f59c,2026-07-05 05:32:32.000000,Ashley Jenkins,browndiana@example.org,Latin America,Reverse-engineered multi-state knowledge user,Home & Garden,5,0.1,1782.24
97e4e173-9d63-4da6-a29d-c0737a7b029b,2024-08-22 12:23:10.000000,John Shields,franciscojones@example.org,Asia,Horizontal heuristic Graphic Interface,Electronics,9,0.2,525.15
417af0cb-07f2-422d-99fb-b46d51d3649c,2026-01-16 04:29:59.000000,Connor King,courtneyberger@example.net,Latin America,Front-line next generation Internet solution,Toys,4,0.1,454.42
623dc905-cc3e-436d-9c75-f4cc793daf5a,2026-02-25 19:11:23.000000,Vanessa Patel,davidalvarez@example.net,Middle East,Cross-platform fresh-thinking hierarchy,Toys,9,0.2,3070.08
6c362d23-1916-4984-8510-c97a89fd09b5,2026-01-06 20:03:04.000000,Phillip Bennett,molly39@example.com,Latin America,Exclusive object-oriented orchestration,Other,3,0.1,369.2
59debc39-e171-482b-9ec7-8199964dce39,2026-01-03 22:16:37.000000,Ricardo Young,williamsrobert@example.net,North America,Re-contextualized actuating infrastructure,Clothing,10,0.1,3332.16
61458972-06fe-49ea-bea0-9deb7d84dae5,2024-08-20 00:40:20.000000,Mark Copeland,martinezmia@example.com,North America,Profit-focused grid-enabled infrastructure,Toys,6,0.2,825.71
e7e77386-c251-40f8-bcc9-6b10f677fb06,2024-09-26 10:23:05.000000,Jack Mora,sarahmathews@example.net,Middle East,Innovative eco-centric open architecture,Toys,1,0.0,217.08
1790834b-8b32-46d6-808d-52127991329a,2024-09-23 10:21:20.000000,David Morris,oscar85@example.com,Latin America,Up-sized foreground toolset,Toys,6,0.2,1064.83
b7321e2b-d4a4-4bf0-b96a-53053ed1d8f8,2025-11-23 08:02:41.000000,David Charles,danderson@example.net,Middle East,Expanded intangible standardization,Clothing,6,0.1,449.36
613dec3a-7466-409d-9810-c0abec1c9109,2026-02-22 19:07:38.000000,Kristina Faulkner,paulscott@example.com,Europe,Organized attitude-oriented implementation,Clothing,3,0.2,822.82
fbe770a6-9a86-4a16-bdca-fd82565eb679,2025-07-20 11:47:09.000000,Susan Todd,kathleenbecker@example.net,Asia,Mandatory discrete functionalities,Toys,8,0.2,3106.82
8d78e1c8-4f4f-4145-92a7-c5d608caa5a8,2026-03-16 15:09:52.000000,Cynthia Haas,daisymccarty@example.net,Europe,Multi-lateral high-level open architecture,Toys,7,0.1,1489.35
af0f134e-02a2-4fcc-984e-e3db691d8bea,2024-10-28 17:02:09.000000,Katherine Cummings,umurray@example.com,Middle East,Reverse-engineered multi-state knowledge user,Home & Garden,7,0.1,2415.5
c7e4cbe5-acdc-447b-9cdb-002197eaf79c,2024-08-11 22:08:03.000000,Mr. Nicolas Salas II,maryhuff@example.com,Europe,,,9,0.0,0.0
11b0830f-71c6-49a6-819c-84c4ef7f6e3f,2025-08-14 23:05:37.000000,Corey Rodriguez,jessicawong@example.net,Latin America,Business-focused 4thgeneration throughput,Sports,5,0.3,1295.04
b2772e31-4655-4f9a-b692-f6812e654dcc,2025-10-02 21:04:35.000000,Carolyn Fuller,rhernandez@example.org,Asia,Operative responsive pricing structure,Sports,1,0.0,38.48
8921349f-eccb-453b-8d22-7ff2635fa3f3,2025-12-10 17:40:34.000000,Miss Debra Williams PhD,cstone@example.com,North America,Advanced context-sensitive instruction set,Toys,10,0.3,2142.78
95ede22d-40d1-4f56-8c78-9409b96dc079,2024-10-20 09:16:58.000000,Jennifer Harris DDS,jwhite@example.net,Middle East,Profound mobile time-frame,Clothing,4,0.3,561.47
29a9bbf0-da82-45a0-8b1b-928073a44f97,2024-08-20 22:00:54.000000,Joshua Li,mariacohen@example.net,Europe,Synergized zero-defect conglomeration,Clothing,2,0.1,618.25
6d3e4848-54d7-4728-99e3-05e54a5039e6,2024-10-14 04:15:50.000000,Patrick Parker,nathan94@example.com,Asia,Front-line encompassing leverage,Toys,6,0.1,543.35
3fc1428a-7c7a-4691-bb6d-eeca32f9bae0,2024-07-25 09:53:52.000000,Joseph Knight,georgemiller@example.com,Middle East,Expanded intangible standardization,Clothing,5,0.1,374.47
ce8a9e7f-be99-419e-8696-e77263265564,2025-12-10 20:49:50.000000,Edwin Matthews,cgrimes@example.net,Latin America,Cross-platform uniform flexibility,Toys,4,0.1,826.85
6070b244-c5c0-4d05-ad37-ba8ce7c8f28d,2024-08-24 01:39:54.000000,Michael Harris,maryscott@example.net,Asia,Cross-platform uniform flexibility,Toys,3,0.2,563.11
570edab2-3932-4a07-aec3-f8e04d620050,2026-05-24 07:05:38.000000,Lauren Bender,icraig@example.com,Latin America,Business-focused 4thgeneration throughput,Sports,6,0.0,2188.8
7e4c410b-d875-44bf-9564-d4c1aedb4262,2025-01-14 15:39:54.000000,Michael Warner,ojones@example.com,Europe,Innovative eco-centric open architecture,Toys,2,0.1,393.02
b36651c5-cef4-43f6-b1d5-a861b6bd6dbe,2026-06-29 02:15:59.000000,William Oconnor,fconner@example.net,Europe,Function-based methodical product,Clothing,4,0.3,1230.78
23a2f59c-2a18-4cbc-99fe-60521db80b51,2024-10-31 12:25:18.000000,Stephen Fox,mayokimberly@example.com,North America,Team-oriented cohesive approach,Sports,8,0.2,1456.76
9aeec74f-f259-4fc7-ba92-6f97bd87ff11,2025-10-01 02:35:21.000000,Margaret Alvarez,william28@example.org,Asia,Synergistic demand-driven implementation,Clothing,7,0.0,3306.91
5dde7466-7f03-46ef-b027-24eb060fc65e,2026-03-29 23:18:12.000000,Margaret Alvarez,william28@example.org,Asia,Fundamental contextually-based neural-net,Electronics,7,0.2,1256.95
b55a478e-0541-43ca-ae12-bda9b2ec7ff4,2025-09-01 21:45:27.000000,Casey Obrien,michele28@example.org,Middle East,User-centric coherent leverage,Sports,7,0.2,1934.95
a284598a-5e48-445a-b19d-ab55e5cefa0f,2025-09-16 03:04:11.000000,Kimberly Mclean,ystephens@example.com,Asia,Decentralized tangible model,Clothing,6,0.2,2066.52
0895df3c-7941-46a4-ab2a-fb3a1b3851ad,2025-02-22 14:53:45.000000,Alyssa Lee,marywright@example.com,Europe,Operative responsive pricing structure,Sports,1,0.1,37.66
6c18eb52-b3b9-46e2-8eaa-01126fb0c665,2024-09-10 23:36:25.000000,Rachel Leon,troyrodriguez@example.com,Asia,Expanded intangible standardization,Clothing,4,0.1,292.99
e0b641d0-4345-429c-9655-8df410af54cc,2025-12-19 06:43:52.000000,Cody Holt,sandra84@example.org,Europe,Horizontal heuristic Graphic Interface,Electronics,1,0.2,63.8
81d231cb-66bd-4d42-b981-0edf5b8e76fd,2026-07-05 00:17:59.000000,Maria Burke,walkercharlene@example.com,Middle East,Function-based methodical product,Clothing,2,0.2,682.83
e022ede0-ed88-4dda-a818-00643e447305,2024-11-04 19:28:34.000000,Gina Beard,angela83@example.org,Asia,Streamlined national conglomeration,Home & Garden,4,0.0,1772.5
161cd674-2978-468d-862c-06921efa91a0,2025-10-07 01:11:35.000000,Trevor Peterson,ilee@example.org,Middle East,Multi-lateral high-level open architecture,Toys,2,0.1,445.32
7233bf8c-324e-40f7-aa25-e8da2fd1843d,2025-12-15 12:30:01.000000,Scott Hernandez,tanyafoster@example.org,Asia,Expanded intangible standardization,Clothing,7,0.0,547.3
8eafb35b-5f91-41af-8bc1-5738ff1bf6a0,2025-02-10 06:34:54.000000,Christopher Gonzalez,moniquewilliams@example.com,Asia,Team-oriented cohesive approach,Sports,8,0.0,1825.56
1da85583-69cb-4141-9505-d99e2f7d987d,2025-09-28 16:43:23.000000,Tamara Richard,brian29@example.net,North America,Profound mobile time-frame,Clothing,2,0.1,340.04
25bb2b7a-33d3-458a-bb74-9fd20a2d6f03,2025-03-11 06:34:59.000000,Sarah Rivera,wilsontara@example.org,Asia,Innovative eco-centric open architecture,Toys,2,0.2,365.6
64058e04-b393-4b2d-bf23-f095221a5dd0,2024-07-29 16:26:46.000000,Nancy Brown,aprilhoffman@example.net,Middle East,Re-engineered clear-thinking application,Clothing,3,0.1,898.56
c9c01379-829c-44f7-8f5b-c40c5f321f6d,2024-07-30 10:33:42.000000,Robin Trujillo,amanda98@example.org,Europe,Horizontal heuristic Graphic Interface,Electronics,1,0.2,61.46
44113459-aa79-47f8-8649-c4c31cdd5a61,2025-10-18 19:39:03.000000,Michele Williams,kendragalloway@example.org,Europe,Streamlined national conglomeration,Home & Garden,7,0.1,2725.88
e160e35b-4da7-4632-8244-7c1087d01cf2,2026-04-12 06:31:30.000000,Kim Brown,yorkcasey@example.org,North America,Advanced context-sensitive instruction set,Toys,7,0.1,1943.59
3e618f4b-ebb5-41e6-91cc-aa4023167b59,2026-05-20 10:15:42.000000,Amy Walker,finleycasey@example.com,North America,Cross-platform fresh-thinking hierarchy,Toys,10,0.2,3240.64
304c7b39-36ab-4ff0-8d1d-19da7afac8ce,2025-12-18 18:19:00.000000,Daniel Velez,paul70@example.org,Middle East,Function-based grid-enabled adapter,Clothing,9,0.1,1158.25
36d0bb41-7a8e-45a9-ba70-425b7989d78e,2024-10-05 22:09:07.000000,Tonya Wilson,srocha@example.net,Asia,Upgradable disintermediate protocol,Toys,6,0.2,1808.55
a22646f5-8d93-4a78-a34a-a1a42c239586,2025-11-20 00:27:52.000000,Mr. Nicolas Salas II,maryhuff@example.com,Europe,Re-contextualized actuating infrastructure,Clothing,2,0.2,569.09
1227b7ac-cdca-4bef-9bd3-4a948a996027,2024-11-11 11:30:51.000000,Keith Rodriguez,justin88@example.com,Europe,Organized attitude-oriented implementation,Clothing,7,0.3,1845.12
8286b3c8-db9b-456e-a080-293caac5e8a3,2024-11-10 22:16:59.000000,Ashley Brennan,dwalker@example.com,Asia,Front-line encompassing leverage,Toys,1,0.1,94.77
7a49c96a-1168-4e55-82b1-4f24dc76a6a8,2025-08-23 17:57:51.000000,Robert Clarke,zbell@example.net,Latin America,Upgradable disintermediate protocol,Toys,10,0.1,3697.48
90efb126-1295-43a4-bcc3-bcc7fd67eb3e,2024-11-25 22:37:20.000000,Jeffrey Hawkins,fgarcia@example.com,North America,Mandatory discrete functionalities,Toys,8,0.1,3296.26
69dbb362-c0df-4921-a07f-33853f3fd62f,2026-05-04 06:14:49.000000,Jessica Simpson,shelly68@example.com,Middle East,User-centric coherent leverage,Sports,1,0.0,323.62
39b00426-f007-4d3b-9c99-d8aba028dc87,2026-04-25 02:21:59.000000,Luke Estrada,bhopkins@example.org,Middle East,Decentralized grid-enabled service-desk,Electronics,6,0.0,2114.45
c09b61e4-0f46-4b11-a809-4564433121ff,2025-06-21 10:26:29.000000,Robert Garcia,nicole26@example.org,Middle East,Reverse-engineered multi-state knowledge user,Home & Garden,6,0.1,2093.18
c7d77fbb-520b-4950-9ee4-254b0afc13fb,2025-05-23 12:11:48.000000,Eric Sanders,wking@example.net,Latin America,Reverse-engineered multi-state knowledge user,Home & Garden,5,0.2,1459.92
b9fb97b9-abf1-4574-b14e-9b45071511b6,2026-07-13 22:46:42.000000,Shannon Smith,maldonadoamanda@example.com,North America,Organized attitude-oriented implementation,Clothing,5,0.0,1691.95
9b3f6c54-7327-433e-a409-e93b5fa9a39e,2026-05-01 14:53:39.000000,Chad Jones,rachelwallace@example.org,Asia,,,1,0.1,0.0
e8527018-bfa4-4e84-b987-51a2ddef7af4,2024-10-27 21:19:01.000000,Emily Douglas,tanderson@example.org,Middle East,,,1,0.2,0.0
ca5c159e-f30b-45eb-9d69-cf347ab7b78f,2025-08-20 18:25:54.000000,Chad Jones,rachelwallace@example.org,Asia,User-friendly tangible synergy,Clothing,1,0.2,209.33
df32f343-a562-40a0-a812-7855e384bc71,2026-02-27 18:01:15.000000,Timothy Flores,vewing@example.com,Europe,Cross-platform uniform flexibility,Toys,3,0.0,691.42
9956ad9b-3dc8-4f79-a843-d696a2a5ef39,2025-08-29 20:44:40.000000,Diane Beck,clarence34@example.org,North America,Fundamental contextually-based neural-net,Electronics,3,0.2,566.68
1336d4de-c5e9-43c3-bf44-23d549a1f7a1,2025-06-22 02:40:07.000000,James Davis,thomasboyle@example.org,Europe,Multi-tiered dedicated circuit,Electronics,6,0.3,995.56
10fb436c-6ad5-401e-87e9-fb0b998deba3,2025-09-30 06:22:49.000000,Kristina Preston,jeffrey92@example.com,Asia,Mandatory discrete functionalities,Toys,4,0.3,1363.97
c6ec9e60-e443-4474-b458-6ea415b83fa6,2024-11-11 01:17:15.000000,Leah Vincent,stevendixon@example.com,Latin America,User-friendly tangible synergy,Clothing,9,0.2,1861.52
5e98efdf-0a3a-4171-a432-cc60c5ddf574,2025-02-21 10:41:44.000000,John Ryan,esanchez@example.com,Europe,Decentralized tangible model,Clothing,6,0.1,2163.77
a67155cd-76e9-4fdc-87e4-b3f364ad2b39,2026-04-08 15:50:10.000000,Michael Martinez,mccannangela@example.net,Europe,Open-architected asynchronous artificial intelligence,Other,2,0.1,357.42
eb59003a-53bc-4611-9af4-ab8a8908d3f9,2025-03-17 07:57:45.000000,Debra Ortiz,hancocktammy@example.net,Middle East,Advanced context-sensitive instruction set,Toys,7,0.1,1859.09
82edbaad-784c-4537-b2d0-a15cdafa1c94,2025-08-03 20:48:00.000000,Edwin Matthews,cgrimes@example.net,Latin America,Expanded composite infrastructure,Home & Garden,5,0.2,872.04
d6e9fa04-df04-4782-81e6-206862d70bec,2026-01-06 17:27:05.000000,Denise Colon,hreid@example.net,Middle East,Intuitive system-worthy access,Clothing,1,0.3,15.62
8861972e-57a8-4eef-b9a8-743d7d5b6037,2025-08-26 13:18:55.000000,Tonya Wilson,srocha@example.net,Asia,Organized contextually-based orchestration,Electronics,7,0.1,2520.62
40686515-101c-478c-a1a1-31b49dca3488,2025-11-21 15:27:15.000000,Kristina Preston,jeffrey92@example.com,Asia,Business-focused 4thgeneration throughput,Sports,3,0.1,1006.85
dfefb72a-4570-47fe-af25-2aa844a9844f,2025-03-02 10:08:37.000000,Hailey Cunningham,paul20@example.com,Middle East,Profit-focused grid-enabled infrastructure,Toys,10,0.1,1532.96
502426c6-3a53-4e53-8375-e8f9982cd08d,2026-07-10 20:57:21.000000,John Kennedy,yarnold@example.org,Asia,Reverse-engineered multi-state knowledge user,Home & Garden,5,0.1,1744.32
3d4a49ae-e83f-4a2a-92fc-6f48e7e337c4,2025-10-03 15:03:53.000000,Tyler Stevens,amy49@example.com,Europe,Organized contextually-based orchestration,Electronics,1,0.2,301.38
4e6ccc79-f8eb-41b8-9938-297130f6d8b6,2024-12-17 00:03:38.000000,Brian Leon,smithmaria@example.org,Europe,Fundamental contextually-based neural-net,Electronics,5,0.1,1072.72
ad14e5bf-8486-42e3-95c2-75e2d363621f,2025-06-05 15:25:46.000000,Robert Garcia,nicole26@example.org,Middle East,,,6,0.0,0.0
6c814f55-9906-4534-838f-9d83474d3a1a,2025-12-23 03:36:29.000000,Michael Paul,umatthews@example.org,North America,Optimized mission-critical moratorium,Home & Garden,6,0.1,1465.31
9cf116dc-c4b0-4ad1-b037-e34da8bb81dc,2026-06-12 16:50:40.000000,Tiffany Townsend,matthewsalexander@example.org,Asia,User-centric coherent leverage,Sports,10,0.2,2528.25
c518c20b-cd5f-43f4-a3a7-b39dc971d849,2026-01-06 15:13:25.000000,Mark Copeland,martinezmia@example.com,North America,,,10,0.1,0.0
af9c5cfb-afe6-41c5-b0a1-9d7d4b861f69,2025-04-27 18:23:12.000000,Kelly Lee,charles87@example.net,North America,Exclusive object-oriented orchestration,Other,9,0.0,1287.9
523664ef-8d8b-4051-8af3-5cd2b66e550b,2024-12-26 19:16:34.000000,Cody Holt,sandra84@example.org,Europe,Devolved responsive model,Sports,6,0.2,1395.9
85261ad4-94ed-4114-b672-e14bcc4bbc6f,2024-12-02 16:28:59.000000,Austin Vasquez,hernandezlisa@example.com,Latin America,Decentralized grid-enabled service-desk,Electronics,8,0.1,2704.19
e04b1533-b905-47b6-b97e-e8301e018646,2025-03-04 09:00:39.000000,Nicholas Costa,ysnyder@example.com,Europe,Multi-lateral contextually-based methodology,Sports,7,0.1,1624.17
991f2102-34aa-48d4-bf3d-2b89a37afc5c,2026-03-26 13:25:28.000000,Vanessa Patel,davidalvarez@example.net,Middle East,Organic zero-defect hierarchy,Electronics,10,0.3,3350.49
2ede3051-565e-440d-9494-6414a22966c4,2026-06-10 03:45:15.000000,David Moon,joseph19@example.com,Middle East,Streamlined national conglomeration,Home & Garden,9,0.3,2819.88
5fffe8e6-7f38-4ce2-8f40-7865a5c11300,2025-01-27 18:43:41.000000,Sarah Rivera,wilsontara@example.org,Asia,Organized contextually-based orchestration,Electronics,9,0.1,3135.11
454f3fbf-b790-4752-bbfd-ec746441e11e,2026-07-15 06:32:31.000000,Sara Haas,wagnergerald@example.org,Asia,Cross-platform asymmetric leverage,Electronics,6,0.1,1034.58
5765f418-8993-4c6e-b586-37439174dc0b,2024-11-11 15:45:20.000000,Kristina Faulkner,paulscott@example.com,Europe,Optimized mission-critical moratorium,Home & Garden,3,0.2,638.12
40a62de4-1271-4295-9b21-c0654135b443,2024-10-25 15:18:42.000000,Miss Debra Williams PhD,cstone@example.com,North America,Mandatory discrete functionalities,Toys,6,0.2,2358.53
8cf996a3-d028-4602-a066-5e51f76d7126,2025-05-22 07:20:32.000000,Justin Nelson,gilbertbrenda@example.org,Middle East,Cross-platform asymmetric leverage,Electronics,1,0.2,154.38
cfdea771-305d-4749-9109-2f7a00d61c63,2026-07-16 13:04:41.000000,Justin Riley,michelle52@example.com,Middle East,Horizontal maximized product,Electronics,8,0.3,1194.48
746b302f-7ebb-46df-ad84-acc9413b48c4,2026-07-17 00:48:13.000000,Kimberly May,timothy64@example.com,Asia,Organized attitude-oriented implementation,Clothing,3,0.1,951.05
d2376d22-9565-4c2f-8cf7-0470fda8977a,2025-02-21 05:08:41.000000,Vincent Smith,morrowthomas@example.net,Middle East,Cross-platform fresh-thinking hierarchy,Toys,2,0.1,750.46
32fe1dea-6ba5-4136-9144-a44282d8a7f5,2025-02-12 08:48:41.000000,Amanda Diaz,christopherphillips@example.net,Asia,Cross-platform fresh-thinking hierarchy,Toys,10,0.1,3880.24
a0cbfeca-6d7e-49bc-bb48-ac140d0de136,2025-08-05 05:50:03.000000,Paul Moreno,wilsonmichael@example.org,North America,Multi-lateral contextually-based methodology,Sports,7,0.2,1465.28
6fea84f5-79f3-4373-9bab-13ac9863bb20,2025-05-17 11:50:07.000000,Kendra Sanders,john10@example.net,Middle East,Cross-platform asymmetric leverage,Electronics,4,0.1,697.74
2e5ce13a-23c5-4c31-9e93-eed6502a12a5,2024-10-24 11:06:48.000000,Robert Garcia,nicole26@example.org,Middle East,Multi-tiered dedicated circuit,Electronics,6,0.2,1079.69
fe833c05-cd21-4b86-8297-83925c807220,2024-09-01 07:46:32.000000,Jack Mora,sarahmathews@example.net,Middle East,Synergistic demand-driven implementation,Clothing,6,0.2,2509.71
4700cde9-11fd-4e63-98e0-713b0a813e88,2024-10-12 11:00:42.000000,Eric King,jennifermccormick@example.org,Europe,Function-based methodical product,Clothing,4,0.3,1247.64
209ebc46-44b6-4c9e-8904-59d78c69e2e8,2026-03-21 20:11:23.000000,Wanda Perez,valdezmichele@example.org,Europe,Cross-platform asymmetric leverage,Electronics,8,0.1,1459.64
afcd2960-be36-436d-acfd-ceed188c49b2,2025-06-14 17:59:33.000000,Willie Dillon,jeffreyjenkins@example.org,Latin America,Function-based grid-enabled adapter,Clothing,3,0.3,312.34
a9093889-e42c-4e33-8a39-561f3473d9d3,2025-10-04 01:21:45.000000,Mark Lloyd,lancesmith@example.com,Europe,Function-based methodical product,Clothing,5,0.0,2107.5
566d56e8-1c86-4f6f-8285-ede10f5449d1,2025-11-17 22:41:46.000000,Mitchell Griffith,kingjames@example.org,Europe,Up-sized foreground toolset,Toys,8,0.2,1402.24
6e078bdc-48c0-4d33-86f4-dccbb835de28,2025-01-23 22:23:14.000000,Tamara Richard,brian29@example.net,North America,Synergistic demand-driven implementation,Clothing,7,0.2,2859.1
9a898be7-9e49-4057-b86e-995d3b014893,2025-10-07 04:51:20.000000,Timothy Johns,wsantos@example.com,Middle East,,,7,0.1,0.0
8d783a9b-ed87-4db6-8448-cbb9c07126f3,2025-04-21 14:27:30.000000,Katie Gonzalez,kathryn88@example.org,Europe,Mandatory discrete functionalities,Toys,4,0.0,1818.62
05e05148-26d6-404f-bc82-3de9d73c9259,2025-09-24 01:41:20.000000,Jeffrey Chavez,parkerjudith@example.net,Latin America,Horizontal heuristic Graphic Interface,Electronics,2,0.2,127.59
621e1d14-d33b-45e6-b765-f8a0ce4307c4,2024-12-25 18:36:30.000000,Nicholas Edwards,elizabeth52@example.net,Middle East,Multi-lateral contextually-based methodology,Sports,10,0.2,2042.82
f4585d04-0476-4c34-9dc5-9ddb8aad970f,2024-11-22 13:46:33.000000,Shannon Yu,janet69@example.org,Middle East,Intuitive system-worthy access,Clothing,6,0.0,130.68
9d37c5a6-bd8e-480c-923c-cd6417576cc8,2025-02-15 11:53:52.000000,Justin Bishop,scottbowen@example.net,Middle East,Robust secondary infrastructure,Toys,7,0.2,1141.08
187eb974-1fe3-4111-bc7b-5816cf3eb0d7,2025-01-28 05:09:04.000000,Paul Moreno,wilsonmichael@example.org,North America,Multi-layered high-level initiative,Electronics,3,0.1,1154.29
3df5516b-3891-47f7-a809-f986d86af8f9,2025-07-12 21:36:21.000000,Michael Harris,maryscott@example.net,Asia,Cross-platform uniform flexibility,Toys,3,0.1,613.01
2c6d523b-e452-4643-aa67-8ce39c0f37d5,2026-07-03 17:33:42.000000,Kara Wilson,qruiz@example.com,Latin America,Multi-layered high-level initiative,Electronics,6,0.0,2577.02
00cfa44d-1b7d-4566-878b-640b38684ee5,2025-01-22 10:47:28.000000,Steve Newton,josephjacobs@example.net,Europe,Optimized mission-critical moratorium,Home & Garden,4,0.2,871.83
946320bc-6f68-43b3-8ef9-7a7dabd13f1a,2026-05-20 16:01:57.000000,Scott Brown,jim95@example.net,Europe,Cross-platform uniform flexibility,Toys,10,0.1,2067.12
7237e20d-62fe-4cae-997e-b35599870266,2025-01-02 17:37:08.000000,Mason Johnson,bboone@example.net,Middle East,Expanded intangible standardization,Clothing,8,0.2,559.64
14fdc3a7-d8e7-4ca2-99b1-a0433b70324e,2025-06-03 07:25:08.000000,Jason Stein,gateskathy@example.com,North America,Open-architected asynchronous artificial intelligence,Other,6,0.3,891.55
267faa83-7149-4c71-b1b2-b47ab6617c50,2026-02-15 02:48:17.000000,Daniel Velez,paul70@example.org,Middle East,Multi-lateral contextually-based methodology,Sports,4,0.1,867.57
9d741bb0-d9c0-476f-a26c-fccce35bba6d,2026-02-24 01:44:08.000000,Brian Jones,matthew18@example.com,Middle East,Decentralized tangible model,Clothing,1,0.2,316.06
c3dab31b-8a90-417c-85e5-120a615256aa,2025-02-17 01:04:17.000000,Tamara Richard,brian29@example.net,North America,Reverse-engineered multi-state knowledge user,Home & Garden,7,0.3,1964.26
7dd43e50-ac5e-4ec3-a1be-0ed93483518e,2025-06-25 03:31:59.000000,Sarah Davis,brettbennett@example.net,Latin America,Team-oriented cohesive approach,Sports,2,0.2,354.97
9d9a70e1-81ef-488b-bfc0-922e054da197,2025-05-18 06:46:28.000000,Jennifer Sanford,ismith@example.org,Middle East,Open-architected asynchronous artificial intelligence,Other,9,0.2,1427.69
3499a783-9b47-4e77-b133-5445d695847a,2025-05-06 16:16:47.000000,Susan Todd,kathleenbecker@example.net,Asia,Exclusive object-oriented orchestration,Other,1,0.1,130.22
99d81764-13cd-4a4c-b415-b7cf24fefbbe,2026-05-02 01:28:10.000000,Katrina Burns,thomas05@example.com,North America,User-friendly tangible synergy,Clothing,1,0.1,221.79
2b1b0f52-60ae-4b09-aeeb-5608b2ed003d,2026-03-25 02:28:14.000000,Kristy Hernandez,millermaurice@example.net,North America,Horizontal heuristic Graphic Interface,Electronics,8,0.1,541.49
50702efc-37ca-473b-b506-880f676cf539,2025-04-21 09:07:40.000000,Carol Lawson,stricklandfrank@example.com,Asia,Synergistic demand-driven implementation,Clothing,3,0.2,1107.23
99b62656-6123-4eea-bb1b-f755e600fd68,2026-06-02 17:51:56.000000,Shawn Deleon,katrinaanderson@example.net,Latin America,,,6,0.0,0.0
b294a9b6-a53d-4f52-be7b-8fb1903506bb,2024-09-09 05:47:00.000000,Joseph Romero,myerstheodore@example.net,North America,Robust secondary infrastructure,Toys,2,0.1,337.81
0599e1f2-ccd3-454c-b68b-bbc673c66188,2025-05-19 00:50:30.000000,Brandon Colon,bgonzalez@example.org,North America,Streamlined national conglomeration,Home & Garden,4,0.2,1378.61
61874fa9-5c09-4a5c-985d-fd17925814d9,2024-08-05 21:49:12.000000,Zachary White,manuel15@example.net,Asia,User-centric coherent leverage,Sports,8,0.1,2427.12
7200fc98-b963-42fc-afb0-d2977daf638b,2026-06-27 04:16:31.000000,Steven West,rbennett@example.net,North America,Down-sized contextually-based adapter,Sports,5,0.2,1135.86
4142d00e-6ff6-4a9a-96e6-e8fc6c944bca,2025-04-17 11:15:38.000000,Michele Smith,lmiller@example.org,Latin America,Profit-focused grid-enabled infrastructure,Toys,3,0.0,501.7
e95e8740-5dd9-4744-84e5-27ea3a82b37c,2025-02-07 19:54:23.000000,Ronald Jones,gilbertwilliam@example.com,Europe,Optimized mission-critical moratorium,Home & Garden,4,0.3,777.3
381958f2-2b25-4bdf-a879-1fa47a80fdd0,2026-05-15 00:54:51.000000,Tracey Wagner,fortiz@example.com,Middle East,Re-contextualized actuating infrastructure,Clothing,5,0.1,1703.52
995ef5bd-8465-4d5f-a51f-4e7c95e2f91b,2025-09-06 09:09:24.000000,Kristy Hernandez,millermaurice@example.net,North America,Multi-lateral contextually-based methodology,Sports,10,0.2,2042.82
094a8492-d88d-41dd-b21a-3244cf6579ec,2025-05-13 06:24:54.000000,David Morris,oscar85@example.com,Latin America,Upgradable disintermediate protocol,Toys,8,0.2,2572.16
3a843b35-c2bd-4805-8c48-52175d549496,2024-09-28 20:59:27.000000,Marc Lynch,mezajared@example.org,Asia,Expanded composite infrastructure,Home & Garden,3,0.0,643.97
17a60138-28a4-44a7-aa75-23fab504cdaf,2025-11-11 00:36:02.000000,Sara Haas,wagnergerald@example.org,Asia,Team-oriented cohesive approach,Sports,1,0.2,186.7
4019a1f6-0cd1-4081-8d85-e013b20004fa,2024-09-20 13:12:32.000000,Katie Gonzalez,kathryn88@example.org,Europe,Organized contextually-based orchestration,Electronics,10,0.1,3561.74
73fe6a93-4151-444e-ae98-36b78677098c,2024-11-13 17:53:24.000000,Judy Beck,melissa86@example.org,Middle East,Re-engineered clear-thinking application,Clothing,5,0.1,1480.96
6f96bbff-dbc6-4c37-a442-20c64b0c100c,2025-02-22 07:38:56.000000,Joanne Perez,rreynolds@example.net,North America,Expanded composite infrastructure,Home & Garden,9,0.1,1770.91
11186c1a-8540-42b0-aaa8-2f4e4fc4e8cd,2025-01-17 01:08:18.000000,Ronald Morgan,ashleewashington@example.com,Middle East,Horizontal heuristic Graphic Interface,Electronics,6,0.2,392.11
0d5979bf-9ef6-4a80-979f-1235df2ef280,2025-10-08 17:59:17.000000,Jason Marshall,catherine55@example.net,North America,Streamlined national conglomeration,Home & Garden,3,0.3,993.67
df301cb5-c8c5-44fa-8879-4a56a7954d2b,2026-05-25 06:14:11.000000,Craig Hall,victorpena@example.net,Latin America,Expanded intangible standardization,Clothing,8,0.3,480.63
49ca4ae6-2d0a-495a-bdb8-65cff106b83d,2025-09-19 14:05:48.000000,Danielle Ford,veronica83@example.net,Middle East,Organic zero-defect hierarchy,Electronics,2,0.1,849.42
e5199bd9-6c5b-47b6-b127-f7bd78623252,2024-11-28 10:09:12.000000,Travis Joyce,xhammond@example.com,North America,Organized contextually-based orchestration,Electronics,4,0.0,1487.32
f61a84b9-cec7-4f48-8466-06f63c7a912d,2024-12-19 18:01:20.000000,Rachel Leon,troyrodriguez@example.com,Asia,Business-focused 4thgeneration throughput,Sports,2,0.2,590.98
113ff40f-13b9-4213-b668-4e199a463e70,2026-03-13 06:29:42.000000,Chad Jones,rachelwallace@example.org,Asia,Streamlined national conglomeration,Home & Garden,8,0.2,2972.06
c87c1935-d139-46d8-84e0-137119fc9448,2024-12-06 19:33:42.000000,Kevin Snyder,jessicapayne@example.org,Middle East,Re-engineered clear-thinking application,Clothing,9,0.3,2186.5
7668d540-c770-4e6d-9fc7-75eb88b12a44,2025-09-23 20:37:34.000000,Alyssa Lee,marywright@example.com,Europe,Multi-layered high-level initiative,Electronics,6,0.2,2147.52
2dcdf65d-b924-412e-9e72-3c24c2c7bd49,2024-11-16 14:39:47.000000,Lauren Robles,carlsonjoseph@example.net,North America,,,2,0.3,0.0
3ee2b11c-2fd2-408f-aea1-63a7889dc47e,2026-03-24 04:49:01.000000,David Jones,unovak@example.org,Latin America,Decentralized tangible model,Clothing,5,0.2,1681.58
2bfaba2d-dafb-4997-9352-8440023d35cf,2026-03-08 05:34:28.000000,Kimberly Mclean,ystephens@example.com,Asia,Expanded composite infrastructure,Home & Garden,9,0.3,1489.18
054dc5a9-d034-4e89-8364-156045b7e83c,2025-08-14 01:28:43.000000,Cassandra Edwards,patriciaadams@example.net,Latin America,Synergized zero-defect conglomeration,Clothing,8,0.2,2255.61
64d072f8-0e8d-49f5-a514-1d9181278cf9,2024-11-02 19:24:56.000000,Marilyn Mack,russellbeasley@example.com,Asia,Cross-platform uniform flexibility,Toys,5,0.2,902.88
9be5662a-dc97-4a81-bdee-d56a21ddd27e,2026-04-29 23:53:12.000000,Sara Cardenas,rsheppard@example.com,North America,Decentralized grid-enabled service-desk,Electronics,3,0.0,1068.01
477eb375-c87d-41c2-92e8-c8b15e003828,2025-07-15 03:38:23.000000,Rachel Leon,troyrodriguez@example.com,Asia,Multi-tiered dedicated circuit,Electronics,9,0.1,1935.04
b5d044fb-2cd6-4d84-b477-38793eec05dc,2024-10-14 08:01:20.000000,Denise Colon,hreid@example.net,Middle East,Multi-layered high-level initiative,Electronics,2,0.3,653.2
a3dff5f0-297e-46fe-bf8b-015eb6a35409,2025-11-03 16:38:28.000000,Sandra Zimmerman,hthompson@example.net,Asia,Profound mobile time-frame,Clothing,5,0.0,968.73
fb9c7872-112b-4360-8ad2-7057c127cdfd,2025-05-10 03:29:44.000000,Lisa Crosby,antonio53@example.com,Europe,Cross-platform uniform flexibility,Toys,10,0.2,1829.52
75f53328-4986-4a4a-8025-93ed22ca9f04,2025-09-04 19:03:46.000000,Kathleen Garcia,ugill@example.org,Europe,Decentralized grid-enabled service-desk,Electronics,2,0.2,604.13
c1171668-ad72-4e2e-bd6d-ca57cc80a698,2025-05-23 19:25:51.000000,Gail Barron,matthewvalenzuela@example.com,Europe,Synergized zero-defect conglomeration,Clothing,6,0.2,1549.03
6765e3bf-b9ea-4873-8a9d-b5938ce17e35,2026-06-11 08:04:43.000000,Andrew Diaz,nolanjason@example.org,Latin America,Multi-layered high-level initiative,Electronics,8,0.0,3471.82
a5b8f158-f64c-41bf-b774-6c098669ba60,2025-08-28 14:52:28.000000,Sarah Rivera,wilsontara@example.org,Asia,Exclusive object-oriented orchestration,Other,4,0.0,555.23
93d5326f-9b03-4c39-8950-824d5a9b841d,2026-01-29 22:54:20.000000,Mark Copeland,martinezmia@example.com,North America,Organized contextually-based orchestration,Electronics,10,0.2,3326.9
c06ae817-67bb-48ba-bfd4-f67cd66ec576,2025-02-01 06:46:24.000000,Samantha Richardson,wolfscott@example.org,North America,Re-engineered clear-thinking application,Clothing,10,0.1,2895.36
2ab9aa52-685d-4acf-afd6-b83c86022833,2025-08-15 19:13:30.000000,David Maynard,katherinetaylor@example.org,North America,Cross-platform fresh-thinking hierarchy,Toys,8,0.2,2626.62
ce09e92a-2051-4111-bfee-16c1dba117ce,2024-08-18 06:38:16.000000,Sarah Phelps,ofinley@example.net,Europe,Operative responsive pricing structure,Sports,10,0.2,311.85
fea59d94-998c-403a-92cb-760434f6f0dd,2025-05-02 10:30:07.000000,Donald Walker,rhodespatricia@example.org,North America,Front-line next generation Internet solution,Toys,7,0.2,758.25
9ab9ae1b-1d93-47bd-8c66-b4edd789c624,2026-06-23 06:38:34.000000,Corey Fox,joseph61@example.com,North America,,,3,0.1,0.0
4cad3598-603d-4161-a1f0-41d06993e611,2025-05-07 04:37:38.000000,Katherine Cummings,umurray@example.com,Middle East,Horizontal heuristic Graphic Interface,Electronics,5,0.3,276.19
32de3097-7cba-4dea-9086-0861061cba48,2026-02-23 18:35:59.000000,Erin Anderson,lucasrodney@example.com,North America,Front-line next generation Internet solution,Toys,9,0.1,1105.68
c66b1f52-6f7f-4354-b72f-9fb6041b4c79,2025-11-28 21:25:15.000000,Shannon Johnston,amckinney@example.com,Middle East,Reverse-engineered multi-state knowledge user,Home & Garden,9,0.2,2900.88
dd7d8ff7-732f-4bd7-a5ac-f1b6c016c62b,2025-10-22 14:11:35.000000,Michael Ray,crawfordwilliam@example.org,North America,Function-based grid-enabled adapter,Clothing,2,0.3,205.33
23cce3bb-bfcd-4af7-823d-d884ca5fccf2,2025-12-07 03:20:53.000000,Tiffany Garcia,zhartman@example.net,Latin America,Expanded intangible standardization,Clothing,8,0.0,658.4
3e97037d-6577-464d-8d4e-0bd1cb33e3c6,2024-11-08 12:43:55.000000,Holly Stewart,ujackson@example.org,North America,Horizontal heuristic Graphic Interface,Electronics,8,0.2,529.04
e75680bb-3a21-4b51-a687-6705043159ef,2025-06-26 23:49:13.000000,Susan Murray MD,tyronemoran@example.net,Middle East,Decentralized tangible model,Clothing,7,0.2,2269.12
7762a6bb-6634-4a1b-bc9d-575e40bf5ca2,2026-01-25 17:01:11.000000,Diane Beck,clarence34@example.org,North America,Function-based grid-enabled adapter,Clothing,6,0.2,702.76
3466b8f9-e1e3-4199-9f1f-05c37717a7cb,2025-07-15 20:18:25.000000,Maria Lucas,tammy61@example.org,North America,Expanded intangible standardization,Clothing,4,0.2,253.48
0d250730-f5a9-4c9a-aa71-dec52162d1b7,2025-01-27 13:44:08.000000,Margaret Alvarez,william28@example.org,Asia,,,4,0.1,0.0
a3d889fa-e5a4-46d8-a541-f181f29e225b,2026-07-07 17:01:39.000000,Christopher Schwartz,jenniferwilliams@example.com,Latin America,Devolved responsive model,Sports,9,0.1,2400.95
0d993ab9-5fc0-4cce-8ba0-850819edcdbc,2025-04-19 06:36:10.000000,Shannon Yu,janet69@example.org,Middle East,Advanced context-sensitive instruction set,Toys,10,0.1,2836.92
e3157b34-62f5-43b1-a8cd-ea8a7710199d,2025-12-10 12:38:15.000000,Robert Campbell,xmoreno@example.net,Asia,Front-line encompassing leverage,Toys,6,0.0,600.21
99260664-13ff-466e-aef2-2516df42ca29,2025-03-06 07:25:35.000000,Patrick Parker,nathan94@example.com,Asia,Function-based methodical product,Clothing,3,0.3,935.73
8d361929-8337-4b02-9233-3b125ad27e7a,2025-07-26 13:43:17.000000,Vanessa Hatfield,david96@example.com,Europe,Organic zero-defect hierarchy,Electronics,3,0.1,1274.13
de5e78e5-fb3a-4e15-af19-20da0a5fcede,2026-05-10 00:15:37.000000,Rachel Shields,carterpaul@example.org,Latin America,Exclusive object-oriented orchestration,Other,10,0.2,1087.56
54da1012-5a3c-49e0-9158-6f467abdcb0f,2024-12-18 06:29:51.000000,James Chapman,cameronwilliams@example.com,Middle East,User-friendly tangible synergy,Clothing,5,0.1,1158.78
2a7b65de-81b8-4de2-ac07-3a4c4f728efc,2024-07-29 13:53:02.000000,Cindy Barnes,eric45@example.net,Asia,Exclusive object-oriented orchestration,Other,5,0.1,636.8
be8cea8a-255c-4297-99ee-f9d6fdfa3cb1,2026-01-24 07:44:25.000000,Christopher Schwartz,jenniferwilliams@example.com,Latin America,Up-sized foreground toolset,Toys,6,0.2,985.95
0651a897-0f54-4086-8505-11e18fc45e9e,2025-08-20 17:40:31.000000,Thomas Velasquez,sarah60@example.com,Europe,Function-based grid-enabled adapter,Clothing,5,0.1,629.01
5f0b5135-8566-48c8-a173-e27437fc511b,2024-08-08 17:46:52.000000,Andrew Williams,linda87@example.org,North America,Cross-platform asymmetric leverage,Electronics,7,0.0,1403.5
cc6b3a6e-5583-44db-a746-033872c7a202,2025-11-09 01:33:05.000000,Brian Simmons,jose86@example.net,Middle East,Function-based methodical product,Clothing,1,0.3,299.26
53986e7f-9f2c-4e7f-98d0-202b75d5a115,2025-02-27 07:12:33.000000,Susan Wilson,jane39@example.com,Europe,Robust secondary infrastructure,Toys,3,0.3,418.33
8459f302-cd1d-436e-8d08-da995e331ed8,2025-10-18 20:33:06.000000,Patrick Parker,nathan94@example.com,Asia,Multi-tiered dedicated circuit,Electronics,1,0.2,175.27
c22c9037-703a-4746-a22f-38841f9071b1,2025-08-03 15:45:15.000000,Mr. David Little MD,nolansteven@example.com,Asia,Organized contextually-based orchestration,Electronics,5,0.1,1780.87
094183bf-8393-4544-837d-e35e6ef3d69b,2025-12-20 12:53:14.000000,Patricia Baker,katiebutler@example.net,North America,Optimized mission-critical moratorium,Home & Garden,6,0.1,1370.77
bfba5b2c-ba89-40b8-8c49-0e4cc780b892,2025-10-03 21:19:18.000000,Dylan Cruz,kwright@example.com,Middle East,Devolved responsive model,Sports,9,0.2,2317.19
f7d75510-ffa7-4ae1-9139-dd0f8185ca84,2024-11-17 02:03:37.000000,Joseph Knight,georgemiller@example.com,Middle East,Organized contextually-based orchestration,Electronics,10,0.2,3326.9
5484d865-60bf-413c-9320-63afeed5a71b,2025-12-16 02:33:41.000000,Nancy Wilson,pattersonangela@example.org,Europe,Multi-tiered dedicated circuit,Electronics,2,0.0,458.05
b8f89cba-bb40-4bc8-b09a-c2bcb6da79bb,2025-11-26 08:51:20.000000,Joshua Holland,margaret10@example.org,Asia,Devolved responsive model,Sports,8,0.3,1786.75
c3198f41-2467-44a3-a4da-010944610c94,2026-07-01 16:31:17.000000,Matthew Banks,sanderskevin@example.net,North America,Exclusive object-oriented orchestration,Other,1,0.2,110.19
624695b9-9deb-4a4b-97db-46133242f61c,2025-02-20 04:19:03.000000,Kelly Lee,charles87@example.net,North America,Down-sized contextually-based adapter,Sports,8,0.1,2036.33
0b4476b2-0ab9-494f-b861-7ce964f75c10,2025-03-13 06:26:20.000000,Melissa Abbott,jamie98@example.org,Europe,Operative responsive pricing structure,Sports,7,0.0,277.83
31ca528c-2208-4d01-b41c-7c7d0319f369,2025-06-10 22:52:24.000000,Todd Hudson,harveyrobert@example.net,Europe,,,6,0.1,0.0
ccaa2cd3-6ae7-4db3-b193-fb1c91bd4f30,2026-04-23 12:05:10.000000,Tyler Hill,christina18@example.net,Europe,Function-based grid-enabled adapter,Clothing,5,0.0,701.31
35eaede0-ea83-456b-bd8c-93df41515f1e,2024-07-21 10:21:04.000000,Donald Juarez,barbaramoore@example.org,Asia,User-friendly tangible synergy,Clothing,7,0.2,1308.3
dbdcfb3d-29d4-456e-90f4-55e5fdb3e9a9,2024-08-19 02:06:19.000000,Mitchell Johnson,brownlaura@example.net,Latin America,Front-line encompassing leverage,Toys,10,0.1,958.23
c979a0e1-7b8f-47cf-ba2c-43ec43f84fcf,2024-09-10 07:46:17.000000,Joseph Knight,georgemiller@example.com,Middle East,Horizontal maximized product,Electronics,2,0.1,371.14
fb2fbe8c-ea46-4911-b7e2-f124381692f5,2024-11-26 14:51:46.000000,Lucas Allen,qlopez@example.org,Latin America,Down-sized scalable workforce,Home & Garden,9,0.2,1911.99
1d3ea32c-7e54-4a1e-ac30-4971ecc11ecb,2024-09-21 02:31:19.000000,Sergio Knight,vjones@example.net,North America,Horizontal maximized product,Electronics,1,0.2,159.98
e63f6d3a-cfca-46b9-b5a8-c1d7ab5eebe9,2025-04-13 04:51:54.000000,Nicholas Rush,xrosales@example.net,Asia,Optimized mission-critical moratorium,Home & Garden,3,0.2,606.61
5f4304e4-fabd-44aa-ba59-16c59de67f2c,2026-05-12 16:00:00.000000,Sarah Wagner,rebecca01@example.net,Asia,Down-sized contextually-based adapter,Sports,6,0.3,1165.96
4211c052-f4de-4da7-b4a6-af9d780b8dc0,2025-10-12 04:39:05.000000,Curtis Taylor,jjohnson@example.net,Asia,Business-focused 4thgeneration throughput,Sports,8,0.2,2276.35
e6bd4bbc-e3a0-4a3c-8c44-d60f8efe59c3,2026-04-14 12:56:00.000000,Richard Walter,alyssa42@example.com,Europe,Expanded intangible standardization,Clothing,6,0.1,424.67
aa399b2c-a1ab-475e-94a2-315dbdfb0259,2025-03-31 14:47:58.000000,Scott Brown,jim95@example.net,Europe,Re-contextualized actuating infrastructure,Clothing,6,0.1,2111.62
ae94c0b5-aaf1-4938-a7d5-4ab086d66946,2026-04-30 19:59:45.000000,Mr. Nicolas Salas II,maryhuff@example.com,Europe,Upgradable disintermediate protocol,Toys,5,0.1,1848.74
aebef7a2-8521-425e-96fb-cb7eb770beaf,2025-02-22 16:03:33.000000,Melissa Mitchell,kwilliams@example.org,Asia,Optimized mission-critical moratorium,Home & Garden,3,0.0,756.29
e586ee20-c73e-49e9-9806-9315ce62665f,2025-01-27 12:26:27.000000,Taylor Griffith,david86@example.com,Latin America,Multi-lateral high-level open architecture,Toys,7,0.2,1316.17
82430329-f09f-4936-9401-e03445ae25d2,2025-03-11 10:47:35.000000,Emily Rodriguez,hahnsean@example.com,Latin America,Re-contextualized actuating infrastructure,Clothing,1,0.2,310.75
fdc6aebf-b96a-4419-b906-dfde7fb63b12,2025-05-31 08:06:22.000000,Vanessa Patel,davidalvarez@example.net,Middle East,Horizontal heuristic Graphic Interface,Electronics,6,0.2,354.77
4ce33ed4-9779-4ead-b3bc-daee0d211dc4,2026-04-04 16:03:52.000000,Joseph Hill,andre62@example.org,North America,User-centric coherent leverage,Sports,10,0.1,3033.9
d2f62f9d-1b43-4fdc-81f4-d834dcf5d1fc,2024-11-12 22:10:45.000000,Sarah Wagner,rebecca01@example.net,Asia,Expanded composite infrastructure,Home & Garden,2,0.2,371.18
c891e9bc-d830-40dc-b93f-80798e156734,2025-01-07 01:21:12.000000,Blake Sosa,waustin@example.net,Middle East,Horizontal maximized product,Electronics,2,0.2,358.34
b2879bdd-193d-4b13-ad11-b850273beecb,2025-09-15 03:17:43.000000,Kristina Faulkner,paulscott@example.com,Europe,Mandatory discrete functionalities,Toys,4,0.2,1458.69
be160640-69a3-4ab6-9ced-1a62817ef840,2025-05-27 13:32:21.000000,Patrick Parker,nathan94@example.com,Asia,Reverse-engineered multi-state knowledge user,Home & Garden,7,0.2,1990.8
4c90cdc4-54ca-4257-910a-eb6f6b56b091,2024-09-22 00:08:23.000000,Elijah White,oallen@example.com,Latin America,Function-based grid-enabled adapter,Clothing,3,0.2,347.04
7b2e329d-9f80-4d12-a996-06d23e141965,2026-07-12 02:35:45.000000,Andrew Diaz,nolanjason@example.org,Latin America,Expanded intangible standardization,Clothing,1,0.1,74.07
505f7c6e-c664-4ca9-90fa-62fca9b2a838,2026-07-10 07:59:38.000000,Richard Diaz,brittanygardner@example.net,Latin America,Business-focused 4thgeneration throughput,Sports,7,0.3,1864.13
67eaae63-6f85-4440-8e91-3294e3a99752,2026-04-15 01:37:01.000000,Carolyn Fuller,rhernandez@example.org,Asia,Down-sized scalable workforce,Home & Garden,5,0.0,1379.5
7921f0b3-6a0a-4302-a76f-8e0d6ea28b15,2024-08-13 18:07:25.000000,Mitchell Griffith,kingjames@example.org,Europe,Team-oriented cohesive approach,Sports,1,0.0,230.5
1e4415f4-5ed1-4afe-b006-296b5572fd41,2025-03-17 05:27:22.000000,Ricardo Young,williamsrobert@example.net,North America,Multi-lateral high-level open architecture,Toys,3,0.1,682.82
ff6fb946-e10d-4490-bc8c-92673c55ad3a,2025-08-07 00:43:52.000000,Tracy Torres,pwilson@example.net,North America,Operative responsive pricing structure,Sports,6,0.2,204.12
96a2e79d-6576-4828-b551-7659ed86a0c9,2025-01-03 05:33:49.000000,Scott Hernandez,tanyafoster@example.org,Asia,Organic zero-defect hierarchy,Electronics,4,0.2,1453.45
3c304193-d975-4f32-ae1b-670f67c2e684,2025-02-28 11:55:29.000000,Robin Trujillo,amanda98@example.org,Europe,Innovative eco-centric open architecture,Toys,10,0.0,2170.75
2a36856d-cdf5-457f-9c4e-7e7f3e44b4c7,2025-04-08 01:21:01.000000,Scott White,freemancrystal@example.org,North America,Front-line encompassing leverage,Toys,4,0.1,383.29
97ec147d-53bf-4311-9915-5bef28c0ce9b,2025-05-09 16:43:52.000000,David Charles,danderson@example.net,Middle East,Optimized mission-critical moratorium,Home & Garden,9,0.2,1937.99
15042b41-19c4-47d6-9537-846cda6b391d,2024-09-22 22:09:22.000000,Lauren Bender,icraig@example.com,Latin America,Profit-focused grid-enabled infrastructure,Toys,3,0.2,438.98
26696e53-022c-4449-bcc8-39fbcbd363a5,2025-09-13 17:01:02.000000,Andrew Greene,christinacraig@example.com,Asia,Decentralized tangible model,Clothing,6,0.3,1799.09
17a1f56e-e586-4a54-be1e-35dd6db4f81c,2026-07-16 17:46:49.000000,Brian Harris,mserrano@example.org,Middle East,,,4,0.1,0.0
b287b9a1-cedf-4af6-8b28-ac77f855ddab,2025-12-06 06:48:49.000000,John Torres,gbender@example.net,North America,Multi-lateral high-level open architecture,Toys,5,0.1,1150.41
0088ca76-0d25-48d0-bde9-0c2d26e21c56,2025-07-21 23:44:18.000000,Gary Wilson,lmendoza@example.org,Asia,Organized contextually-based orchestration,Electronics,6,0.0,2324.92
4a9ab305-222b-462a-885e-05182d756dd3,2026-05-07 05:14:56.000000,Margaret Montgomery,haynescharles@example.net,Middle East,Function-based grid-enabled adapter,Clothing,2,0.2,216.9
eb078653-af87-4674-adc1-e2f75de470f7,2026-04-24 03:39:23.000000,Kimberly May,timothy64@example.com,Asia,Optimized mission-critical moratorium,Home & Garden,8,0.3,1554.59
926e6991-aa82-4ac8-9b74-c4d1b3322d31,2024-09-26 23:16:35.000000,Kimberly Morrison,kellythompson@example.net,Asia,Expanded composite infrastructure,Home & Garden,4,0.1,796.02
4f4cea72-e493-4415-aa4b-f5dc0a599c13,2025-04-03 10:04:12.000000,Jennifer Velasquez,bethwilliams@example.com,North America,Function-based grid-enabled adapter,Clothing,7,0.1,951.47
000df764-9d46-4a9a-8a1d-9238fcf9abbb,2026-04-20 00:20:34.000000,Jeffrey Carpenter,steven73@example.net,Latin America,Expanded intangible standardization,Clothing,9,0.3,540.71
2b80d1ed-ca1f-483a-b137-2ca1ec2c4f79,2026-06-17 18:07:13.000000,Michael Harris,maryscott@example.net,Asia,Profound mobile time-frame,Clothing,2,0.0,375.63
7d883d25-fe54-4772-92fe-2d04640fac70,2024-10-12 12:26:39.000000,Connor King,courtneyberger@example.net,Latin America,Cross-platform fresh-thinking hierarchy,Toys,8,0.2,2660.74
9d8d2752-4a9b-4dc7-97e7-1b55446fc213,2026-05-01 23:47:36.000000,Michelle Pierce,patricia22@example.com,Latin America,Expanded composite infrastructure,Home & Garden,6,0.1,1180.61
9cdc546c-d4f0-4d63-9259-d65486adab8e,2025-02-26 22:13:06.000000,Connor King,courtneyberger@example.net,Latin America,Intuitive system-worthy access,Clothing,9,0.1,176.22
9b2dceee-765b-4069-90a0-12b2237c56bb,2026-05-14 01:35:04.000000,Kenneth Lewis,gwalker@example.com,Middle East,Horizontal heuristic Graphic Interface,Electronics,2,0.3,112.03
c6acdcaf-a4ba-4ef5-a84a-f9d8428e31ed,2026-01-15 15:39:36.000000,Andrew Stewart,carl95@example.org,North America,Re-engineered clear-thinking application,Clothing,7,0.2,1770.5
9b428238-7f15-4663-989b-553583cfed3b,2025-01-10 19:33:55.000000,Lauren Robles,carlsonjoseph@example.net,North America,Synergistic demand-driven implementation,Clothing,6,0.1,2627.81
64b56f4e-0833-4cee-88a0-5e4fb064672a,2026-05-13 21:07:45.000000,Travis Joyce,xhammond@example.com,North America,Decentralized tangible model,Clothing,7,0.3,2042.21
b1e58a88-29ad-401d-aa3e-009c56b243cd,2025-07-23 02:48:31.000000,Christine Parker,melissa12@example.net,Europe,Advanced context-sensitive instruction set,Toys,4,0.3,845.04
f3a2e957-5bd7-4a7c-b3d7-9809cf6de802,2025-08-20 05:54:57.000000,Kyle Reed,samuel81@example.com,North America,Robust secondary infrastructure,Toys,7,0.3,1017.35
b4a5f712-a74b-451c-8b2c-dc4e4e70263a,2026-04-14 17:44:07.000000,Andrew Stewart,carl95@example.org,North America,Multi-tiered dedicated circuit,Electronics,6,0.0,1388.18
ee350ed7-ce95-4086-ab00-0e3b66ae192a,2025-01-19 14:49:52.000000,Allison Thomas,gonzalezkaren@example.org,Middle East,Cross-platform uniform flexibility,Toys,3,0.2,591.62
4f2ffeb3-d8dd-4b26-bc0e-a898cb5475bf,2025-12-20 11:40:55.000000,Raymond Jefferson,hoganashlee@example.org,Asia,Profound mobile time-frame,Clothing,3,0.0,569.38
7616e3a2-3d9d-49d4-b5e6-6d4c539cb0bb,2024-11-13 12:08:26.000000,Sarah Davis,brettbennett@example.net,Latin America,Cross-platform asymmetric leverage,Electronics,1,0.0,196.49
14570a44-096b-4227-a7bc-7004b4072f12,2024-09-04 14:55:32.000000,Anna Chang,smithdevon@example.net,Asia,Organized contextually-based orchestration,Electronics,5,0.1,1741.73
25ce5ac5-1e22-46b2-a009-48279672663f,2024-10-12 14:58:47.000000,Justin Nelson,gilbertbrenda@example.org,Middle East,Multi-lateral contextually-based methodology,Sports,1,0.0,239.59
263a484e-2048-4a6e-b2ec-6f04ff8bb891,2026-02-02 09:11:10.000000,David Cannon,campbellnancy@example.com,Latin America,Profound mobile time-frame,Clothing,3,0.2,462.62
552dad08-c536-40a2-8850-4c6b12cd1aeb,2026-01-06 03:55:12.000000,James Howard,huffmannichole@example.net,North America,Organic zero-defect hierarchy,Electronics,3,0.1,1259.97
b7f8d284-3d3f-40e0-944b-0f0751e844c9,2025-07-30 01:23:46.000000,Willie Dillon,jeffreyjenkins@example.org,Latin America,Cross-platform fresh-thinking hierarchy,Toys,3,0.0,1266.41
8d57c064-abf0-44f1-b14c-d6f2ab13b31a,2026-02-07 12:25:08.000000,Daniel Velez,paul70@example.org,Middle East,Front-line next generation Internet solution,Toys,10,0.1,1188.9
b588489e-effb-4197-8d73-a782967197ec,2024-12-30 22:12:47.000000,Tamara Powell,jeffreymercer@example.org,Europe,Optimized mission-critical moratorium,Home & Garden,6,0.0,1559.84
08a97c0f-a7fb-459f-b925-7d0fe5455ccc,2025-04-29 21:08:09.000000,Sarah Davis,brettbennett@example.net,Latin America,Profit-focused grid-enabled infrastructure,Toys,3,0.3,381.5
58578862-3105-45b6-a40b-1814281269bc,2024-09-10 07:08:34.000000,David Leblanc,jmorton@example.org,Europe,Organized attitude-oriented implementation,Clothing,7,0.2,1919.92
da62a307-d753-4a99-8808-7cc40c858251,2026-04-06 04:28:55.000000,Peter Thompson,teresastokes@example.org,Europe,Profound mobile time-frame,Clothing,3,0.0,563.44
d0013b99-2fc2-4f20-a3ba-24b1408eff3d,2025-08-11 12:02:01.000000,Danielle Ford,veronica83@example.net,Middle East,Innovative eco-centric open architecture,Toys,4,0.0,886.58
65c1e162-f76f-4c87-a888-475076a831c7,2026-03-21 17:28:14.000000,Steve Newton,josephjacobs@example.net,Europe,Cross-platform fresh-thinking hierarchy,Toys,8,0.1,2933.63
7319c9c0-52d6-4c9a-9cd1-ad00b58a4ffc,2024-11-01 05:16:41.000000,Justin Nelson,gilbertbrenda@example.org,Middle East,Organized attitude-oriented implementation,Clothing,8,0.0,2735.62
f7797643-beca-408c-93b0-4133d0d70956,2026-01-21 10:23:07.000000,Jessica Robinson,taylordavid@example.net,Asia,,,1,0.1,0.0
f543c14d-5095-4881-a88d-37de6c1f0650,2026-07-02 01:48:46.000000,Sarah Davis,brettbennett@example.net,Latin America,Front-line next generation Internet solution,Toys,3,0.1,356.67
b329b6a4-de3e-4557-910a-a60dc0633a98,2024-12-10 21:04:48.000000,Paul Grant,seanmyers@example.net,Middle East,Re-contextualized actuating infrastructure,Clothing,10,0.2,2995.2
2a07a49f-c880-4bae-9e82-328501e780a0,2025-01-31 15:18:41.000000,David Alvarez,gibsonolivia@example.net,Middle East,Exclusive object-oriented orchestration,Other,8,0.2,892.94
e0222432-7ca5-4928-97dd-06916a71efda,2025-04-06 20:21:46.000000,Amy Manning,christinenorman@example.com,North America,Down-sized scalable workforce,Home & Garden,4,0.0,1059.46
23ed6309-e25c-4f4a-8ac2-2e6d25ee52db,2025-01-23 10:08:31.000000,Jeffrey Hawkins,fgarcia@example.com,North America,Fundamental contextually-based neural-net,Electronics,3,0.1,650.63
f5020e2a-7ecf-4226-9a9a-9f1b8345d6d3,2025-02-21 19:30:38.000000,Sarah Rivera,wilsontara@example.org,Asia,Expanded composite infrastructure,Home & Garden,2,0.2,348.82
2e361846-b885-4367-b3c7-024de84543c7,2025-06-10 13:26:49.000000,Charles Gonzalez,kathleenrios@example.org,Asia,Mandatory discrete functionalities,Toys,2,0.1,880.9
a1ac78c9-025c-4425-8557-13d309d7cc9c,2025-04-27 04:13:49.000000,Bradley Reynolds,lisa80@example.net,North America,Expanded intangible standardization,Clothing,5,0.1,370.35
9d689315-ccda-48e2-97cc-6c2ab61c07e8,2025-05-06 17:27:04.000000,Blake Sosa,waustin@example.net,Middle East,Decentralized grid-enabled service-desk,Electronics,10,0.2,3020.64
7b98ac6e-1ac6-42bf-80b3-647856516ab6,2026-03-12 06:51:08.000000,Derek Hodge,taylorkaren@example.com,Latin America,Multi-tiered dedicated circuit,Electronics,3,0.1,630.99
33a37a74-8046-4354-b822-58a7d306e664,2024-12-31 22:15:30.000000,Patricia Baker,katiebutler@example.net,North America,Organic zero-defect hierarchy,Electronics,3,0.2,1175.03
a89e4fa6-ae2b-4ab8-951f-e4f725d69a97,2026-05-18 05:50:59.000000,Robert Clarke,zbell@example.net,Latin America,Profit-focused grid-enabled infrastructure,Toys,7,0.2,987.71
fe5e9b1c-875b-4fe1-a3bb-eeb7640445a1,2025-10-22 15:16:20.000000,Amy Walker,finleycasey@example.com,North America,Profit-focused grid-enabled infrastructure,Toys,4,0.0,661.96
32586047-9cba-4eda-ad34-3b0f9cca6d2a,2025-06-23 19:36:27.000000,Ricardo Young,williamsrobert@example.net,North America,Re-engineered clear-thinking application,Clothing,10,0.1,2862.08
ccdf1d3e-bb34-44d1-b327-33efc50bd5b9,2024-08-20 14:43:17.000000,John Pineda,hernandezmarcus@example.org,Middle East,Innovative eco-centric open architecture,Toys,4,0.2,740.34
974a25a0-b817-48f8-b6d2-0b487477c444,2025-09-18 22:53:50.000000,John Allen,brent38@example.net,Latin America,Down-sized scalable workforce,Home & Garden,7,0.1,1660.92
c17a608e-ff2d-4318-89ee-49ed4a4a1b64,2025-07-10 12:22:21.000000,Richard Walter,alyssa42@example.com,Europe,Decentralized grid-enabled service-desk,Electronics,10,0.1,3308.32
0496122f-5525-40d1-88d4-0d840b653f5f,2025-06-02 09:04:51.000000,Heidi Stark,brownamy@example.net,Latin America,Cross-platform fresh-thinking hierarchy,Toys,5,0.2,1705.6
cab5e9f3-f70f-4c0c-a085-df4796ddb159,2024-09-07 18:25:48.000000,Jeffrey Hawkins,fgarcia@example.com,North America,Up-sized foreground toolset,Toys,6,0.3,920.22
6ad09369-e0d3-47c1-945d-91e17979fbb2,2026-07-12 14:29:58.000000,Phillip Bennett,molly39@example.com,Latin America,Front-line next generation Internet solution,Toys,6,0.2,602.38
9bd7b9be-e265-4dda-aa02-cc7d76aac248,2025-10-08 04:43:36.000000,Jennifer Kirby,carloshernandez@example.org,North America,Business-focused 4thgeneration throughput,Sports,9,0.1,2823.55
d5b5984b-50af-4b53-ac4f-98383b1f3a0d,2025-10-22 22:50:17.000000,David Alvarez,gibsonolivia@example.net,Middle East,Organic zero-defect hierarchy,Electronics,6,0.2,2180.18
4cdf5063-43c3-4988-b303-7257390ff1c0,2026-06-13 10:47:32.000000,Cindy Barnes,eric45@example.net,Asia,Decentralized tangible model,Clothing,6,0.1,2115.14
d115a0ca-09e8-4de2-9a27-77afa6ed0e6b,2025-01-15 05:28:02.000000,Jeffrey Chavez,teresa28@example.org,North America,Organized attitude-oriented implementation,Clothing,3,0.0,1036.54
410f71df-945e-49c7-a785-79d2ab1e5fcf,2025-05-23 15:37:18.000000,Ethan Villanueva,travis84@example.com,Latin America,Decentralized grid-enabled service-desk,Electronics,2,0.0,690.43
3aae37b5-87de-42ea-8118-d2a543ef0542,2024-08-21 11:34:46.000000,Kara Wilson,qruiz@example.com,Latin America,User-centric coherent leverage,Sports,3,0.3,748.36
73020b26-d24e-4a96-b3b6-d5ae38c7f236,2025-01-22 14:41:29.000000,Lisa Goodwin,pyoung@example.com,North America,Function-based grid-enabled adapter,Clothing,7,0.2,840.13
0c3a3ed8-6e15-4f71-8093-7ba065a07e43,2024-09-18 02:29:42.000000,Brian Simmons,jose86@example.net,Middle East,Intuitive system-worthy access,Clothing,9,0.0,188.1
8906a4e2-460c-4c89-8da4-0209cd698214,2026-04-14 13:45:29.000000,Angela Wallace,fmiller@example.com,Asia,Horizontal heuristic Graphic Interface,Electronics,4,0.0,298.75
6ab075bd-f09e-44ef-8bea-6f03e6453b43,2024-08-02 16:26:42.000000,Kyle Smith,nsmith@example.org,North America,,,1,0.1,0.0
bb958291-f3dd-49d1-9e59-06988072cee2,2026-03-30 04:45:12.000000,Kirk Thompson,wmatthews@example.com,North America,Innovative eco-centric open architecture,Toys,9,0.2,1686.33
4e6364bc-c9b9-46c0-a3d8-53ecc44ba50d,2026-03-10 05:07:58.000000,Austin Vasquez,hernandezlisa@example.com,Latin America,Down-sized scalable workforce,Home & Garden,9,0.2,2085.8
7f2382b5-0d1b-493b-a9ce-f59399a9a788,2025-10-14 15:03:03.000000,Brett Thompson,phelpsmichael@example.net,Europe,Organized attitude-oriented implementation,Clothing,6,0.2,1795.25
8d676a99-a94a-4567-88ba-1f6f36a25607,2025-03-01 08:14:07.000000,Cynthia Haas,daisymccarty@example.net,Europe,Profound mobile time-frame,Clothing,3,0.1,527.86
3c1e0ac4-daf0-4b92-9da9-c3c5c798c498,2026-07-09 22:45:35.000000,David Charles,danderson@example.net,Middle East,Reverse-engineered multi-state knowledge user,Home & Garden,3,0.2,921.46
b9c8ddd8-8f8d-4ef2-a397-3de4fd414341,2025-04-02 05:05:41.000000,John Pineda,hernandezmarcus@example.org,Middle East,Mandatory discrete functionalities,Toys,4,0.2,1420.8
33440c51-a7f6-45fb-8b89-43fd2d5f62b0,2024-08-01 00:42:02.000000,Maria Burke,walkercharlene@example.com,Middle East,Upgradable disintermediate protocol,Toys,3,0.2,1012.79
542a965f-1465-4466-adf3-be7aaf61aae1,2025-12-05 09:48:32.000000,Angie Hill,zgomez@example.com,Europe,Mandatory discrete functionalities,Toys,7,0.3,2453.25
054bffbb-7ad8-46ba-b252-f8f93edf665f,2024-10-06 05:50:58.000000,Kevin Warren,vharrell@example.com,Middle East,Synergized zero-defect conglomeration,Clothing,7,0.1,2163.89
bb23e712-bfd9-4996-ae5b-6379213fa67b,2025-02-06 12:51:08.000000,Kimberly Lutz,jvaldez@example.com,Asia,Profound mobile time-frame,Clothing,7,0.3,1010.25
abfbcc17-4ad5-433b-a84f-1cf12b451121,2025-02-05 16:19:59.000000,Kristina Faulkner,paulscott@example.com,Europe,Devolved responsive model,Sports,3,0.2,725.87
6d2bc99d-e7ec-4309-a96f-c0d76a632a6b,2024-12-26 12:21:26.000000,Erin Anderson,lucasrodney@example.com,North America,Re-engineered clear-thinking application,Clothing,2,0.1,612.35
18fc9899-5c86-46f9-a9f5-d43dbaaa58f6,2026-03-07 06:08:36.000000,Hannah Bruce,lisamccarthy@example.com,Middle East,Organic zero-defect hierarchy,Electronics,5,0.1,2217.93
ff75659e-4f3a-4530-89ed-6369ee869beb,2025-09-15 05:21:03.000000,Tammie Prince,morganlaura@example.com,Middle East,Mandatory discrete functionalities,Toys,10,0.3,3362.56
1f16bfe5-df8b-4c1c-a7d3-584cfb99ac3e,2026-05-14 13:25:08.000000,Craig Hall,victorpena@example.net,Latin America,Multi-lateral contextually-based methodology,Sports,4,0.1,887.74
3d533dee-f41e-4e7c-80da-1e3fefe5f873,2024-09-10 05:46:50.000000,Michael Warner,ojones@example.com,Europe,Robust secondary infrastructure,Toys,7,0.1,1209.82
c229a415-cb5f-4951-8534-f723c75694ac,2025-02-15 17:53:57.000000,Sarah Phelps,ofinley@example.net,Europe,Cross-platform uniform flexibility,Toys,6,0.0,1397.09
c3d08178-1d05-4dbf-add1-0250f713a7f8,2025-07-06 12:28:01.000000,Tracy Hart,katherineali@example.com,Asia,Multi-tiered dedicated circuit,Electronics,3,0.3,511.8
c4188fea-801e-4901-9f16-a10e56685b02,2026-04-30 16:52:34.000000,Carol Lawson,stricklandfrank@example.com,Asia,User-friendly tangible synergy,Clothing,10,0.3,1794.24
82c273a9-771d-4808-88db-039cc78fc57d,2024-10-23 19:50:40.000000,Austin Vasquez,hernandezlisa@example.com,Latin America,Organized contextually-based orchestration,Electronics,8,0.0,3005.95
473eb4b1-9d47-472c-ab01-f1017b32aadb,2026-03-23 02:30:26.000000,Frederick Solis,xcollier@example.org,Europe,Cross-platform asymmetric leverage,Electronics,6,0.0,1203.0
178f48eb-c9fb-47f1-9b33-cb3f15510ef5,2025-04-21 08:39:21.000000,Garrett Gibson,kathleen64@example.com,Europe,Profound mobile time-frame,Clothing,5,0.2,830.34
3075f9af-ce7d-465b-a34c-25ea2d28746a,2025-09-17 12:59:37.000000,Scott White,freemancrystal@example.org,North America,,,10,0.1,0.0
04aa8f68-b9ae-4292-8012-1516f1e7a280,2026-06-28 12:33:36.000000,Matthew Lamb,steinmaria@example.com,Middle East,Function-based grid-enabled adapter,Clothing,5,0.2,542.25
f82c0c20-cdeb-4ab9-9ece-bb21e9f407ee,2026-03-29 04:08:56.000000,Zachary Webb,robert11@example.net,Middle East,Expanded composite infrastructure,Home & Garden,10,0.1,1922.96
103d24cf-fdfb-4585-961f-e564c4384a7e,2024-11-24 01:07:35.000000,Tony Vazquez,amydavenport@example.net,North America,Cross-platform asymmetric leverage,Electronics,6,0.3,890.22
85a7797f-290c-47eb-9793-f1952553ff33,2026-04-15 04:32:45.000000,Daniel Miller,ramseysarah@example.com,North America,Profit-focused grid-enabled infrastructure,Toys,7,0.2,914.55
7a8b737a-31b5-476f-88e9-41fdb0850679,2026-07-09 05:41:53.000000,Kenneth Lewis,gwalker@example.com,Middle East,Cross-platform fresh-thinking hierarchy,Toys,8,0.1,2967.74
07a04246-59f4-4595-a1ae-96a0c1df5a89,2025-04-11 05:12:40.000000,Katherine Davis,ricky51@example.org,Asia,Upgradable disintermediate protocol,Toys,8,0.2,2475.7
c1bac834-caec-4d2d-a3a7-bc90da7f624b,2025-06-21 20:19:52.000000,Michael Paul,umatthews@example.org,North America,Profound mobile time-frame,Clothing,2,0.0,383.54
30ad41bb-2ae2-49d1-b65d-395b67079421,2025-11-15 09:27:38.000000,Mason Johnson,bboone@example.net,Middle East,Organic zero-defect hierarchy,Electronics,8,0.2,2831.4
961b53af-c601-422f-bbc1-9e2fa3327e99,2026-02-21 18:33:37.000000,Tracy Hart,katherineali@example.com,Asia,Multi-lateral high-level open architecture,Toys,7,0.0,1697.16
fe36b4bf-f9e4-41bc-9120-653db285d65b,2026-02-19 09:05:15.000000,Paul Larsen,katie87@example.net,Middle East,Business-focused 4thgeneration throughput,Sports,5,0.2,1368.0
ef0d44d7-a832-4652-95a2-86133a0c5dc9,2026-06-30 01:08:59.000000,Tammie Prince,morganlaura@example.com,Middle East,Multi-tiered dedicated circuit,Electronics,5,0.2,946.48
c555b4b5-8eb5-4d5c-be8f-5f03c7e03fad,2025-07-11 14:47:02.000000,Joseph Romero,myerstheodore@example.net,North America,,,5,0.3,0.0
5e6e5122-a47c-4cbf-927c-9dea63247e63,2024-12-22 15:31:07.000000,Sarah Rivera,wilsontara@example.org,Asia,Re-engineered clear-thinking application,Clothing,2,0.2,525.82
73f1df26-0950-4a6c-8abe-31afe6647803,2024-12-14 01:51:25.000000,Katherine Stark,warrenmary@example.org,North America,Cross-platform uniform flexibility,Toys,10,0.2,2019.6
04621030-5afc-46a6-9229-13f100f3e866,2026-08-20 11:18:07.961183,Jessica Forbes DVM,erik41@example.net,Middle East,Multi-lateral high-level open architecture,Toys,5,0.0,1199.89
56b6b8cc-a612-4e53-9f5e-9c52ef15627d,2025-06-08 17:53:28.000000,James Chapman,cameronwilliams@example.com,Middle East,Upgradable disintermediate protocol,Toys,8,0.2,2668.62
f836a3b0-01e7-419c-9667-a724bfee7aef,2025-03-22 18:58:47.000000,Lisa Morris,mbarnes@example.net,North America,Down-sized scalable workforce,Home & Garden,7,0.2,1583.67
22530aa4-15d1-42b0-b6a6-b583dcac7b04,2026-05-06 18:51:29.000000,Tiffany Jackson,simsjason@example.net,Asia,Organic zero-defect hierarchy,Electronics,7,0.0,3270.27
8fb8b736-8540-4adb-983a-e2351891f8cf,2026-03-08 01:23:23.000000,Christian Lewis,irussell@example.com,North America,Operative responsive pricing structure,Sports,2,0.2,67.23
7932b233-22c1-47a1-97c7-58391dd28b24,2025-08-08 23:02:53.000000,Garrett Gibson,kathleen64@example.com,Europe,Cross-platform asymmetric leverage,Electronics,4,0.1,713.78
b9d4d2d3-8d35-450c-bf02-bf748db7c020,2026-03-04 12:44:11.000000,Robert Campbell,xmoreno@example.net,Asia,Upgradable disintermediate protocol,Toys,10,0.1,3496.53
cf928274-9ffc-4f2b-9ea8-22bb57385567,2024-08-15 05:15:17.000000,Andrew Williams,linda87@example.org,North America,Upgradable disintermediate protocol,Toys,1,0.1,361.71
512b4c10-a359-4aec-95d1-6ae2c940e0fa,2025-01-28 02:15:17.000000,Amber Rodriguez,williamsdarrell@example.com,Europe,Function-based grid-enabled adapter,Clothing,8,0.2,960.14
6cf6c879-d279-40a4-897e-2ce54fe30b6d,2025-03-05 22:06:39.000000,Christina Rodriguez,adam65@example.net,Asia,Profit-focused grid-enabled infrastructure,Toys,7,0.2,926.74
0e0ec75e-1b48-432f-9bd0-f09709f7e468,2026-07-20 08:55:00.000000,David Garcia,perezwilliam@example.org,Latin America,Expanded composite infrastructure,Home & Garden,7,0.2,1252.16
ff97588e-f6cd-40d1-aa31-e22b4cda3e1c,2024-11-04 08:08:45.000000,Jeffrey Chavez,teresa28@example.org,North America,Organized contextually-based orchestration,Electronics,10,0.0,3718.3
612c3b0d-d0d1-4782-821e-bad4b226f24a,2024-11-16 20:35:38.000000,Jack Mora,sarahmathews@example.net,Middle East,Up-sized foreground toolset,Toys,2,0.1,398.76
697ac96d-d988-4d2a-9706-62ce47d9dd10,2024-09-16 18:38:49.000000,Dwayne Klein,sandra47@example.org,Europe,Optimized mission-critical moratorium,Home & Garden,8,0.2,1575.6
133a8490-5d21-4794-87ed-25aef9a21729,2025-08-12 00:31:32.000000,Jennifer Russo,uparrish@example.org,North America,Innovative eco-centric open architecture,Toys,6,0.1,1220.19
6828b0b7-4cc1-432d-bd16-c0384ef253f5,2024-08-07 15:32:29.000000,Shannon Olson,carlos33@example.com,Latin America,Cross-platform uniform flexibility,Toys,5,0.1,1033.56
53e7ad02-48ff-4ea5-bb33-740c06b19eec,2024-12-11 12:15:32.000000,Tracy House,gabrieltucker@example.org,Latin America,Devolved responsive model,Sports,8,0.2,1960.46
232e444c-de97-4f42-97d3-d848b6388b9c,2026-07-14 10:31:43.000000,Juan Smith,kellymueller@example.net,North America,Front-line next generation Internet solution,Toys,3,0.1,372.52
f981f289-185c-49ed-9d06-17355ccee873,2025-02-11 04:49:26.000000,James Bailey,jeffery48@example.net,Europe,Innovative eco-centric open architecture,Toys,3,0.2,514.12
e36ebb7f-517c-4082-9572-f1b3c49b9178,2024-10-25 02:13:11.000000,Nancy Wilson,pattersonangela@example.org,Europe,Intuitive system-worthy access,Clothing,6,0.1,117.48
950ce835-3659-4a8c-938f-b1ef2ec01db7,2026-04-03 15:47:23.000000,Maria Lucas,tammy61@example.org,North America,Expanded composite infrastructure,Home & Garden,4,0.1,813.9
46c9ae33-0c90-4c01-bb44-dabc142ec8b0,2025-03-19 22:20:55.000000,Christopher Schwartz,jenniferwilliams@example.com,Latin America,Synergistic demand-driven implementation,Clothing,2,0.2,797.2
c13d3c53-8cda-44ec-82b8-efc0d76a64da,2025-09-14 10:27:47.000000,Kelli Martinez,hinesjoshua@example.net,Asia,Mandatory discrete functionalities,Toys,8,0.2,3068.93
cfc3845b-1464-4da8-9bf7-fa26e9b89caf,2026-01-25 15:35:44.000000,Mr. Donald Nguyen,jose43@example.org,Europe,Team-oriented cohesive approach,Sports,4,0.1,848.24
decc0209-93cd-4ce8-af69-e0858c871a3a,2026-01-08 07:18:12.000000,Elizabeth Davis,farmstrong@example.org,North America,Streamlined national conglomeration,Home & Garden,6,0.1,2417.04
8d67e82c-e804-4c91-8c15-b7ec8bcae422,2025-12-13 23:55:17.000000,Susan Todd,kathleenbecker@example.net,Asia,Re-contextualized actuating infrastructure,Clothing,3,0.3,797.47
6755978d-e534-4283-99b6-27b54c2bfa96,2026-02-25 07:42:22.000000,Ricardo Young,williamsrobert@example.net,North America,Optimized mission-critical moratorium,Home & Garden,2,0.1,493.69
eb38fcdf-4fd8-4aba-8a6d-c4acee481499,2026-06-02 22:13:19.000000,Travis Joyce,xhammond@example.com,North America,Horizontal heuristic Graphic Interface,Electronics,9,0.1,637.18
5550f4ea-a86b-48b5-97cc-b76c6b905645,2025-02-14 23:12:13.000000,Laura Henderson,sreid@example.net,Europe,Organized attitude-oriented implementation,Clothing,3,0.1,940.37
0106c378-969b-4bad-b1d7-99aff2f09a8c,2024-10-11 23:12:47.000000,Kara Wilson,qruiz@example.com,Latin America,Open-architected asynchronous artificial intelligence,Other,7,0.3,1040.14
781f018a-0ae2-488e-ba1b-2bb4e432f23e,2026-04-10 17:57:59.000000,Parker Hill,tina34@example.org,Middle East,Upgradable disintermediate protocol,Toys,6,0.2,2025.58
1b5d3449-8abe-4e04-a7ee-dfe95c72e5ca,2025-02-11 06:21:36.000000,Katrina Burns,thomas05@example.com,North America,Fundamental contextually-based neural-net,Electronics,7,0.0,1583.43
8faa2da8-f08d-4f51-9742-32a628a79260,2026-06-16 04:14:53.000000,Angie Hill,zgomez@example.com,Europe,Expanded composite infrastructure,Home & Garden,5,0.2,916.76
55852445-14fe-48bc-bf61-2028cb4a9aa4,2024-11-28 18:36:32.000000,Mr. Nicolas Salas II,maryhuff@example.com,Europe,Intuitive system-worthy access,Clothing,6,0.3,92.4
91aafb5c-eb0c-4d6c-a603-29972f64a0ad,2026-01-16 05:43:45.000000,Garrett Meyer,frazierjennifer@example.com,Latin America,Profit-focused grid-enabled infrastructure,Toys,4,0.2,585.31
cfef7fd7-a17e-4816-9a97-793bdddf8a27,2024-08-03 01:48:16.000000,Kathleen Andrade,rbrown@example.com,Middle East,Multi-tiered dedicated circuit,Electronics,1,0.2,198.64
b54a126d-ba8f-4592-b7ea-3bed78669ba9,2024-10-27 08:55:19.000000,Joanna Barrett,tamarasmith@example.net,Asia,Down-sized contextually-based adapter,Sports,4,0.1,1018.16
d27a1a33-f511-4f36-bce4-808b2b5bce12,2026-05-22 22:39:09.000000,Michael Paul,umatthews@example.org,North America,Function-based grid-enabled adapter,Clothing,4,0.0,555.26
fd597efd-3d14-41de-827a-ae2caeb4eb8e,2025-06-02 19:47:04.000000,Brandon Gregory,johnathan92@example.com,Middle East,Cross-platform uniform flexibility,Toys,1,0.3,175.82
e004c471-85e1-428d-ae70-f6f5015a749b,2025-02-18 06:43:54.000000,Katherine Cummings,umurray@example.com,Middle East,Function-based grid-enabled adapter,Clothing,7,0.2,840.13
c6b92071-bad7-4868-8b6e-e77493a2014b,2026-05-05 20:49:13.000000,Krystal Barton,hdunn@example.net,Europe,Multi-layered high-level initiative,Electronics,7,0.1,2943.89
3ce7c807-8c2d-43a9-be1e-7e8430034603,2024-09-05 02:32:59.000000,Carolyn James,josephadams@example.org,Asia,Operative responsive pricing structure,Sports,7,0.2,229.64
aab8cc30-9cfe-493d-b604-96b66e025590,2025-05-18 16:50:58.000000,Dawn Wilson,yorksarah@example.net,Asia,Team-oriented cohesive approach,Sports,5,0.2,910.48
4aeeccef-871c-4a58-9334-dce93145d4c5,2025-04-14 09:24:00.000000,Jason Andrews,teresaday@example.com,Middle East,Front-line next generation Internet solution,Toys,1,0.1,117.57
973cb616-f945-4fd4-a78e-a95f22deb12c,2025-06-05 15:29:59.000000,Stephanie Atkinson,hessbeth@example.net,Europe,Cross-platform uniform flexibility,Toys,6,0.2,1197.5
44f4caeb-49a4-443e-940d-8bcce926aa56,2025-01-30 10:03:00.000000,Norman Cook,vpham@example.org,Asia,Down-sized contextually-based adapter,Sports,3,0.1,738.99
1fe8fbe4-e3ba-456c-9b2b-fd4f9dcb65be,2026-01-21 01:26:03.000000,Ronald Brandt,amy51@example.org,North America,Down-sized contextually-based adapter,Sports,4,0.2,832.05
9af20d53-a5f9-4430-8147-a2026b93cfe0,2025-08-11 13:09:29.000000,Beth Cline,dustinmorris@example.org,North America,Fundamental contextually-based neural-net,Electronics,2,0.3,331.14
67d1cb6f-1d57-40cd-ba52-23bb005f3337,2025-10-22 19:55:28.000000,Tamara Powell,jeffreymercer@example.org,Europe,Horizontal heuristic Graphic Interface,Electronics,8,0.2,522.82
b0f908d2-40c0-4d72-bf2d-57e130f02f6b,2024-10-28 13:26:09.000000,Paul Larsen,katie87@example.net,Middle East,Open-architected asynchronous artificial intelligence,Other,4,0.2,626.5
a40cd0ee-d07f-4c45-af32-14c2939d1b61,2025-10-14 15:34:14.000000,Sara Cardenas,rsheppard@example.com,North America,Down-sized contextually-based adapter,Sports,9,0.2,1847.48
3fb00e1b-abc8-46cf-b798-bd221eb6d3f0,2024-10-31 20:48:08.000000,Tracy Torres,pwilson@example.net,North America,Decentralized grid-enabled service-desk,Electronics,5,0.2,1492.34
ff866deb-3b19-4b02-8a4a-f40db60890b9,2025-01-31 04:02:40.000000,Kim Brown,yorkcasey@example.org,North America,Decentralized grid-enabled service-desk,Electronics,10,0.1,3128.52
127ba660-bb33-4cf7-8beb-a1debeb07722,2026-01-03 07:44:12.000000,Jessica Forbes DVM,erik41@example.net,Middle East,Multi-lateral high-level open architecture,Toys,2,0.3,351.31
37d7bd4a-f718-46ad-a209-cd5f650c4a03,2025-02-20 19:01:48.000000,Donna Landry,gibsonleonard@example.com,Latin America,Optimized mission-critical moratorium,Home & Garden,9,0.1,2056.16
00b8a88f-9317-445d-9cd4-3dfff59b39fa,2025-12-09 07:12:09.000000,Lauren Moore,shannonedwards@example.org,North America,Synergized zero-defect conglomeration,Clothing,6,0.1,1752.85
57632be7-1b61-408e-a9d1-b0370385c534,2024-12-28 06:06:58.000000,Steve Newton,josephjacobs@example.net,Europe,User-friendly tangible synergy,Clothing,5,0.2,1034.18
b96ca7ff-25a0-49e2-a4f6-548d72737998,2025-12-06 06:41:38.000000,Vincent Smith,morrowthomas@example.net,Middle East,User-friendly tangible synergy,Clothing,1,0.2,196.87
5e66d8fa-de69-4076-9f8c-edcdc91ceaae,2025-03-30 12:18:05.000000,Joseph Hill,andre62@example.org,North America,Multi-lateral high-level open architecture,Toys,3,0.3,519.54
a8d65147-60f4-4905-a93f-9bc7fa2d0e68,2025-08-28 00:08:38.000000,Gina Wilson,taylortammy@example.net,Europe,Organic zero-defect hierarchy,Electronics,8,0.1,3435.43
34efa156-255a-4787-a292-bd6cdb95e988,2025-05-19 07:12:05.000000,Samantha Richardson,wolfscott@example.org,North America,Horizontal heuristic Graphic Interface,Electronics,7,0.0,522.82
aa759a8a-deb5-4d16-b020-d03f5a69e2c6,2026-05-18 12:10:42.000000,Paul Grant,seanmyers@example.net,Middle East,Reverse-engineered multi-state knowledge user,Home & Garden,1,0.1,345.07
7d6af5c4-3e26-43ab-a98c-b9cff25f3382,2025-08-04 17:47:25.000000,Tyler Rogers,jamesmichael@example.com,Europe,Mandatory discrete functionalities,Toys,1,0.2,374.14
0c86e6b6-6ffc-46e5-861e-24a3f2fb094a,2025-02-01 19:28:35.000000,Michelle Pierce,patricia22@example.com,Latin America,Operative responsive pricing structure,Sports,2,0.2,62.37
289a580f-76ad-47f1-aeec-50cb00c85e9a,2024-09-06 16:26:47.000000,Tony Vazquez,amydavenport@example.net,North America,Mandatory discrete functionalities,Toys,2,0.2,795.65
0f417135-d56c-45e4-a391-5adcc8096083,2026-02-22 05:33:29.000000,Sherry Baker,earmstrong@example.org,Middle East,Multi-lateral contextually-based methodology,Sports,4,0.1,938.18
342ed9b4-4a00-4e99-8637-584475707bd6,2025-06-07 02:11:51.000000,Justin Bishop,scottbowen@example.net,Middle East,Business-focused 4thgeneration throughput,Sports,3,0.2,820.8
2404c66d-4986-4729-a19d-4f0a1c444135,2025-02-26 03:36:05.000000,Brian Cox DVM,john39@example.org,Europe,Robust secondary infrastructure,Toys,8,0.2,1225.54
c4e0b1c7-6d18-40e9-ad53-cf3047820b9c,2024-07-31 16:25:44.000000,Alan Kramer,john19@example.net,Middle East,Intuitive system-worthy access,Clothing,2,0.3,31.68
87935d69-c33b-403e-8923-527f7925dc65,2024-09-09 16:58:10.000000,Cynthia Cochran,michelle96@example.org,North America,Down-sized contextually-based adapter,Sports,7,0.2,1456.08
4d9e3b99-590c-4cdc-b455-767a9623d848,2025-12-03 09:28:21.000000,Dylan Cruz,kwright@example.com,Middle East,Down-sized contextually-based adapter,Sports,8,0.0,2102.02
b03d01eb-336f-4177-b308-25d1396cc19c,2026-05-22 23:04:20.000000,Zachary White,manuel15@example.net,Asia,Expanded intangible standardization,Clothing,2,0.1,149.79
f6a878cc-7a11-4f76-96e7-5f73468ebdf8,2025-05-20 08:59:55.000000,Mark Lloyd,lancesmith@example.com,Europe,Upgradable disintermediate protocol,Toys,7,0.3,2081.84
3876fdaa-7af8-4c9f-a913-cb7645071807,2025-06-26 07:06:13.000000,Shannon Davis,hallrachel@example.net,Latin America,Intuitive system-worthy access,Clothing,1,0.1,20.24
c7f020cf-0463-4a5e-a22c-2fd2e7a166d2,2025-01-19 01:42:19.000000,Joseph Knight,georgemiller@example.com,Middle East,,,6,0.3,0.0
38080dba-6273-4164-bc64-1c58a52d2946,2025-09-22 13:04:59.000000,Amy Walker,finleycasey@example.com,North America,Intuitive system-worthy access,Clothing,6,0.1,113.52
250a8bc0-ef19-417f-a452-cdef827b8c89,2024-10-14 07:03:25.000000,Diane Beck,clarence34@example.org,North America,Profound mobile time-frame,Clothing,5,0.0,978.62
85a3a473-5eee-4b7f-b8a3-5c0c44866697,2025-02-03 21:48:23.000000,Melissa Abbott,jamie98@example.org,Europe,Synergized zero-defect conglomeration,Clothing,9,0.0,2996.15
dcac3096-4595-4a60-994d-397db09dcd19,2025-12-14 07:16:05.000000,Patricia Baker,katiebutler@example.net,North America,Synergistic demand-driven implementation,Clothing,3,0.0,1476.3
bf144332-4f6a-448f-8ca9-7f8184381157,2025-05-30 13:34:12.000000,Richard Diaz,brittanygardner@example.net,Latin America,Re-engineered clear-thinking application,Clothing,1,0.1,299.52
f5080d9c-9131-4064-901e-a7fb05325a3e,2026-06-08 05:48:36.000000,Christopher Schwartz,jenniferwilliams@example.com,Latin America,Optimized mission-critical moratorium,Home & Garden,10,0.2,2179.58
48667469-e616-4980-bdc0-f8cf1b6c2937,2025-02-01 19:14:36.000000,John Pineda,hernandezmarcus@example.org,Middle East,Decentralized tangible model,Clothing,3,0.1,1142.66
f52a72c4-c1fb-4bf5-be8a-1072cf492a27,2025-12-22 04:32:08.000000,Jeffrey Chavez,parkerjudith@example.net,Latin America,Streamlined national conglomeration,Home & Garden,3,0.2,1127.95
9d148109-db18-4efb-8e53-4765ee6e5ef6,2025-10-10 03:37:43.000000,Ethan Villanueva,travis84@example.com,Latin America,Innovative eco-centric open architecture,Toys,2,0.3,338.18
ebfce2d6-87a8-4adf-aca7-7d15cc8ae9ca,2024-12-10 02:09:56.000000,James Matthews,blacknicholas@example.org,North America,Front-line encompassing leverage,Toys,10,0.1,937.17
87407d86-fa3a-4705-bf3d-cbf9a0a51b74,2024-07-23 14:37:08.000000,Mark Lloyd,lancesmith@example.com,Europe,Function-based grid-enabled adapter,Clothing,3,0.2,368.73
53cef524-0502-4ad9-b568-384d262b2cda,2026-03-09 21:31:55.000000,Laura Cunningham,april91@example.com,Europe,Function-based grid-enabled adapter,Clothing,1,0.2,117.13
6b732c7a-8dca-44bd-850a-2d22b08c19fa,2025-10-05 03:09:25.000000,Robert Clarke,zbell@example.net,Latin America,Organized attitude-oriented implementation,Clothing,2,0.2,541.42
3183eab0-7b24-43e8-805f-b765575f3108,2024-12-13 12:38:48.000000,Christopher Gonzalez,moniquewilliams@example.com,Asia,User-centric coherent leverage,Sports,2,0.1,606.78
b88ba445-4e6c-4bae-bb8c-ea351bc47161,2026-03-06 12:47:53.000000,John Kennedy,yarnold@example.org,Asia,Operative responsive pricing structure,Sports,9,0.0,346.28
cdf9d1d6-b22e-4234-804c-86f16cc2e20f,2025-02-17 05:08:24.000000,David Charles,danderson@example.net,Middle East,Streamlined national conglomeration,Home & Garden,4,0.2,1468.13
66e66f92-a0fc-4ea8-b310-401b9610b3cd,2025-12-23 06:26:06.000000,Tiffany Townsend,matthewsalexander@example.org,Asia,Up-sized foreground toolset,Toys,8,0.3,1262.02
78cb7469-6142-494a-9899-598d5b5cfadf,2025-11-18 03:31:41.000000,Stephen Fox,mayokimberly@example.com,North America,Horizontal maximized product,Electronics,2,0.1,383.94
532086af-3eb0-48d1-a3e7-e32d323eab00,2024-08-25 13:37:11.000000,Shawn Deleon,katrinaanderson@example.net,Latin America,Front-line encompassing leverage,Toys,4,0.3,299.05
78ac9c5e-5b5c-47cf-960d-cb39db988c39,2026-03-02 11:11:52.000000,Joseph Hill,andre62@example.org,North America,Multi-layered high-level initiative,Electronics,7,0.0,3100.48
0434d8b8-8ffb-4222-b51e-d6666e4a6daa,2026-01-07 17:16:04.000000,Jason Washington,wardsheryl@example.net,Latin America,Intuitive system-worthy access,Clothing,6,0.3,96.36
e55b5c65-90ae-41e4-9a6a-d16913865151,2024-11-04 09:34:03.000000,Tracey Wagner,fortiz@example.com,Middle East,Down-sized scalable workforce,Home & Garden,9,0.2,2085.8
0b3b81a9-ddd6-42a8-a925-f2d53b36c46e,2024-12-27 04:30:04.000000,Mr. Donald Nguyen,jose43@example.org,Europe,Organized attitude-oriented implementation,Clothing,4,0.1,1310.82
fef6f9d7-88f4-4eed-a990-6abf7792be47,2026-02-14 16:34:13.000000,Laura Barnett,anthony52@example.com,Europe,Function-based grid-enabled adapter,Clothing,1,0.1,131.59
fd61de15-ae53-419c-9a44-fca112962c6d,2025-09-20 01:49:54.000000,Michael Ray,crawfordwilliam@example.org,North America,Multi-lateral high-level open architecture,Toys,7,0.1,1506.67
3881e713-22be-40bc-b7eb-178670f7cd82,2026-02-14 05:33:19.000000,Sarah Rivera,wilsontara@example.org,Asia,Streamlined national conglomeration,Home & Garden,1,0.2,380.46
18cb913a-5ef1-4b5b-b7ed-ae1a36ebaef4,2024-08-18 10:21:04.000000,Susan Smith,marydunn@example.net,Middle East,Horizontal maximized product,Electronics,8,0.2,1399.25
9666600e-eb0f-41a4-82fe-a0e241a722d6,2025-06-03 18:40:13.000000,Christopher Schwartz,jenniferwilliams@example.com,Latin America,Streamlined national conglomeration,Home & Garden,5,0.2,1723.26
a49ce87c-47c9-421f-bdc6-dba91eca80e9,2025-10-21 04:34:12.000000,Nicholas Costa,ysnyder@example.com,Europe,Synergized zero-defect conglomeration,Clothing,9,0.2,2292.98
35868ed1-e4a2-418e-b328-8280e3ca0915,2024-10-01 14:25:50.000000,Patrick Thornton,qhughes@example.net,Latin America,Intuitive system-worthy access,Clothing,5,0.3,80.3
9c9d3925-3c98-4e89-ac6e-e5ca573f9ac9,2024-10-21 05:59:05.000000,Melissa Mitchell,kwilliams@example.org,Asia,Down-sized scalable workforce,Home & Garden,9,0.0,2358.94
ca857fe4-4014-40f8-8e2f-baf417f04802,2025-10-28 17:20:23.000000,Kelli Martinez,hinesjoshua@example.net,Asia,Expanded composite infrastructure,Home & Garden,1,0.2,187.82
f0329337-a10d-47dc-bf15-3b908971b1bb,2026-03-04 00:11:10.000000,Tracy House,gabrieltucker@example.org,Latin America,Advanced context-sensitive instruction set,Toys,7,0.1,1985.84
b062166c-79db-43f9-8b4e-c2ee3dbff049,2025-02-21 04:57:19.000000,Tracy Hart,katherineali@example.com,Asia,Organized attitude-oriented implementation,Clothing,1,0.2,267.15
c1e0248e-a844-4e0b-aac2-fc1e8a83e68d,2026-01-12 11:43:03.000000,Shannon Yu,janet69@example.org,Middle East,Multi-lateral high-level open architecture,Toys,9,0.2,1870.34
d7906117-ed1d-4adb-81a0-960bba89c34b,2025-08-05 05:38:42.000000,Susan Murray MD,tyronemoran@example.net,Middle East,Horizontal heuristic Graphic Interface,Electronics,6,0.2,373.44
cbb474a3-3763-4604-be04-8d5ad12b32e6,2025-06-05 20:27:28.000000,Nicholas Mcbride,wrightjames@example.com,Latin America,Organized contextually-based orchestration,Electronics,1,0.1,336.6
16b5b5fc-199f-4b17-94ab-a577e3311ee6,2025-08-16 05:26:20.000000,Phillip Bennett,molly39@example.com,Latin America,,,6,0.0,0.0
59555d44-b245-4656-ad56-ccd8000616d1,2026-07-16 23:00:38.000000,Tiffany Townsend,matthewsalexander@example.org,Asia,Re-engineered clear-thinking application,Clothing,1,0.3,239.62
8e68d0c1-73cd-4709-80da-10435b5dc6ed,2026-01-12 13:01:31.000000,Dr. Ashley James MD,victoria40@example.net,Latin America,Down-sized contextually-based adapter,Sports,2,0.3,394.13
18f67e0c-bd28-48b0-86e2-e0802a0f31e4,2025-11-20 03:45:27.000000,Kevin Pacheco,blakeerik@example.com,Asia,Cross-platform uniform flexibility,Toys,6,0.3,997.92
46774ddc-aad4-44ad-8577-f0c3925b3545,2024-12-17 13:04:26.000000,Kelly Lee,charles87@example.net,North America,,,6,0.3,0.0
3bf5d00a-282e-45e3-9283-2c0d2c0ca9c0,2026-02-13 19:18:44.000000,Carolyn Fuller,rhernandez@example.org,Asia,Profit-focused grid-enabled infrastructure,Toys,3,0.0,501.7
32239f5d-2dec-4b01-bb81-33fb0b928003,2026-04-24 13:21:05.000000,Marilyn Mack,russellbeasley@example.com,Asia,Mandatory discrete functionalities,Toys,5,0.3,1752.32
4b851e26-21f3-4b6f-b298-d7583585ac00,2025-07-13 22:44:38.000000,Casey Gillespie,lfrench@example.net,Latin America,Reverse-engineered multi-state knowledge user,Home & Garden,10,0.2,2995.68
39c29259-7310-453d-a962-a21a0fafba84,2025-11-13 12:10:59.000000,Kimberly Lutz,jvaldez@example.com,Asia,,,5,0.1,0.0
b9ca5928-1e2d-42f6-880f-c9b3226f93e7,2026-06-29 13:11:28.000000,Margaret Montgomery,haynescharles@example.net,Middle East,Robust secondary infrastructure,Toys,5,0.1,864.16
a08ba0ef-5ddc-46f0-b444-10e5b95c1eda,2026-02-28 15:37:49.000000,Michele Williams,kendragalloway@example.org,Europe,,,7,0.1,0.0
d5b1f09d-4cb2-4b3d-82d6-f712e1529522,2026-01-05 09:54:41.000000,Brandi Page,williambenson@example.com,Middle East,Multi-layered high-level initiative,Electronics,8,0.1,3292.86
10325480-b01b-4658-a767-ec016e8bebd6,2026-04-29 11:34:43.000000,Michele Williams,kendragalloway@example.org,Europe,,,7,0.0,0.0
60ca40ea-7946-4f66-a8b8-bcc2e6b23125,2024-07-26 21:52:52.000000,Patrick Parker,nathan94@example.com,Asia,Function-based grid-enabled adapter,Clothing,3,0.2,347.04
8874a1c5-08fe-4f40-9fe1-91732bdf3df4,2024-12-03 23:48:11.000000,Tracy Torres,pwilson@example.net,North America,Decentralized tangible model,Clothing,2,0.0,786.09
6b9c7e6b-e495-4ebb-97c8-ccb8af376fbe,2024-10-13 06:49:25.000000,Kimberly Lutz,jvaldez@example.com,Asia,Streamlined national conglomeration,Home & Garden,2,0.1,841.49
36378db3-2854-4b64-83b0-de8615b73e01,2024-09-15 20:34:18.000000,Lucas Allen,qlopez@example.org,Latin America,Multi-lateral contextually-based methodology,Sports,5,0.3,895.31
6f4327cc-1bc2-44b4-aa40-e733275b7c2c,2025-01-15 01:26:40.000000,Kristy Hernandez,millermaurice@example.net,North America,Down-sized contextually-based adapter,Sports,7,0.1,1743.47
4421c1e1-2a8b-4fc8-9006-862ab31eb8f5,2026-01-26 08:03:30.000000,Eric Hill,bellcharles@example.com,Middle East,User-centric coherent leverage,Sports,10,0.1,3101.32
e24297fc-8e14-4e1f-b6b6-815c852fe1b1,2025-12-28 22:37:08.000000,Deanna Barnes MD,aguilarwanda@example.org,Asia,Cross-platform fresh-thinking hierarchy,Toys,7,0.2,2238.6
ee9afb6b-e6a2-4a40-b331-076087e6d238,2025-10-23 13:33:03.000000,Alexandra Baxter,davidsmith@example.net,Middle East,Multi-layered high-level initiative,Electronics,2,0.2,742.68
95eb3914-eac9-4c18-b63e-7ed4e6233aa1,2025-04-03 08:20:47.000000,Juan Brown,warnerchristopher@example.com,Europe,Multi-layered high-level initiative,Electronics,3,0.2,1127.45
d42aa238-284b-4e1d-b3fb-6c56e2ea5644,2025-10-25 13:46:12.000000,Joseph Martinez,calebsmith@example.net,North America,Exclusive object-oriented orchestration,Other,8,0.0,1110.46
3730bf79-913a-47af-a917-9e028868b644,2025-07-04 18:50:25.000000,Ariana Jennings,bruce43@example.org,Europe,Profit-focused grid-enabled infrastructure,Toys,7,0.1,1146.24
d6315151-9c67-4338-ac11-0a436cc55999,2026-03-30 06:22:19.000000,Margaret Alvarez,william28@example.org,Asia,Down-sized contextually-based adapter,Sports,2,0.1,509.08
429e5882-50d3-41d6-8778-09ce71f07cbe,2025-11-03 21:41:05.000000,Brittany Miller,dixonjames@example.org,Europe,Re-contextualized actuating infrastructure,Clothing,8,0.2,2336.26
cc5d86e4-bbc1-4bbe-ad1c-4d7036d25823,2026-03-12 11:21:15.000000,Garrett Meyer,frazierjennifer@example.com,Latin America,Open-architected asynchronous artificial intelligence,Other,1,0.2,160.64
67e39166-323e-4a41-8520-89dcd5eb6f69,2025-03-07 12:56:20.000000,Laurie Goodwin,thickman@example.org,Latin America,Business-focused 4thgeneration throughput,Sports,4,0.2,1123.58
1d876a3e-94d6-4bb0-9fed-f5fa174d65c0,2026-03-31 17:30:56.000000,Vincent Smith,morrowthomas@example.net,Middle East,Front-line encompassing leverage,Toys,6,0.3,467.53
0dc55340-e69c-4b5b-a074-95abb1cbe822,2025-01-15 10:24:19.000000,Bradley Reynolds,lisa80@example.net,North America,Expanded intangible standardization,Clothing,6,0.1,424.67
f316891d-8896-4456-b344-dde4bcac4426,2026-05-17 18:41:49.000000,Kimberly Lutz,jvaldez@example.com,Asia,Robust secondary infrastructure,Toys,1,0.1,172.83
6504f7a9-7ab4-4358-8f60-68e71cf85fc4,2026-06-27 06:58:38.000000,Phillip Obrien,kimberlyjames@example.com,Latin America,User-centric coherent leverage,Sports,9,0.0,2973.22
bcd42854-b663-4e4c-94a6-4978a64fcefb,2026-04-16 08:15:16.000000,Edwin Matthews,cgrimes@example.net,Latin America,,,4,0.1,0.0
2e06e33a-8498-496b-8d86-60ca229da816,2025-09-12 15:56:35.000000,Peter Thompson,teresastokes@example.org,Europe,Function-based grid-enabled adapter,Clothing,1,0.3,107.0
205d8635-cc87-458c-bb57-45dfe0345e68,2025-01-23 18:42:29.000000,Gavin Anderson,evan78@example.net,North America,Cross-platform uniform flexibility,Toys,10,0.2,1995.84
dbb9c173-8227-4cac-8cfe-7cdfe872c557,2025-11-04 09:14:38.000000,Emily Allen,whiteheather@example.net,Middle East,Multi-lateral contextually-based methodology,Sports,3,0.2,635.54
3dd29956-12fc-4f49-a269-6a738b2dfd83,2025-09-12 15:31:26.000000,Zachary Brooks,florescory@example.net,North America,Synergized zero-defect conglomeration,Clothing,2,0.2,536.73
866b5f44-56d0-4a82-9564-b4788d620ba6,2025-09-11 12:44:50.000000,Edwin David,kellie37@example.com,Asia,Profound mobile time-frame,Clothing,9,0.0,1761.51
5502ec67-42da-4572-8278-f61e17f2029c,2025-09-20 08:09:29.000000,Blake Orr,shawrachel@example.net,Asia,Multi-lateral contextually-based methodology,Sports,6,0.1,1346.75
348e90ae-d680-4541-99a9-a8347d91f485,2024-11-06 12:12:37.000000,Brandon Hall,hoffmanjennifer@example.net,North America,Down-sized scalable workforce,Home & Garden,1,0.2,209.68
b2e2f3cc-3873-435f-8a3f-48a4cd88e44e,2025-11-27 04:19:48.000000,Mark Carpenter,kennedyjames@example.org,Europe,Down-sized scalable workforce,Home & Garden,2,0.3,408.33
9ff5846e-25d7-4d5e-8498-b40a16e1cf6b,2025-06-29 13:44:23.000000,Margaret Alvarez,william28@example.org,Asia,,,1,0.2,0.0
a244496a-b88e-43d1-ac10-36cd1249944e,2025-09-18 15:29:54.000000,Andrew Diaz,nolanjason@example.org,Latin America,Optimized mission-critical moratorium,Home & Garden,8,0.3,1512.58
526443ba-c298-423a-bcdc-99ef14852949,2025-07-13 23:33:57.000000,Jennifer Vargas,grahamtamara@example.org,Europe,Team-oriented cohesive approach,Sports,5,0.2,910.48
fe24fcd4-46bc-45db-ae6c-3a9b2a257ecc,2026-05-10 01:13:00.000000,Adam Rodriguez,nicoleluna@example.com,Europe,Function-based grid-enabled adapter,Clothing,4,0.2,462.72
c3f67602-0879-4480-87ab-777056724b4c,2024-07-29 22:42:34.000000,Tiffany Townsend,matthewsalexander@example.org,Asia,Front-line next generation Internet solution,Toys,6,0.3,562.75
aa35b738-c67a-46e3-86fe-8fcfc7b13265,2026-01-08 14:47:04.000000,Juan Smith,kellymueller@example.net,North America,Decentralized grid-enabled service-desk,Electronics,8,0.3,2071.3
b91c6d9d-cf41-47ca-9ce6-15220632718e,2024-08-13 13:29:55.000000,Phillip Obrien,kimberlyjames@example.com,Latin America,Decentralized grid-enabled service-desk,Electronics,9,0.3,2394.94
c1ef5aef-2a38-446e-928f-234615690641,2026-02-17 11:21:22.000000,Tracy Torres,pwilson@example.net,North America,Front-line encompassing leverage,Toys,5,0.2,426.47
14c08edd-95f9-4545-a315-0039ced7430d,2024-09-23 04:09:55.000000,Olivia Harris,sarakim@example.net,North America,Team-oriented cohesive approach,Sports,5,0.3,852.85
f3fd9e32-7b14-43c9-b0bf-7f5ab01de936,2026-04-07 13:01:40.000000,Elizabeth Martin,michaeleverett@example.com,North America,Expanded composite infrastructure,Home & Garden,1,0.1,194.53
e4f078a1-c89d-43e7-b060-ee6319279b44,2025-09-12 16:03:15.000000,Erin Anderson,lucasrodney@example.com,North America,Front-line encompassing leverage,Toys,1,0.1,90.56
c9975b86-0ea7-46ed-9f1d-3663a5c5afe1,2025-11-22 23:36:15.000000,Brandon Colon,bgonzalez@example.org,North America,Organized attitude-oriented implementation,Clothing,4,0.3,997.36
069d887f-9ad8-4fa7-b7f9-0812bf9bd810,2026-01-30 15:06:55.000000,Laura Odonnell,tsanders@example.org,Latin America,,,6,0.1,0.0
50168bd5-5a74-4822-bd07-f9132657abb6,2025-05-11 09:41:38.000000,Nancy Brown,aprilhoffman@example.net,Middle East,,,7,0.1,0.0
ea0ce0e1-cb70-467b-9d7a-f727ac13e4e8,2025-08-16 11:23:50.000000,Hannah White,urice@example.org,Latin America,Function-based grid-enabled adapter,Clothing,7,0.1,870.49
4ac98d23-c0a5-4337-8a34-61e7a54680ad,2025-02-08 13:31:19.000000,Eric Sanders,wking@example.net,Latin America,Devolved responsive model,Sports,7,0.0,2084.54
d0116cb3-8bb7-4cee-95c5-35c928c635ff,2024-11-12 21:39:02.000000,Julia Erickson,ssalinas@example.org,Europe,Organized contextually-based orchestration,Electronics,4,0.1,1456.01
8a3e50b5-938d-47c1-ab0b-74fc99b06cf9,2025-07-26 07:34:27.000000,Beth Sanford,molly71@example.net,Europe,Down-sized scalable workforce,Home & Garden,4,0.3,794.59
e9066120-85b0-49fe-bdbb-4c184984e0ab,2026-08-20 11:18:07.961183,Sherry Baker,earmstrong@example.org,Middle East,Organic zero-defect hierarchy,Electronics,10,0.1,4199.91
d3090fc5-2cfc-4fb4-a68c-3b15139c4fd6,2026-03-05 19:23:43.000000,Jessica Simpson,shelly68@example.com,Middle East,Horizontal maximized product,Electronics,7,0.1,1328.86
c9ceacdb-9f24-4788-805c-c2d749fa68d6,2024-08-22 23:17:26.000000,Lisa Goodwin,pyoung@example.com,North America,Organized contextually-based orchestration,Electronics,7,0.0,2630.21
0a568d1c-7808-46ff-a123-53195069c057,2025-08-18 21:37:31.000000,Christian Lewis,irussell@example.com,North America,Organized attitude-oriented implementation,Clothing,8,0.1,2593.14
0b4d2de2-06b8-48bd-b7a1-cf7d6f47d6b6,2025-10-29 09:53:48.000000,Joanna Barrett,tamarasmith@example.net,Asia,Business-focused 4thgeneration throughput,Sports,10,0.1,3210.24
42e397d9-a97b-43bd-80b7-36360c81a3cc,2026-06-09 00:09:21.000000,Joseph Knight,georgemiller@example.com,Middle East,Organized contextually-based orchestration,Electronics,6,0.2,1949.17
a2fcab34-5868-4fda-a0bd-c6623ee07bb3,2025-04-12 05:36:03.000000,Christopher Jones,ortizhannah@example.com,Middle East,Organic zero-defect hierarchy,Electronics,7,0.3,2378.38
841169cd-b951-45be-9c89-158a16b44b0c,2025-02-19 15:37:55.000000,Paul Finley,brandi90@example.com,North America,Expanded intangible standardization,Clothing,8,0.0,651.82
60b255bf-67ba-489d-a663-afff87b06378,2025-10-01 06:53:26.000000,Dr. Ashley James MD,victoria40@example.net,Latin America,Team-oriented cohesive approach,Sports,10,0.2,1844.0
2636c245-69b8-4f33-bc5d-815e1f79260c,2026-04-01 13:59:24.000000,Sandra Drake,sandersjudy@example.com,Asia,Expanded composite infrastructure,Home & Garden,10,0.2,1721.72
fd9c635d-3a54-4890-82fd-a10144f801b9,2025-03-27 19:35:38.000000,Joseph Allen,jwoodward@example.net,Middle East,Function-based methodical product,Clothing,10,0.2,3245.55
5dbffb1f-0c8b-4089-a94c-86125e9be593,2025-03-18 20:57:23.000000,Michael Berger,nguyenbrian@example.com,Middle East,Front-line encompassing leverage,Toys,7,0.1,670.76
93aad0c7-c8fe-4dd7-ab94-906dd252f321,2025-05-08 12:21:24.000000,Jane Harper,shawn96@example.org,Middle East,Expanded composite infrastructure,Home & Garden,3,0.2,516.52
b6db95fb-8d73-4aa2-8ab8-32eabac70b9c,2024-08-20 13:48:13.000000,Jennifer Kirby,carloshernandez@example.org,North America,Devolved responsive model,Sports,10,0.3,2233.44
681f9515-0d93-408b-b842-cbc6a0011ba6,2024-12-29 11:37:36.000000,Tiffany Townsend,matthewsalexander@example.org,Asia,Profound mobile time-frame,Clothing,1,0.2,158.16
db247ea2-9a23-43fe-a901-c88c3d8a3090,2025-11-10 01:27:50.000000,Jacob Santos,brooksdanielle@example.net,Europe,Decentralized tangible model,Clothing,2,0.0,802.3
5ae654b7-9e3b-47e6-b5c4-1c378eea487f,2026-03-23 21:38:14.000000,Andrew Berry,dennishunt@example.net,Latin America,Synergized zero-defect conglomeration,Clothing,6,0.3,1508.27
9fd88e61-c5b9-4f38-8459-be16ffad7df2,2026-03-17 18:11:42.000000,Kelli Martinez,hinesjoshua@example.net,Asia,Innovative eco-centric open architecture,Toys,4,0.2,712.92
1084061b-2032-4ec5-af4c-da5e869c4218,2024-09-06 03:31:52.000000,Kristen Salazar,jonesraymond@example.net,Latin America,Mandatory discrete functionalities,Toys,6,0.2,2330.11
ed9a7dd6-0c07-4053-8d4f-75e6448f3dbc,2024-10-24 01:40:41.000000,Mitchell Griffith,kingjames@example.org,Europe,Function-based grid-enabled adapter,Clothing,1,0.1,130.14
d5bbe3a4-40b8-4dc3-a444-ea5bdd811c65,2025-09-04 13:08:56.000000,Olivia Harris,sarakim@example.net,North America,User-centric coherent leverage,Sports,5,0.0,1634.94
ea4cd607-8e48-4a8c-a3e4-79461fcfcb8e,2025-09-05 02:27:20.000000,Charles Edwards MD,glennstephanie@example.com,North America,Multi-lateral contextually-based methodology,Sports,3,0.0,718.77
a025e80b-42f8-4ae4-8145-d3dfbd0ebe4e,2026-02-10 13:12:18.000000,Garrett Gibson,kathleen64@example.com,Europe,Organized attitude-oriented implementation,Clothing,10,0.1,3134.56
a4ce98ef-db60-4c10-b64f-98b44237a5ff,2024-12-05 19:35:52.000000,Charles Edwards MD,glennstephanie@example.com,North America,Horizontal maximized product,Electronics,8,0.2,1348.06
7f9a3ca7-7940-464f-b2cd-4e4b8c277f18,2026-06-04 20:38:01.000000,Angela Schultz,rebeccabailey@example.net,North America,Down-sized contextually-based adapter,Sports,4,0.3,777.31
31a08f66-8402-437a-bfbf-7804ee4f72dc,2025-05-10 15:51:05.000000,Amber Glass,zunderwood@example.com,Asia,Front-line encompassing leverage,Toys,8,0.0,817.13
8740108c-300c-4f07-838b-dbddb7dabc68,2025-12-06 02:34:42.000000,John Ryan,esanchez@example.com,Europe,Fundamental contextually-based neural-net,Electronics,7,0.1,1403.86
3e0299f6-448e-4117-a653-4f79106d2d9c,2024-11-18 06:35:56.000000,Kathleen Garcia,ugill@example.org,Europe,Multi-lateral contextually-based methodology,Sports,1,0.2,206.8
b2574bf7-2439-4800-90c6-9c57ac49b6e2,2025-05-27 17:51:46.000000,John Allen,brent38@example.net,Latin America,Re-contextualized actuating infrastructure,Clothing,8,0.2,2456.06
b9da7480-4b8f-45ff-ad8b-0dd99e7badb8,2024-11-30 17:03:02.000000,Breanna Jones,ymorgan@example.net,Europe,Function-based grid-enabled adapter,Clothing,1,0.3,102.67
ab640937-a52a-4a24-9248-9bee858fab60,2025-12-21 01:10:15.000000,Tiffany Garcia,zhartman@example.net,Latin America,Organic zero-defect hierarchy,Electronics,10,0.1,4247.1
4c2ea4dc-685b-4cbc-8eb8-18ddbb0570e4,2024-11-21 04:10:02.000000,Richard Glenn,joshua56@example.com,Middle East,Intuitive system-worthy access,Clothing,6,0.0,129.36
6b77fe6e-e123-4175-be22-a676054d35aa,2026-02-28 13:34:51.000000,Laura Barnett,anthony52@example.com,Europe,Mandatory discrete functionalities,Toys,5,0.2,1894.4
b8e55770-5e46-4f1c-a169-20d1b78cbafc,2026-02-04 07:01:18.000000,Billy Schneider,edwardmoore@example.net,Middle East,Front-line encompassing leverage,Toys,2,0.3,147.42
36c077aa-6e4e-4e99-8740-0c48d85483ef,2024-10-09 20:12:50.000000,Kara Hernandez,turnerdorothy@example.net,Latin America,Organic zero-defect hierarchy,Electronics,4,0.3,1340.2
40793ca3-c73e-44ab-b5f5-431f4f40f6ed,2024-09-22 19:30:34.000000,Susan Smith,marydunn@example.net,Middle East,User-centric coherent leverage,Sports,2,0.1,600.04
d27102f1-0a70-4ba8-9f9a-09f576435b4e,2025-05-20 01:20:26.000000,Brett Thompson,phelpsmichael@example.net,Europe,Streamlined national conglomeration,Home & Garden,1,0.2,362.56
a1b2a7e5-fb72-425b-b209-329d4aa7f4e2,2025-05-19 19:41:16.000000,Jessica Forbes DVM,erik41@example.net,Middle East,,,3,0.1,0.0
c0133339-f236-47ec-9acc-0d2f281ba827,2025-05-07 05:24:05.000000,Jennifer Russo,uparrish@example.org,North America,Multi-layered high-level initiative,Electronics,9,0.1,3704.47
df9b87b0-ddc4-48d2-8a65-8a7dc1f5e014,2024-08-22 20:40:08.000000,Jason Washington,wardsheryl@example.net,Latin America,Optimized mission-critical moratorium,Home & Garden,8,0.1,1890.72
3aa4ecd7-c9e5-4ebc-a73d-4de02fc44d65,2026-02-01 02:30:35.000000,Miss Debra Williams PhD,cstone@example.com,North America,Synergized zero-defect conglomeration,Clothing,4,0.2,1073.45
8b20cc44-5705-4300-9e79-e796acfe02ea,2026-01-02 15:14:36.000000,Cindy Barnes,eric45@example.net,Asia,Function-based grid-enabled adapter,Clothing,7,0.1,910.98
f58f56a0-3111-4b6a-8b38-a57b2fdc4da3,2026-05-24 05:16:31.000000,Sandra Drake,sandersjudy@example.com,Asia,Expanded composite infrastructure,Home & Garden,8,0.2,1431.04
ab2d96a0-05f4-42d0-baaf-e28be953ab78,2024-09-24 16:58:05.000000,Joshua Li,mariacohen@example.net,Europe,Horizontal maximized product,Electronics,1,0.0,204.77
6943dab7-4ec7-4bdc-a094-d74c7846e9c5,2026-03-28 05:28:48.000000,Kayla Jackson,sandra99@example.org,Asia,Mandatory discrete functionalities,Toys,1,0.2,369.41
8155db84-87c5-477f-9091-9dcdf5c0b490,2026-07-02 16:22:32.000000,Sarah Davis,brettbennett@example.net,Latin America,Team-oriented cohesive approach,Sports,7,0.0,1597.36
39d26141-c5a4-45cb-85c2-08e0eb056b48,2026-02-08 14:30:35.000000,Robert Campbell,xmoreno@example.net,Asia,Multi-tiered dedicated circuit,Electronics,7,0.1,1472.31
8e5bef68-3dcf-4be0-9e4d-9d2f1be52474,2026-01-13 16:22:30.000000,Jeffrey Howell,watsonmatthew@example.org,Europe,Horizontal heuristic Graphic Interface,Electronics,7,0.1,479.25
d4961e60-2daf-43de-84cc-98eb803f8f00,2025-02-19 22:13:43.000000,Zachary White,manuel15@example.net,Asia,Fundamental contextually-based neural-net,Electronics,6,0.2,1091.38
225e75c8-f8f4-41f9-b9ba-04a854e08a94,2025-07-17 16:44:11.000000,Paul Stokes,raylauren@example.net,Middle East,Multi-layered high-level initiative,Electronics,8,0.1,3292.86
0fc06f77-b27b-44fd-94ed-c9d89c2f3381,2025-12-26 06:02:45.000000,Sarah Rivera,wilsontara@example.org,Asia,Function-based grid-enabled adapter,Clothing,2,0.2,219.79
4a298783-099c-4929-9705-9671b031a179,2026-01-05 11:10:25.000000,James Matthews,blacknicholas@example.org,North America,Devolved responsive model,Sports,9,0.3,2038.01
da5bf081-fe3d-41d8-8eb9-daeda39ad4df,2025-03-04 07:25:44.000000,Rebecca Henderson,cruzcaitlin@example.com,North America,Fundamental contextually-based neural-net,Electronics,2,0.1,433.75
375485e6-ea9e-4202-b463-47573d231e3b,2024-12-30 06:39:11.000000,Mark Lloyd,lancesmith@example.com,Europe,Re-contextualized actuating infrastructure,Clothing,2,0.0,711.36
964d9921-41f9-4f45-86b5-dd45d41a4093,2025-03-22 17:11:00.000000,Monica Herrera,smiller@example.net,Europe,User-friendly tangible synergy,Clothing,1,0.2,194.38
650c5ea2-1f47-4751-b579-0849e22bc2f8,2026-02-06 19:05:35.000000,Cody Holt,sandra84@example.org,Europe,Mandatory discrete functionalities,Toys,2,0.0,899.84
ce529b86-2433-480d-8e84-37fc38cd0ced,2024-10-08 08:28:27.000000,Michael Ray,crawfordwilliam@example.org,North America,Decentralized grid-enabled service-desk,Electronics,6,0.2,1639.78
99901c0d-b618-4e8e-9836-0f46170e0447,2025-07-09 04:49:22.000000,Micheal Young,luis81@example.org,Europe,Mandatory discrete functionalities,Toys,2,0.0,928.26
e0ebb3c7-b8a3-43fa-b769-44b886b5ca8f,2026-03-24 13:28:48.000000,Peter Vaughn DDS,bwest@example.org,North America,Multi-layered high-level initiative,Electronics,2,0.1,841.11
9b40bb90-0c5f-406f-8b5c-59ef1faff7a0,2024-12-22 06:18:22.000000,Sara Cardenas,rsheppard@example.com,North America,Intuitive system-worthy access,Clothing,1,0.1,19.14
a180ee9b-1767-4700-97e3-ab403db87d15,2025-12-30 05:12:48.000000,William Oconnor,fconner@example.net,Europe,,,4,0.0,0.0
227c27df-377f-4ac2-be19-cad732af7b95,2025-05-31 13:25:36.000000,Ashley Brennan,dwalker@example.com,Asia,Team-oriented cohesive approach,Sports,6,0.2,1120.23
39c8a117-ffdb-48d7-92b1-731ba4df08c5,2024-08-20 10:43:50.000000,Jennifer Pena,charlesharrington@example.com,Asia,Exclusive object-oriented orchestration,Other,4,0.2,452.2
08e5dd93-dad5-4f42-a81a-035fe1e3d66c,2026-02-02 20:12:17.000000,Wanda Perez,valdezmichele@example.org,Europe,Open-architected asynchronous artificial intelligence,Other,1,0.1,172.69
7f258778-8140-4ce5-82e8-118f9ca3d9d1,2026-03-02 01:21:06.000000,Derek Mahoney,suarezmike@example.org,Asia,Function-based grid-enabled adapter,Clothing,3,0.2,368.73
63abd48f-fdcd-445c-93d3-2d79f632090a,2024-10-03 00:26:52.000000,Ashley Brennan,dwalker@example.com,Asia,Expanded intangible standardization,Clothing,4,0.1,302.86
dbbeb0d9-802c-4b52-b5f3-0d6e7632d4d4,2025-06-02 06:29:36.000000,Margaret Montgomery,haynescharles@example.net,Middle East,Organized attitude-oriented implementation,Clothing,10,0.3,2529.02
dd3024fc-b864-4af7-8d73-e7aac766dd63,2025-09-01 08:41:14.000000,John Shields,franciscojones@example.org,Asia,Cross-platform fresh-thinking hierarchy,Toys,2,0.1,801.63
e958c745-02bb-457d-8225-51d2e44e923a,2024-12-11 13:14:26.000000,Elizabeth Molina,howardshaun@example.net,Asia,Devolved responsive model,Sports,4,0.0,1178.76
ff4ca29e-06cd-4e3b-9202-6202356d9896,2026-04-11 16:05:11.000000,Juan Smith,kellymueller@example.net,North America,Operative responsive pricing structure,Sports,5,0.2,166.05
55a79731-1b53-4124-960a-035c0786a459,2026-03-17 18:33:12.000000,David Jones,unovak@example.org,Latin America,,,5,0.1,0.0
20be8394-8cbb-4a01-9cac-fd9f6a3eed4f,2026-05-02 13:43:01.000000,Bradley Reynolds,lisa80@example.net,North America,Innovative eco-centric open architecture,Toys,4,0.2,767.76
035bd879-eca0-4912-861c-53de98e1e160,2025-01-26 19:27:50.000000,William Johnson,jbond@example.net,Asia,Reverse-engineered multi-state knowledge user,Home & Garden,5,0.1,1744.32
78e6e25e-5577-426f-a096-26bab03ac41d,2025-11-27 15:13:03.000000,Joshua Holland,margaret10@example.org,Asia,Decentralized tangible model,Clothing,1,0.0,397.1
bab0dbe0-438e-4bb9-bf52-7025b3ed3b04,2025-02-26 07:23:09.000000,Mitchell Jackson,cbell@example.net,Middle East,User-friendly tangible synergy,Clothing,1,0.2,201.85
1ea4b89d-9898-4e99-ba9f-dbb3d2b2cf4b,2026-02-03 22:36:58.000000,John Allen,brent38@example.net,Latin America,Multi-lateral high-level open architecture,Toys,2,0.2,395.84
00c976e5-eaab-4629-aa5e-ec28e86e8c8d,2026-06-06 06:41:48.000000,Stephanie Atkinson,hessbeth@example.net,Europe,Upgradable disintermediate protocol,Toys,8,0.0,3215.2
644a79cd-36b5-48a4-ae1c-64c69efda9e9,2025-05-02 18:01:31.000000,Kirk Thompson,wmatthews@example.com,North America,Reverse-engineered multi-state knowledge user,Home & Garden,2,0.1,682.56
9a8b8524-4fac-40ff-9385-3f450ed57c8c,2024-09-14 01:41:24.000000,Steve Newton,josephjacobs@example.net,Europe,Down-sized scalable workforce,Home & Garden,5,0.2,1076.01
86a56845-deef-4995-9f88-4ed9cefabf95,2025-11-29 12:58:58.000000,Brenda Mitchell,ihorton@example.net,Europe,Function-based grid-enabled adapter,Clothing,6,0.2,676.73
1bddfef5-496e-486a-9335-0c77c5991a45,2025-09-12 19:44:42.000000,Justin Walker,allentran@example.net,North America,Re-contextualized actuating infrastructure,Clothing,8,0.1,2725.63
65a1ee9c-3b39-48aa-b9d0-eb014ad07831,2025-09-05 13:37:11.000000,Luke Estrada,bhopkins@example.org,Middle East,Devolved responsive model,Sports,9,0.3,1954.26
06c0965d-d68b-417e-97cb-97197a3367d0,2025-10-19 13:59:54.000000,Beth Sanford,molly71@example.net,Europe,,,10,0.0,0.0
68437031-ff36-4e7f-81ab-5f4c23a8bfbe,2024-12-19 05:21:48.000000,Nicholas Rush,xrosales@example.net,Asia,Innovative eco-centric open architecture,Toys,7,0.1,1375.57
285d9795-b913-4441-90a0-54172bac7c89,2025-01-04 10:35:19.000000,Shawn Odom,roberthill@example.net,Europe,Devolved responsive model,Sports,7,0.1,1867.4
25db9dbd-817f-4e3b-9a1a-59cf9b480ff5,2024-09-16 01:57:00.000000,Stephanie Atkinson,hessbeth@example.net,Europe,Decentralized grid-enabled service-desk,Electronics,8,0.0,2732.96
415155db-179c-4a64-93a5-893a6b13ad0a,2026-07-16 06:39:47.000000,Shannon Smith,maldonadoamanda@example.com,North America,Fundamental contextually-based neural-net,Electronics,6,0.1,1245.29
db768604-befa-4203-b206-da830956f0e5,2026-02-08 13:31:29.000000,Tiffany Jackson,simsjason@example.net,Asia,,,3,0.1,0.0
893e2de8-8509-43a2-a14b-1e1c4b403399,2025-06-02 07:26:00.000000,Danielle Ford,veronica83@example.net,Middle East,Multi-lateral high-level open architecture,Toys,3,0.0,705.09
d45f8e7f-0af8-4147-bf44-ea67f0cf9990,2025-05-01 22:05:59.000000,Tiffany Garcia,zhartman@example.net,Latin America,Expanded intangible standardization,Clothing,4,0.0,319.32
cac29f1d-c72c-4764-8570-ea72a16700f7,2025-04-09 03:05:07.000000,Brent Brooks,angela52@example.org,North America,Exclusive object-oriented orchestration,Other,3,0.1,394.96
653f4313-ef82-4ab3-be0c-52863cd68ac3,2025-06-18 22:45:39.000000,Michael Berger,nguyenbrian@example.com,Middle East,Optimized mission-critical moratorium,Home & Garden,8,0.1,1848.7
1dd3c5d2-1892-4ebd-b195-6d6084f36ac6,2026-02-20 16:37:20.000000,Jennifer Kirby,carloshernandez@example.org,North America,Open-architected asynchronous artificial intelligence,Other,8,0.1,1397.57
d8b6a5b0-c7c2-4f1b-ad30-26db20f8260c,2024-08-03 22:44:42.000000,Vincent Smith,morrowthomas@example.net,Middle East,Multi-lateral contextually-based methodology,Sports,8,0.3,1432.5
e28b40c6-852f-48aa-8e2d-df52fd8190c8,2024-12-25 19:22:22.000000,Ricardo Young,williamsrobert@example.net,North America,Upgradable disintermediate protocol,Toys,8,0.2,2636.46
e2712ff8-65d8-450a-a3fd-b07a5c7f9aef,2025-11-04 19:02:58.000000,David Beck,thomas85@example.com,Middle East,Cross-platform uniform flexibility,Toys,9,0.3,1539.65
c342adc9-df09-451f-9173-bd6d16a00e13,2024-08-11 04:07:21.000000,Jeffrey Howell,watsonmatthew@example.org,Europe,Organized contextually-based orchestration,Electronics,7,0.2,2328.83
74a41600-af56-4306-a76c-01fb62e38426,2024-09-15 10:37:27.000000,Angie Hill,zgomez@example.com,Europe,Advanced context-sensitive instruction set,Toys,3,0.1,814.86
367d9053-bec2-440d-b0b8-1b2952044e75,2024-10-06 14:54:20.000000,Christopher Gonzalez,moniquewilliams@example.com,Asia,Reverse-engineered multi-state knowledge user,Home & Garden,10,0.1,3299.04
37f66fc4-c481-4514-acee-1a3af3e9d42f,2025-02-03 07:11:12.000000,Lisa Allen,kcaldwell@example.org,Latin America,Open-architected asynchronous artificial intelligence,Other,3,0.2,506.02
0d5348d1-5b15-474d-972d-3274e5c22467,2026-04-16 21:10:44.000000,Cody Holt,sandra84@example.org,Europe,User-friendly tangible synergy,Clothing,6,0.2,1136.35
2ef38ed1-8cdf-458d-8252-caff6e06f176,2025-06-24 19:53:36.000000,Paul Moreno,wilsonmichael@example.org,North America,Fundamental contextually-based neural-net,Electronics,6,0.2,1161.34
a05a53c4-7c42-43c7-9bd8-978e92714fea,2026-05-10 05:03:14.000000,Tonya Wilson,srocha@example.net,Asia,Decentralized tangible model,Clothing,1,0.1,352.52
8fb6002d-c357-4ff1-acaa-4c8d7c3aaa22,2025-12-03 07:37:32.000000,David Garcia,jennifer12@example.org,Europe,Cross-platform uniform flexibility,Toys,4,0.3,684.29
35fad47f-9f05-40b5-a481-2872e704db7d,2025-09-01 09:01:26.000000,Kristina Preston,jeffrey92@example.com,Asia,,,6,0.2,0.0
bfe9efdb-4a57-4541-8387-4957d4d61370,2024-08-21 07:48:30.000000,Kimberly Lutz,jvaldez@example.com,Asia,Exclusive object-oriented orchestration,Other,5,0.2,593.86
e577e1b6-4dd3-4982-bdfa-45fa1da6f0f0,2025-09-24 16:59:01.000000,Derek Hodge,taylorkaren@example.com,Latin America,Up-sized foreground toolset,Toys,4,0.3,639.77
fc32964b-871e-4c56-8b37-38c20144fe67,2025-07-03 12:28:54.000000,Shannon Olson,carlos33@example.com,Latin America,Devolved responsive model,Sports,10,0.3,2202.42
4c6694ab-57b5-4de2-b1ae-84bec7be05c6,2025-01-21 09:43:02.000000,Ariana Jennings,bruce43@example.org,Europe,Upgradable disintermediate protocol,Toys,10,0.2,3295.58
e9a84c51-aac7-42ac-9ce2-ab067a15422e,2025-09-21 09:53:51.000000,Laura Cunningham,april91@example.com,Europe,Cross-platform uniform flexibility,Toys,8,0.2,1577.66
22f15aad-8752-49fb-a4cb-277fbc95a041,2025-06-02 11:20:08.000000,Austin Garcia,wlynn@example.org,North America,Optimized mission-critical moratorium,Home & Garden,6,0.2,1339.26
a5279af5-3bd6-4f9b-b643-0f4d0bce8eeb,2025-05-07 17:17:17.000000,Diane Beck,clarence34@example.org,North America,Team-oriented cohesive approach,Sports,3,0.2,560.12
0daba507-1fc7-437c-b94e-b6f89d506e83,2024-10-08 14:02:58.000000,Matthew Ross,michelle45@example.net,Middle East,Profound mobile time-frame,Clothing,8,0.1,1360.18
b0ec7074-7397-4987-9edd-3492aac23302,2026-01-11 00:16:03.000000,Kimberly Lutz,jvaldez@example.com,Asia,User-friendly tangible synergy,Clothing,5,0.0,1221.08
0c286323-d27f-4d1f-9b0d-faab049f32c7,2025-08-19 02:23:37.000000,Kelly Lee,charles87@example.net,North America,Business-focused 4thgeneration throughput,Sports,4,0.2,1108.99
94b22af0-9080-4121-be41-bb815e452956,2026-01-21 13:25:05.000000,Frederick Solis,xcollier@example.org,Europe,Upgradable disintermediate protocol,Toys,3,0.1,1073.07
4927db4a-4a12-40d4-8da4-2f8510995969,2025-10-09 21:32:54.000000,Kiara Smith,simsjohn@example.net,Latin America,Synergized zero-defect conglomeration,Clothing,8,0.1,2527.37
b6f37bd4-0409-47c8-af59-a4b52e89015e,2025-07-07 22:19:33.000000,Amy Walker,finleycasey@example.com,North America,Re-engineered clear-thinking application,Clothing,6,0.1,1777.15
ceacd779-9538-4035-8157-abecfdecc58d,2024-11-26 14:48:32.000000,Jeffrey Chavez,parkerjudith@example.net,Latin America,Exclusive object-oriented orchestration,Other,9,0.0,1236.38
b4c70241-990c-48bf-8197-8cb867218261,2025-10-08 21:18:45.000000,Sandra Drake,sandersjudy@example.com,Asia,Devolved responsive model,Sports,8,0.3,1737.12
6bb57af7-a03f-437f-b14d-a3ea9fafc17e,2026-03-08 10:46:22.000000,Emily Taylor,deanna38@example.net,Asia,Organized attitude-oriented implementation,Clothing,4,0.2,1068.6
6038e284-cedd-4dec-929d-778e9fde2d5f,2026-05-27 09:55:40.000000,Jennifer Vargas,grahamtamara@example.org,Europe,Multi-layered high-level initiative,Electronics,10,0.2,3668.68
d48d5f9a-4be1-4297-a822-2853c7d012b0,2025-09-23 06:49:48.000000,Brandon Gregory,johnathan92@example.com,Middle East,User-friendly tangible synergy,Clothing,1,0.2,194.38
99adf607-c26e-4dbd-9acb-0045a449aefa,2026-02-20 10:35:03.000000,Sarah Phelps,ofinley@example.net,Europe,Profound mobile time-frame,Clothing,9,0.1,1636.96
c2d66d46-ada3-463d-ad08-58c6bad16e1d,2026-05-15 11:15:51.000000,Kara Hernandez,turnerdorothy@example.net,Latin America,Team-oriented cohesive approach,Sports,7,0.2,1274.66
85afb680-e39f-4cc7-96f3-9bed74c9abd9,2025-03-07 13:11:13.000000,Amy Manning,christinenorman@example.com,North America,Re-engineered clear-thinking application,Clothing,5,0.1,1530.88
919a5591-f3b2-4598-a303-d14f62544d22,2025-01-29 18:34:49.000000,Stephanie Meyer,stephen19@example.org,Asia,Cross-platform asymmetric leverage,Electronics,7,0.0,1375.43
1a5a8977-90ba-4d38-9492-112f259d537f,2025-03-06 15:56:08.000000,Elijah White,oallen@example.com,Latin America,Business-focused 4thgeneration throughput,Sports,1,0.1,317.38
e3289c3a-801c-4ac1-85b5-6b8905722bc5,2025-03-18 11:01:09.000000,Dylan Cruz,kwright@example.com,Middle East,Horizontal maximized product,Electronics,3,0.2,524.72
e3fa6893-2cd4-476d-b40a-b6cf31c78a33,2024-12-15 20:38:34.000000,Colin Golden,johnsondonna@example.net,North America,Multi-tiered dedicated circuit,Electronics,4,0.2,738.49
c7c40854-d6d4-4b06-af59-2f3e1bbd2513,2026-04-08 20:47:43.000000,Julie Ball,opatel@example.org,Asia,User-centric coherent leverage,Sports,3,0.2,829.27
c7d0b0d1-4b5f-4f70-b918-5b72d1c1f266,2024-11-07 17:39:35.000000,Ricardo Young,williamsrobert@example.net,North America,Optimized mission-critical moratorium,Home & Garden,2,0.0,514.7
677a72f6-6e0c-42e9-b817-9896c6b98ce2,2025-10-01 23:55:19.000000,Lucas Allen,qlopez@example.org,Latin America,Horizontal maximized product,Electronics,8,0.1,1518.7
0e05926a-f001-473c-b5eb-b7f98f523f8a,2025-06-02 18:04:51.000000,Thomas Velasquez,sarah60@example.com,Europe,User-friendly tangible synergy,Clothing,7,0.2,1447.85
fd721fc2-05e0-4019-b31e-120d9f49ab89,2025-09-27 07:57:03.000000,David Garcia,perezwilliam@example.org,Latin America,Multi-lateral high-level open architecture,Toys,6,0.1,1306.27
a3e6bbfd-65e2-4bba-a7ae-222079150e99,2024-10-20 10:10:46.000000,Lucas Allen,qlopez@example.org,Latin America,Mandatory discrete functionalities,Toys,1,0.2,383.62
f8eb7113-6aee-407a-8387-d8eb7509d8ba,2026-06-13 12:33:01.000000,Ricardo Young,williamsrobert@example.net,North America,Down-sized scalable workforce,Home & Garden,10,0.0,2731.41
2c85ab3f-7126-46bb-a455-ea2207d02e2c,2026-02-22 23:18:33.000000,Elizabeth Wright,millereric@example.net,Europe,Synergized zero-defect conglomeration,Clothing,3,0.2,866.23
f16a8348-8fc8-4d53-8f3b-81d63745abe5,2026-02-03 15:36:01.000000,Kayla Jackson,sandra99@example.org,Asia,Decentralized tangible model,Clothing,3,0.0,1154.82
386bf5fc-9b52-4a4d-851e-4fe83a6570b5,2025-03-31 00:43:32.000000,Christina Rodriguez,adam65@example.net,Asia,Multi-lateral contextually-based methodology,Sports,4,0.0,978.54
e869839a-9a36-449e-a99c-706eab8eb995,2025-04-28 00:15:17.000000,Curtis Taylor,jjohnson@example.net,Asia,Innovative eco-centric open architecture,Toys,6,0.0,1343.58
f3377b9e-e605-47ef-be74-47a2a672d32f,2025-08-29 01:10:18.000000,Zachary White,manuel15@example.net,Asia,Cross-platform asymmetric leverage,Electronics,2,0.2,340.85
8fa7bdec-e5a6-4a06-a842-232523763f57,2026-02-28 23:30:44.000000,Eric Patrick,johnsonmatthew@example.org,Asia,Synergized zero-defect conglomeration,Clothing,9,0.1,2690.42
fb1eaa6e-d19b-4b23-9602-3639047ad506,2025-02-27 03:00:04.000000,Kara Hernandez,turnerdorothy@example.net,Latin America,Function-based methodical product,Clothing,3,0.2,1062.18
583d2337-e5b2-4a6d-80c9-578ed3f8b32d,2025-06-02 11:36:49.000000,Belinda Mccullough,elizabeth56@example.net,Middle East,Organized contextually-based orchestration,Electronics,8,0.0,2974.64
fb4a0283-1e28-4c97-a9e0-917fe324f5db,2024-11-08 15:21:33.000000,Margaret Alvarez,william28@example.org,Asia,Front-line next generation Internet solution,Toys,1,0.1,122.85
9c296b78-90f6-4dce-b1f4-e511e6f9c201,2025-06-23 04:53:28.000000,Jennifer Vargas,grahamtamara@example.org,Europe,Reverse-engineered multi-state knowledge user,Home & Garden,9,0.0,3378.67
cdf94cb5-8c9b-4aa6-87aa-240c57620a6f,2026-05-11 09:45:43.000000,Stephanie Meyer,stephen19@example.org,Asia,Down-sized contextually-based adapter,Sports,4,0.1,941.53
972bcd8d-67fe-4003-a5b1-ad19c8b93543,2026-03-05 17:05:42.000000,Jeffrey Henderson,dshields@example.net,Middle East,,,4,0.3,0.0
258861bb-ad32-47c6-8b64-612c5bd537b1,2025-06-23 04:50:31.000000,Andrew Greene,christinacraig@example.com,Asia,Fundamental contextually-based neural-net,Electronics,9,0.1,1888.92
c89a10a3-17ef-41fc-841b-1a37a931f647,2025-09-21 15:58:11.000000,Adam Rodriguez,nicoleluna@example.com,Europe,Cross-platform asymmetric leverage,Electronics,7,0.0,1389.46
583f66bd-60d8-439e-92aa-71d561e72ff5,2025-06-02 01:24:45.000000,Patrick Hardy,staceylam@example.net,North America,User-centric coherent leverage,Sports,8,0.0,2669.83
d4476a01-ec67-47b7-92a3-4b04a15ecdba,2025-01-05 06:05:49.000000,Jacob James,seanbaker@example.com,Asia,Down-sized contextually-based adapter,Sports,7,0.2,1590.2
cf09b990-7b5f-4427-8fd1-bc4e03d2a7ca,2025-06-16 20:08:11.000000,John Ryan,esanchez@example.com,Europe,Multi-layered high-level initiative,Electronics,10,0.0,4429.26
af88239f-d4a3-418d-ac08-f40119271805,2026-06-06 06:48:05.000000,Ariana Jennings,bruce43@example.org,Europe,Operative responsive pricing structure,Sports,8,0.0,324.0
cea6c978-30b6-4f93-8438-c125254dbefe,2025-09-04 11:49:20.000000,Trevor Jones,pamelamartin@example.org,Middle East,Intuitive system-worthy access,Clothing,10,0.3,162.8
fb0059ff-563b-46e0-924e-48b4504e4b66,2026-07-08 13:08:47.000000,Joanne Perez,rreynolds@example.net,North America,Multi-lateral contextually-based methodology,Sports,7,0.1,1659.48
d7e305d5-407e-4506-9ec4-816dc01ba459,2024-12-17 03:41:01.000000,Suzanne Rodriguez,dianekelly@example.net,Europe,Re-engineered clear-thinking application,Clothing,10,0.1,3061.76
8a9da702-660f-44e6-845d-3231c6f7cc83,2024-11-13 16:26:57.000000,Hannah Bruce,lisamccarthy@example.com,Middle East,Re-contextualized actuating infrastructure,Clothing,9,0.1,2965.25
c5ecd23e-cbd9-4d47-966d-b02f3d980395,2025-03-19 08:26:44.000000,Karen Romero,heatherthompson@example.org,Asia,Multi-layered high-level initiative,Electronics,10,0.1,4116.08
a0443dc9-459b-456f-824f-df53d98a1a6f,2026-06-19 06:14:34.000000,Barry Welch,wendy16@example.org,Europe,Devolved responsive model,Sports,5,0.1,1364.88
d520aef5-078a-4dcb-9ac9-7c5a0a6246b9,2024-11-25 13:32:21.000000,Christine Parker,melissa12@example.net,Europe,User-centric coherent leverage,Sports,8,0.0,2669.83
00401b20-3946-4d23-8098-e2b47a798ed4,2024-07-26 01:11:57.000000,Jessica Robinson,taylordavid@example.net,Asia,Robust secondary infrastructure,Toys,9,0.2,1361.05
63a84422-e29e-4e63-a847-5ebd640324f0,2024-09-07 14:49:22.000000,Jeffrey Howell,watsonmatthew@example.org,Europe,Synergistic demand-driven implementation,Clothing,4,0.1,1850.3
d56e0949-1de5-4d73-8e1e-5ebdff99fe31,2026-03-05 19:52:01.000000,Samantha Richardson,wolfscott@example.org,North America,Expanded composite infrastructure,Home & Garden,5,0.2,838.5
1336eb28-33ba-4e1b-80ff-8beb631eb726,2024-09-22 01:43:21.000000,Matthew Adams,gallagherstacie@example.net,North America,Organized contextually-based orchestration,Electronics,10,0.2,2935.5
9ca4d06c-d076-4dad-b17e-43a4ab16b1fd,2025-04-07 01:40:12.000000,Curtis Taylor,jjohnson@example.net,Asia,Decentralized grid-enabled service-desk,Electronics,1,0.2,291.28
dabd385c-d2c5-49ab-b830-aa05d2d4dd05,2024-08-09 18:51:46.000000,Ariana Jennings,bruce43@example.org,Europe,Down-sized scalable workforce,Home & Garden,5,0.1,1282.94
600c8bc0-10f3-441f-b202-08760c443b8c,2025-09-03 22:55:04.000000,Shannon Smith,maldonadoamanda@example.com,North America,Advanced context-sensitive instruction set,Toys,1,0.1,283.69
477cbc8c-a5f6-44d7-9cb0-76a20e551d71,2024-09-21 05:02:12.000000,John Kennedy,yarnold@example.org,Asia,Up-sized foreground toolset,Toys,4,0.2,744.94
12bacc10-9b45-4aa9-a13e-a32a4b045067,2026-05-18 07:01:09.000000,Blake Orr,shawrachel@example.net,Asia,Team-oriented cohesive approach,Sports,6,0.1,1189.38
7400c7a1-0de8-45b2-9246-cc34bcdbe579,2025-06-02 17:33:28.000000,Brent Brooks,angela52@example.org,North America,Open-architected asynchronous artificial intelligence,Other,3,0.3,433.73
a1295a39-dce6-4a64-ad5c-4588c60e35b6,2025-08-30 06:58:58.000000,Justin Walker,allentran@example.net,North America,Horizontal maximized product,Electronics,10,0.1,1941.03
f30d6ea3-951c-4200-9f30-f2f53226786f,2025-06-30 07:44:48.000000,Kathleen Andrade,rbrown@example.com,Middle East,Cross-platform uniform flexibility,Toys,2,0.2,389.66
24c61f93-a081-4bf5-a940-240ca45ee904,2024-08-29 01:25:35.000000,Alexandra Baxter,davidsmith@example.net,Middle East,Re-engineered clear-thinking application,Clothing,1,0.2,269.57
a333639f-3873-44c1-9e4c-e90bbadfbb75,2025-02-23 07:38:10.000000,Nancy Wilson,pattersonangela@example.org,Europe,Re-engineered clear-thinking application,Clothing,5,0.3,1198.08
64076750-4810-4252-994d-4c03715474b9,2024-11-24 01:30:08.000000,Brian Jones,matthew18@example.com,Middle East,Multi-lateral contextually-based methodology,Sports,2,0.0,494.31
72f34ed1-f163-4be1-b6dd-5f350ee503e3,2026-06-08 17:29:46.000000,Gina Wilson,taylortammy@example.net,Europe,Robust secondary infrastructure,Toys,4,0.3,557.78
c351c359-6739-4010-b9dc-86a923c560d2,2026-05-22 07:34:18.000000,Alyssa Lee,marywright@example.com,Europe,Re-contextualized actuating infrastructure,Clothing,2,0.1,688.9
98a7e77b-2149-40ed-abe0-70806961a383,2024-11-04 13:14:48.000000,Scott Hernandez,tanyafoster@example.org,Asia,Optimized mission-critical moratorium,Home & Garden,5,0.2,1011.01
cc7570cc-8e32-4bbf-84fb-7e52583475e1,2024-09-30 12:04:55.000000,Stephanie Atkinson,hessbeth@example.net,Europe,Cross-platform fresh-thinking hierarchy,Toys,5,0.0,2046.72
b998d301-7df9-4116-9f58-c65fbef0e0f1,2025-11-18 17:53:26.000000,Colin Golden,johnsondonna@example.net,North America,Organized contextually-based orchestration,Electronics,2,0.3,563.62
626cd59a-ec3e-43c3-b961-3250d3752185,2026-07-07 23:25:40.000000,Kirk Thompson,wmatthews@example.com,North America,Reverse-engineered multi-state knowledge user,Home & Garden,1,0.3,280.61
90bf747e-2935-42d3-bb63-33cb0c35bf2d,2026-01-15 03:18:42.000000,Patricia Banks,cwood@example.net,Europe,Exclusive object-oriented orchestration,Other,3,0.0,429.3
c4e49929-1119-4b23-9a0f-7242eeb7591f,2026-03-17 01:54:14.000000,Michael Smith,michaeljones@example.net,Latin America,User-friendly tangible synergy,Clothing,4,0.1,857.25
efc35842-65b4-41ed-85d1-f7374377be10,2025-08-31 23:30:14.000000,Angela Clark,jason82@example.org,Europe,Operative responsive pricing structure,Sports,9,0.1,335.34
ee6f5a9c-f446-4236-a1f6-6088efef1246,2025-03-22 00:53:50.000000,Katrina Burns,thomas05@example.com,North America,Reverse-engineered multi-state knowledge user,Home & Garden,7,0.0,2627.86
2bd6f0fb-ee3c-4687-b704-eced5b9df42d,2024-12-25 08:51:57.000000,Juan Brown,warnerchristopher@example.com,Europe,Multi-lateral high-level open architecture,Toys,8,0.1,1741.7
66bc6735-f605-470b-aa73-23915840f425,2024-10-13 10:20:40.000000,Blake Sosa,waustin@example.net,Middle East,Re-engineered clear-thinking application,Clothing,10,0.3,2429.44
14433a8e-ed5a-4ddc-8b70-80c27799f25b,2025-07-16 14:07:23.000000,Brian Leon,smithmaria@example.org,Europe,Decentralized tangible model,Clothing,5,0.2,1600.54
ff011f14-d97b-400e-b475-717102b964d6,2026-06-19 08:28:49.000000,Blake Orr,shawrachel@example.net,Asia,Exclusive object-oriented orchestration,Other,4,0.2,435.02
1a062a0e-ad93-4d1a-aa0d-c97ee85af565,2024-09-20 00:53:28.000000,Shannon Smith,maldonadoamanda@example.com,North America,Organic zero-defect hierarchy,Electronics,5,0.3,1675.24
613c826a-001e-4006-a9d3-74d69a596f63,2024-10-16 11:10:17.000000,Patrick Thornton,qhughes@example.net,Latin America,Cross-platform uniform flexibility,Toys,8,0.2,1444.61
3cebcc1d-6c01-4c07-8016-215d3807ef3a,2026-04-22 22:00:59.000000,Lauren Moore,shannonedwards@example.org,North America,Profit-focused grid-enabled infrastructure,Toys,10,0.2,1306.5
51587417-ab6d-4f79-bac3-68c183674372,2024-10-31 19:04:54.000000,Amy Wilson,erik84@example.net,North America,Horizontal maximized product,Electronics,8,0.2,1296.86
92ccadb2-8bce-4c24-bee9-58ac77bd00de,2025-04-14 22:23:59.000000,Kristy Hernandez,millermaurice@example.net,North America,Expanded composite infrastructure,Home & Garden,1,0.1,203.48
37df79d8-30bd-473a-9f0b-2be660404c51,2025-07-03 13:35:17.000000,Belinda Mccullough,elizabeth56@example.net,Middle East,Open-architected asynchronous artificial intelligence,Other,6,0.1,1036.13
8b917e2d-aaf9-4e3e-a432-d37d1307afb6,2025-03-08 11:11:44.000000,Chelsea Gill,timothybooth@example.com,Europe,Organized attitude-oriented implementation,Clothing,3,0.1,951.05
0c975601-97b1-4fbd-83bc-bd124e9dfdb6,2026-02-04 21:09:13.000000,Kimberly Lutz,jvaldez@example.com,Asia,Re-contextualized actuating infrastructure,Clothing,9,0.2,2830.46
942caa0c-dd53-4be1-ab2f-8082f613aed3,2025-03-28 21:21:39.000000,Susan Smith,marydunn@example.net,Middle East,Expanded composite infrastructure,Home & Garden,6,0.1,1180.61
65454a72-dd37-4743-a40e-d1db0c3badd8,2025-03-06 08:38:48.000000,Kenneth Adams MD,yjones@example.org,Middle East,Function-based methodical product,Clothing,6,0.1,2174.94
d1452528-f91b-4d40-8b02-215682a0f6e9,2024-10-02 09:41:32.000000,William Gould,lambertrichard@example.net,Middle East,Business-focused 4thgeneration throughput,Sports,5,0.0,1751.04
feb3a855-48e6-4273-8680-13786e607c2f,2024-08-31 01:54:42.000000,Robert Campbell,xmoreno@example.net,Asia,Cross-platform asymmetric leverage,Electronics,8,0.2,1283.2
ae9abf14-3473-411a-b3a5-24c13c8bc189,2025-01-31 06:28:02.000000,Tyler Stevens,amy49@example.com,Europe,Re-contextualized actuating infrastructure,Clothing,7,0.0,2542.18
786c014f-65fa-44a1-9a03-7833d4fdfad6,2025-09-08 21:39:10.000000,Jennifer Russo,uparrish@example.org,North America,Fundamental contextually-based neural-net,Electronics,6,0.3,1007.42
e7b0e27d-244b-405a-ad7c-b20d1bb868d5,2025-07-15 18:33:01.000000,Jennifer Vargas,grahamtamara@example.org,Europe,Decentralized grid-enabled service-desk,Electronics,8,0.2,2215.14
aad29f81-7fe9-4b4f-8a7a-d5f3bdacb371,2025-08-23 18:04:47.000000,Joshua Davis,nicolealvarado@example.com,North America,Reverse-engineered multi-state knowledge user,Home & Garden,3,0.3,830.45
133ee71e-2fc8-4f4d-aa48-9dae2b99f902,2024-07-31 21:00:46.000000,Zachary White,manuel15@example.net,Asia,Horizontal heuristic Graphic Interface,Electronics,3,0.2,191.39
179ee93b-a399-4919-a956-8d7dd57e4322,2026-06-03 02:16:16.000000,Paul Grant,seanmyers@example.net,Middle East,,,3,0.3,0.0
96c84002-d215-4070-a4ee-a1bc7dd7e170,2025-09-10 12:05:40.000000,Cynthia Cochran,michelle96@example.org,North America,Fundamental contextually-based neural-net,Electronics,4,0.2,699.6
a0d60422-1a32-4219-aeb1-3e3cd3cb6d14,2024-12-18 04:44:49.000000,Timothy Flores,vewing@example.com,Europe,Intuitive system-worthy access,Clothing,7,0.3,113.96
f942fcb2-ee3a-4a8b-84f9-00cb42d757a8,2025-06-12 02:41:01.000000,Thomas Cohen,rachel90@example.org,Latin America,Organized attitude-oriented implementation,Clothing,1,0.2,299.21
5713412e-8bce-4a58-9290-a83a2bef4363,2026-02-11 12:44:54.000000,Robin Trujillo,amanda98@example.org,Europe,Re-engineered clear-thinking application,Clothing,5,0.3,1198.08
bb31caeb-c8ce-44bb-bdc6-3851d46a537b,2026-01-05 10:16:29.000000,Carrie Lewis,joshuagriffin@example.org,Middle East,Multi-lateral contextually-based methodology,Sports,4,0.2,796.95
c2045288-3bde-4b66-b01c-3f0c9b43324c,2025-06-16 21:22:46.000000,Amber Rodriguez,williamsdarrell@example.com,Europe,Up-sized foreground toolset,Toys,8,0.0,1682.69
1d6faffb-e06b-4e1f-be37-2c8d8a137d8d,2026-05-10 17:03:56.000000,Christina Rodriguez,adam65@example.net,Asia,Organic zero-defect hierarchy,Electronics,7,0.1,3072.07
ae78dd3f-8b23-4607-ad5e-114d83eab8b5,2025-03-25 07:57:51.000000,Travis Johnson,erikarush@example.com,Europe,Expanded composite infrastructure,Home & Garden,7,0.2,1236.51
3a99bbcb-56a6-4db5-8776-d49a688e8d5d,2025-10-08 14:33:50.000000,Micheal Young,luis81@example.org,Europe,,,8,0.0,0.0
bd210b7d-f5b3-40ab-b31b-d233c011c674,2024-08-07 19:01:01.000000,Cynthia Haas,daisymccarty@example.net,Europe,Cross-platform asymmetric leverage,Electronics,4,0.2,633.58
96af3fcb-b3eb-4780-891d-95c77e29d9a1,2025-09-16 23:49:52.000000,Holly Stewart,ujackson@example.org,North America,Horizontal heuristic Graphic Interface,Electronics,2,0.2,132.26
671cae75-6dbe-434e-a2fb-8131b81c5f50,2025-12-31 17:47:39.000000,Sean Tucker,aeaton@example.net,Asia,Decentralized tangible model,Clothing,5,0.1,1884.18
741d6857-1e76-4433-be95-6f4aed56c7c7,2025-07-27 12:20:10.000000,Nancy Brown,aprilhoffman@example.net,Middle East,Advanced context-sensitive instruction set,Toys,4,0.2,1014.05
dc6434ef-6714-4ea1-8fa3-8669b33a82a9,2026-07-19 16:59:34.000000,David Alvarez,gibsonolivia@example.net,Middle East,Multi-layered high-level initiative,Electronics,1,0.0,447.4
67b3a154-e67a-419a-bc67-36b07f184a88,2025-08-27 13:10:20.000000,Brandon Gregory,johnathan92@example.com,Middle East,Cross-platform fresh-thinking hierarchy,Toys,4,0.1,1603.26
dc2f952c-2583-4b38-8ebf-3ea4c7a69982,2026-03-28 11:15:48.000000,Jennifer Sanford,ismith@example.org,Middle East,Reverse-engineered multi-state knowledge user,Home & Garden,2,0.0,743.23
00938d5e-c3b8-422b-9d76-4bc403f54e71,2025-05-09 03:06:28.000000,Hannah White,urice@example.org,Latin America,Cross-platform fresh-thinking hierarchy,Toys,7,0.3,2149.06
a8ae5c67-1598-403e-a4c4-e6ca8a661d77,2026-05-04 23:12:19.000000,Matthew Lamb,steinmaria@example.com,Middle East,Function-based methodical product,Clothing,1,0.2,332.98
a1119bb1-3952-4c71-ae31-e7722bc2bdd4,2025-04-18 07:16:37.000000,Erin Anderson,lucasrodney@example.com,North America,Up-sized foreground toolset,Toys,7,0.1,1364.99
5db4d496-a8d8-4b3d-9f9a-7704adc25f16,2024-08-01 12:16:23.000000,Kathleen Garcia,ugill@example.org,Europe,,,10,0.2,0.0
fd26ce31-8a00-49be-95c5-e74bc6fc40c3,2025-07-03 09:43:43.000000,Chelsea Travis,lweaver@example.com,Asia,Streamlined national conglomeration,Home & Garden,1,0.2,380.46
43d10cf2-afce-4f1a-9ada-c950efe3155d,2025-05-31 12:18:41.000000,Travis Johnson,erikarush@example.com,Europe,Optimized mission-critical moratorium,Home & Garden,5,0.2,1037.27
12a7186c-bb84-411f-a67c-b75491c64854,2025-08-31 02:10:42.000000,Kenneth Howard DDS,alicia28@example.org,Asia,Team-oriented cohesive approach,Sports,9,0.2,1597.36
2c99562c-efe3-4150-8524-a1bea6bbb51c,2024-09-15 12:00:04.000000,Casey Gillespie,lfrench@example.net,Latin America,Down-sized contextually-based adapter,Sports,10,0.2,2216.97
53cfff73-2384-4b95-9214-09e1fb50d324,2025-10-05 01:35:26.000000,Travis Johnson,erikarush@example.com,Europe,Reverse-engineered multi-state knowledge user,Home & Garden,8,0.3,2123.52
9733b490-8eba-4d06-8a18-6676f473c022,2025-09-08 23:06:03.000000,Michael Smith,michaeljones@example.net,Latin America,Exclusive object-oriented orchestration,Other,5,0.2,601.02
3c375315-44bd-4fcd-ae8e-8200c5c734b4,2025-06-19 22:50:14.000000,Sarah Rivera,wilsontara@example.org,Asia,Cross-platform uniform flexibility,Toys,2,0.1,408.67
49ef1088-8ab7-4eb9-9be4-e2ac9f999133,2026-03-21 10:28:18.000000,Debra Ortiz,hancocktammy@example.net,Middle East,Up-sized foreground toolset,Toys,4,0.2,718.65
f3fd80f2-0423-493f-9e3a-564a8bf63e19,2024-11-20 23:23:48.000000,Sarah Davis,brettbennett@example.net,Latin America,Profit-focused grid-enabled infrastructure,Toys,6,0.1,951.13
09ac7ba5-eb28-43e6-a465-aed7207ad1d4,2026-05-12 21:11:39.000000,Jennifer Sanford,ismith@example.org,Middle East,Upgradable disintermediate protocol,Toys,8,0.1,3022.29
f38ef31f-08ae-44bb-8c62-f74854b4a8a6,2025-11-03 00:54:13.000000,Taylor Griffith,david86@example.com,Latin America,Synergistic demand-driven implementation,Clothing,1,0.2,388.76
a98d61ec-3ad4-4c9a-bac9-7a02b1195d16,2026-05-05 19:23:53.000000,Matthew Banks,sanderskevin@example.net,North America,Reverse-engineered multi-state knowledge user,Home & Garden,1,0.3,273.02
b81cc43b-f99a-4620-aee2-f9bf8ad303b1,2025-10-28 15:27:53.000000,Anthony Anderson,dbryant@example.net,Latin America,Decentralized tangible model,Clothing,9,0.0,3464.46
81e26ceb-4032-4c40-b100-0314b77cff4c,2025-03-04 16:35:18.000000,Shannon Johnston,amckinney@example.com,Middle East,Down-sized contextually-based adapter,Sports,10,0.1,2408.56
e1eaf0f2-4c52-495c-a146-e7b4a5fb9e9a,2025-11-03 08:56:24.000000,Willie Dillon,jeffreyjenkins@example.org,Latin America,Organized attitude-oriented implementation,Clothing,1,0.1,327.7
9c174363-bc44-4b36-989c-568d5674e177,2025-08-22 19:59:13.000000,Garrett Gibson,kathleen64@example.com,Europe,Down-sized contextually-based adapter,Sports,9,0.2,2093.8
a5b38959-10e6-41fd-a127-f6638db4daaa,2024-09-24 05:55:07.000000,Kimberly Lutz,jvaldez@example.com,Asia,Function-based grid-enabled adapter,Clothing,5,0.3,535.02
a045d9e6-73ad-462d-98c6-88774897c6e2,2025-09-17 20:13:31.000000,John Ryan,esanchez@example.com,Europe,User-centric coherent leverage,Sports,10,0.1,3033.9
cf6d28c3-f661-4fdb-b537-fb1681edceb3,2026-02-24 10:41:14.000000,Jason Stein,gateskathy@example.com,North America,Reverse-engineered multi-state knowledge user,Home & Garden,3,0.3,807.7
a7a3208e-b1fd-44de-892a-2783e9b50a89,2025-06-28 20:10:40.000000,Norman Cook,vpham@example.org,Asia,Multi-layered high-level initiative,Electronics,8,0.2,3042.32
2dd5b752-ec74-48f9-9b60-47b017776760,2025-01-19 17:44:10.000000,Kevin Pacheco,blakeerik@example.com,Asia,Team-oriented cohesive approach,Sports,3,0.2,532.46
72948c64-66d2-40a7-8b41-8bdfe52b9187,2025-05-20 07:09:30.000000,Nicholas Mcbride,wrightjames@example.com,Latin America,Advanced context-sensitive instruction set,Toys,3,0.1,842.02
c4e43753-8a0d-4af8-b22c-519f7a44167a,2025-12-13 02:03:20.000000,Melanie Flores,cruzamber@example.com,Middle East,Reverse-engineered multi-state knowledge user,Home & Garden,10,0.2,2844.0
9d96d6dd-ef14-4b36-86b6-37272fcf9246,2025-07-07 01:47:32.000000,Ariana Jennings,bruce43@example.org,Europe,Upgradable disintermediate protocol,Toys,8,0.2,2443.55
13f74636-c7be-4406-a165-0f34465fd96b,2025-11-09 22:01:22.000000,Vincent Smith,morrowthomas@example.net,Middle East,Cross-platform fresh-thinking hierarchy,Toys,2,0.0,810.16
a9e7bb4f-a0b8-4ebf-b82b-2b9310404bf3,2025-07-14 09:00:45.000000,Sandra Zimmerman,hthompson@example.net,Asia,Expanded composite infrastructure,Home & Garden,10,0.2,1855.88
7e129751-883e-453f-9c45-44437eb1a6f4,2025-05-15 14:54:15.000000,Susan Todd,kathleenbecker@example.net,Asia,Streamlined national conglomeration,Home & Garden,6,0.2,2041.06
9fa6f3ea-db65-48d6-a660-f73f8abefd88,2025-10-10 06:58:08.000000,James Davis,thomasboyle@example.org,Europe,Optimized mission-critical moratorium,Home & Garden,9,0.3,1725.28
7f4a3544-817c-481a-afbc-2464ea524c69,2026-01-30 02:20:00.000000,Elizabeth Martin,michaeleverett@example.com,North America,,,9,0.0,0.0
d586cc32-d648-44cd-a766-fe92d8736d60,2024-10-29 13:36:15.000000,Tonya Wilson,srocha@example.net,Asia,Profit-focused grid-enabled infrastructure,Toys,5,0.1,757.77
32371f14-93a9-41f4-8420-3c0c51f323e6,2025-08-08 14:52:43.000000,Trevor Jones,pamelamartin@example.org,Middle East,Multi-lateral high-level open architecture,Toys,2,0.0,484.9
ca600b2d-09c6-48dd-bff0-90b9fe835c51,2025-12-02 15:52:06.000000,Cindy Barnes,eric45@example.net,Asia,Organic zero-defect hierarchy,Electronics,6,0.1,2435.0
863e3610-ae7a-452a-9179-15b7883a5ef5,2024-07-21 11:59:06.000000,David Jones,unovak@example.org,Latin America,Cross-platform uniform flexibility,Toys,3,0.0,684.29
aeadc03f-2fad-4d7e-a4bf-a846660a3bdb,2025-11-18 14:21:27.000000,Joshua Holland,margaret10@example.org,Asia,Intuitive system-worthy access,Clothing,1,0.1,20.68
0d477c01-5e61-4f62-bccb-9897cadb11c4,2026-01-12 04:52:19.000000,Barry Welch,wendy16@example.org,Europe,Function-based grid-enabled adapter,Clothing,1,0.1,128.69
a9dfbb1d-07a7-411d-a20d-a10044f2a0db,2026-06-15 22:30:38.000000,Cindy Barnes,eric45@example.net,Asia,Exclusive object-oriented orchestration,Other,2,0.3,203.2
fe95c8c9-c16c-493f-9c40-5fa3de2752ba,2025-05-20 00:47:15.000000,Brian Leon,smithmaria@example.org,Europe,Expanded intangible standardization,Clothing,10,0.1,724.24
54f5e2f0-9e9a-4e40-ba49-ccd561853b1a,2026-01-04 12:31:25.000000,Laura Henderson,sreid@example.net,Europe,Profit-focused grid-enabled infrastructure,Toys,4,0.1,654.99
07d7a393-09cf-4063-91b6-aa0174e60f83,2025-12-25 17:37:15.000000,Erin Anderson,lucasrodney@example.com,North America,Fundamental contextually-based neural-net,Electronics,7,0.0,1632.4
57b6b27c-bf18-474a-8743-d9f12d08413f,2026-05-14 03:11:26.000000,Carrie Lewis,joshuagriffin@example.org,Middle East,Multi-tiered dedicated circuit,Electronics,10,0.2,1963.08
97f5d628-75ef-4169-a4a7-02798609a880,2025-05-23 01:43:24.000000,Kenneth Howard DDS,alicia28@example.org,Asia,Exclusive object-oriented orchestration,Other,4,0.1,538.06
d3936f3e-5a5f-438f-a3ee-4016323415b1,2026-04-15 04:42:24.000000,David Morris,oscar85@example.com,Latin America,Exclusive object-oriented orchestration,Other,8,0.1,1076.11
a367b563-2f89-4e9b-8b4e-52fd9c83e2d2,2025-01-28 13:12:04.000000,Samantha Smith,mgutierrez@example.net,Asia,Team-oriented cohesive approach,Sports,9,0.2,1680.34
aefb886b-2212-4446-b39e-ab73a24a7b89,2025-09-07 18:05:15.000000,Zachary Webb,robert11@example.net,Middle East,Decentralized tangible model,Clothing,3,0.2,972.48
44edbacf-d8c4-4832-9378-38f9bd46bb37,2026-03-26 05:46:58.000000,John Pineda,hernandezmarcus@example.org,Middle East,Horizontal heuristic Graphic Interface,Electronics,3,0.3,172.72
38e1e998-ddca-4cc3-948f-16c56431d4a9,2026-05-24 20:38:15.000000,Sarah Wagner,rebecca01@example.net,Asia,Exclusive object-oriented orchestration,Other,9,0.3,901.53
f5e1ab65-8bd2-46cc-b1cf-3224f0cb8112,2026-06-21 05:17:36.000000,Andrew Diaz,nolanjason@example.org,Latin America,Down-sized scalable workforce,Home & Garden,3,0.1,769.76
1a64eed2-ef3d-45a8-9295-8d18ec7c44a8,2025-04-11 05:18:35.000000,James Bailey,jeffery48@example.net,Europe,,,6,0.3,0.0
14611ef1-42bf-48d2-aa17-879a67a79886,2026-01-03 15:12:49.000000,Ronald Brandt,amy51@example.org,North America,Front-line next generation Internet solution,Toys,7,0.0,906.21
2fc52298-53ef-4cdf-aa7e-c9acae372e39,2025-09-08 00:22:20.000000,Paul Finley,brandi90@example.com,North America,Profit-focused grid-enabled infrastructure,Toys,6,0.2,804.8
fd481505-b8f0-4270-967f-d2e9c2f18bfc,2026-07-15 00:31:28.000000,Katie Gonzalez,kathryn88@example.org,Europe,Multi-layered high-level initiative,Electronics,6,0.1,2362.27
f1ed1e4a-e9f8-4115-ad8a-c2cc7bb9bc20,2025-04-13 16:18:08.000000,Melissa Abbott,jamie98@example.org,Europe,,,3,0.1,0.0
935046f4-f7f8-4118-aaed-0848639a851f,2024-12-01 11:25:55.000000,Daniel Miller,ramseysarah@example.com,North America,Horizontal heuristic Graphic Interface,Electronics,7,0.2,441.13
38be318f-96d0-489d-b231-4c7d6755b2d4,2026-05-26 10:42:23.000000,Zachary Levy,anna99@example.com,Latin America,,,3,0.1,0.0
879d19c3-57e4-467e-b8e6-b704b1d12755,2025-11-05 04:33:34.000000,Jason Washington,wardsheryl@example.net,Latin America,User-centric coherent leverage,Sports,8,0.2,2076.54
1a2b2339-5ebb-487b-afba-5ddcc81c597a,2025-01-10 15:07:26.000000,Paul Finley,brandi90@example.com,North America,Open-architected asynchronous artificial intelligence,Other,1,0.1,174.7
8125aedb-f088-4735-bdce-4f12dc4676c7,2024-10-11 11:41:29.000000,Charles Edwards MD,glennstephanie@example.com,North America,Intuitive system-worthy access,Clothing,3,0.2,50.82
5e85f364-6426-42e5-b5ea-e2208f57cd9e,2025-05-01 02:52:00.000000,John Ryan,esanchez@example.com,Europe,Re-contextualized actuating infrastructure,Clothing,5,0.1,1647.36
7d5887a5-a554-4394-b39d-ea6f06919b1d,2025-08-28 01:25:52.000000,Jessica Simpson,shelly68@example.com,Middle East,Robust secondary infrastructure,Toys,6,0.1,1072.34
f3177bab-62e3-4fa7-b4cd-6362434a1842,2026-05-12 07:12:33.000000,Suzanne Rodriguez,dianekelly@example.net,Europe,Open-architected asynchronous artificial intelligence,Other,6,0.3,867.46
9c215920-0400-4c5d-930a-542a8f05f94e,2025-03-26 21:14:34.000000,Kimberly Morrison,kellythompson@example.net,Asia,Exclusive object-oriented orchestration,Other,9,0.2,1094.72
ae1b3c1a-c5e3-4a4e-bcde-6371c1886c58,2025-03-01 03:31:50.000000,Mr. Donald Nguyen,jose43@example.org,Europe,Down-sized contextually-based adapter,Sports,10,0.2,2162.23
01f239e4-3965-4c7a-82ff-3b13d32a27d1,2024-12-18 19:10:41.000000,Christopher Mullen,johnsjessica@example.com,Asia,Reverse-engineered multi-state knowledge user,Home & Garden,10,0.2,3109.44
1eb6dd1c-9f88-4e6e-a0cc-faff4e7e9ac8,2026-06-02 18:13:44.000000,Jacob Santos,brooksdanielle@example.net,Europe,Down-sized scalable workforce,Home & Garden,3,0.1,711.82
d3073295-8326-42dd-a4d4-79e7ace8c3d1,2025-10-12 03:10:52.000000,Maurice Gray,christinaturner@example.net,North America,Down-sized contextually-based adapter,Sports,8,0.3,1554.62
1cfa78a2-d517-4a40-ad23-379513131048,2026-06-30 19:44:50.000000,Eric King,jennifermccormick@example.org,Europe,Profound mobile time-frame,Clothing,10,0.2,1601.37
2a314f1d-7bf7-4f91-9958-21e07b310f54,2024-08-26 09:52:18.000000,Bradley Reynolds,lisa80@example.net,North America,,,5,0.3,0.0
b4664f33-d541-4860-8583-d0bb32fb59fd,2025-04-06 02:49:07.000000,Mitchell Johnson,brownlaura@example.net,Latin America,User-centric coherent leverage,Sports,10,0.2,2865.35
cb1fa325-44e5-4394-bc6b-ad3494fc712b,2024-08-19 06:23:04.000000,Kelli Martinez,hinesjoshua@example.net,Asia,Devolved responsive model,Sports,4,0.2,1029.86
35cebda8-5d3d-4371-96ac-0d841604c332,2025-05-23 10:22:05.000000,Brenda Lawson,ejohnson@example.org,Latin America,Advanced context-sensitive instruction set,Toys,4,0.2,905.4
4b2ca54d-5343-4238-9694-c02c4ebd9823,2025-07-08 08:55:45.000000,Carolyn James,josephadams@example.org,Asia,Reverse-engineered multi-state knowledge user,Home & Garden,7,0.1,2442.05
53e87b79-d3dd-4cf8-93a7-0e7d1b869a72,2024-12-25 02:52:29.000000,Robert Garcia,nicole26@example.org,Middle East,Multi-lateral high-level open architecture,Toys,4,0.2,761.99
2c6b2108-ba9b-419a-b772-d3a31b72ea6c,2025-05-01 08:34:09.000000,Austin Garcia,wlynn@example.org,North America,Fundamental contextually-based neural-net,Electronics,5,0.1,1096.04
d14a3950-36e7-4939-a2d7-60779e8fa807,2025-06-11 19:31:30.000000,William Oconnor,fconner@example.net,Europe,Re-contextualized actuating infrastructure,Clothing,9,0.2,2796.77
6d1eb9b4-cc7e-46de-bcf7-526e18edc1e6,2025-07-03 10:33:32.000000,Garrett Gibson,kathleen64@example.com,Europe,User-friendly tangible synergy,Clothing,1,0.2,201.85
041c4ba3-0bb9-4921-913b-e62ed9ffcacd,2025-11-15 03:47:18.000000,Dr. Ashley James MD,victoria40@example.net,Latin America,Open-architected asynchronous artificial intelligence,Other,6,0.0,1144.56
2651daa3-d8bb-4c4e-b3e6-270444087b43,2026-01-13 11:09:03.000000,Tammy Long,louis43@example.org,Asia,Streamlined national conglomeration,Home & Garden,6,0.1,2497.61
1bee4909-cd68-411c-a4b0-190ddd40111a,2025-02-26 04:12:35.000000,Katherine Cummings,umurray@example.com,Middle East,Upgradable disintermediate protocol,Toys,5,0.3,1446.84
164e9cd4-cade-4865-850e-f346f34c8c78,2024-08-17 07:48:42.000000,Scott Brown,jim95@example.net,Europe,Organized attitude-oriented implementation,Clothing,6,0.0,2051.71
74e5e611-2d65-47a1-9a96-8960c6bdce43,2025-05-14 10:09:32.000000,Melissa Abbott,jamie98@example.org,Europe,Decentralized tangible model,Clothing,5,0.0,1944.96
ff62499a-f2ae-4fce-877a-71fc9d9fbeb3,2024-10-23 18:16:55.000000,Kimberly May,timothy64@example.com,Asia,Horizontal maximized product,Electronics,7,0.0,1493.1
790f2b45-8612-444f-977b-ee96b232398b,2025-09-30 02:37:55.000000,Patrick Thornton,qhughes@example.net,Latin America,Front-line next generation Internet solution,Toys,8,0.1,908.85
d5bccd83-bb85-4c91-9ae5-fbbc0f657cc9,2024-10-31 05:37:29.000000,Matthew Foster,shannonjordan@example.org,North America,Operative responsive pricing structure,Sports,5,0.2,172.12
458cf41d-01b8-447e-ba5f-1d32c1fcdfc3,2025-04-27 09:03:35.000000,Susan Davis,amandasharp@example.org,Middle East,Multi-layered high-level initiative,Electronics,5,0.0,2192.26
83a64431-d83e-4704-bc29-9c682138fe3c,2025-09-03 03:43:49.000000,Corey Rodriguez,jessicawong@example.net,Latin America,,,8,0.2,0.0
592b4112-c459-4083-9b40-87978ecc4bd9,2025-05-29 09:12:51.000000,David Morris,oscar85@example.com,Latin America,Multi-lateral high-level open architecture,Toys,7,0.1,1575.94
ef678fc8-2308-461b-a3e3-2e4229ac92f0,2025-04-04 00:04:43.000000,Peter Vaughn DDS,bwest@example.org,North America,Expanded intangible standardization,Clothing,2,0.1,146.49
cf344c15-e9b3-489c-8f21-09f18eb232b8,2026-03-15 14:50:39.000000,Anna Chang,smithdevon@example.net,Asia,Synergized zero-defect conglomeration,Clothing,1,0.2,254.77
f49eaaa3-0ef1-47f7-aa84-6c2c6d9b5aa8,2025-03-30 00:03:52.000000,Kevin Warren,vharrell@example.com,Middle East,Synergistic demand-driven implementation,Clothing,9,0.2,3720.28
81a603db-9564-47bd-85de-72fbdd315c0b,2025-06-08 17:29:58.000000,Raymond Jefferson,hoganashlee@example.org,Asia,Synergistic demand-driven implementation,Clothing,7,0.1,3238.02
89f653a9-7324-42bb-8119-2634cad3e250,2025-06-29 11:00:54.000000,Manuel Mccullough,todd59@example.net,Latin America,Organic zero-defect hierarchy,Electronics,10,0.0,4624.62
2ae72b5d-dcd2-4fd4-8c74-5676478fcedd,2024-11-05 08:22:19.000000,Elizabeth Price,vmedina@example.net,Europe,Up-sized foreground toolset,Toys,10,0.2,1708.98
829d03f5-567f-4e50-b4c3-13eb7e225d5c,2025-04-08 23:14:10.000000,Justin Riley,michelle52@example.com,Middle East,Multi-lateral high-level open architecture,Toys,4,0.1,920.33
bb9e88f8-56eb-483a-a1d6-0cf18a95e0d8,2025-10-20 22:53:03.000000,Brian Harris,mserrano@example.org,Middle East,Horizontal maximized product,Electronics,6,0.2,959.85
cbee2346-5d1c-453e-b6eb-cacf6c05df93,2026-05-25 05:59:14.000000,Austin Vasquez,hernandezlisa@example.com,Latin America,Optimized mission-critical moratorium,Home & Garden,9,0.2,1937.99
d7718c05-b671-41b2-89a0-a9ef513c5c4d,2025-11-09 15:00:23.000000,Margaret Alvarez,william28@example.org,Asia,,,3,0.2,0.0
20ff622c-8085-4d53-ad82-ab6a49bc819e,2025-03-14 12:51:03.000000,Randall Greene,jennifer11@example.net,Europe,Team-oriented cohesive approach,Sports,4,0.2,774.48
1e605b15-e915-48f9-9d48-2c49f53fd2d3,2024-09-23 10:36:05.000000,Andrew Stewart,carl95@example.org,North America,Multi-lateral contextually-based methodology,Sports,2,0.2,418.65
fc424352-6d98-4038-b174-429ccffa9e4d,2025-04-05 02:12:20.000000,Jennifer Mitchell,zhenderson@example.org,Latin America,Multi-tiered dedicated circuit,Electronics,8,0.0,1794.82
d9dbff58-eebd-442d-a2d9-1b18068055f3,2024-07-25 20:25:52.000000,Marilyn Mack,russellbeasley@example.com,Asia,,,4,0.1,0.0
27ebe3a5-0af9-4a16-8a16-4306e1eadd41,2026-04-04 15:05:22.000000,Vanessa Hatfield,david96@example.com,Europe,Multi-lateral contextually-based methodology,Sports,3,0.3,544.75
3ac5524f-a3a0-41e8-9f5c-65534e8d2654,2025-10-19 09:47:24.000000,Angela Schultz,rebeccabailey@example.net,North America,Synergistic demand-driven implementation,Clothing,1,0.1,457.65
129f9fa5-3b6a-48cf-a0df-542da5b813c2,2025-01-20 14:59:36.000000,Lisa Goodwin,pyoung@example.com,North America,Multi-lateral high-level open architecture,Toys,10,0.3,1830.76
d368c594-e09b-4f17-a484-be3e2191990c,2026-06-06 21:39:43.000000,Elizabeth Molina,howardshaun@example.net,Asia,Team-oriented cohesive approach,Sports,8,0.1,1733.36
cc9fb7d4-1da0-46ad-93bb-447ffdbf4aa4,2025-03-31 04:27:54.000000,David Charles,danderson@example.net,Middle East,Intuitive system-worthy access,Clothing,1,0.2,17.38
3556071b-11b9-41b1-913f-9d0fde550a06,2024-07-25 07:36:31.000000,Garrett Meyer,frazierjennifer@example.com,Latin America,Front-line encompassing leverage,Toys,7,0.3,545.45
08a66a64-7b03-461b-9705-a33e52f02148,2025-08-30 06:35:41.000000,Maria Burke,walkercharlene@example.com,Middle East,Team-oriented cohesive approach,Sports,1,0.2,193.62
6cf98cc8-a20c-4fea-a227-ac14343f5341,2025-09-25 11:54:39.000000,Sandra Drake,sandersjudy@example.com,Asia,Organized contextually-based orchestration,Electronics,8,0.1,2724.14
19b1cec8-ae97-4869-aea1-51aabcf7bbc2,2025-02-26 12:14:17.000000,Jennifer Hayes,bhamilton@example.com,Middle East,Profound mobile time-frame,Clothing,6,0.1,1067.58
85123413-d9e3-43be-88cc-02e84da29b5e,2025-09-01 14:36:42.000000,Shannon Davis,hallrachel@example.net,Latin America,Horizontal heuristic Graphic Interface,Electronics,10,0.1,684.64
9620818d-62c5-4829-a210-b7349dedb853,2025-11-14 12:42:58.000000,Garrett Meyer,frazierjennifer@example.com,Latin America,Open-architected asynchronous artificial intelligence,Other,4,0.1,714.85
24e1ed79-7d99-4386-b77c-1be6febee6a6,2025-08-13 00:42:40.000000,William Barry,reynoldsdesiree@example.net,Latin America,Decentralized tangible model,Clothing,10,0.2,3039.0
fd8efc60-b0bb-49d9-99b0-0417f68d6979,2026-07-18 12:15:42.000000,Tamara Richard,brian29@example.net,North America,Team-oriented cohesive approach,Sports,3,0.2,525.54
e61c4368-72f1-4318-ac4e-77f738da98b0,2025-11-28 00:19:18.000000,Sean Osborne,lozanojulie@example.com,Middle East,Organized contextually-based orchestration,Electronics,6,0.1,2090.08
f30fa5b6-b828-4725-b0e9-8f08c9f09bd6,2025-03-05 07:30:44.000000,Shannon Johnston,amckinney@example.com,Middle East,Cross-platform uniform flexibility,Toys,5,0.3,867.24
83eb9e95-d891-4c36-9dc5-734521366a4d,2026-02-14 19:03:04.000000,William Oconnor,fconner@example.net,Europe,Down-sized scalable workforce,Home & Garden,4,0.2,893.92
5e6bed7a-eb53-4282-aaee-f929b424a7a0,2025-03-01 14:52:27.000000,Steve Newton,josephjacobs@example.net,Europe,Function-based grid-enabled adapter,Clothing,1,0.1,127.25
11d0dc7a-f56c-4ffa-b31f-bee0358ae854,2025-09-02 09:55:12.000000,Mitchell Jackson,cbell@example.net,Middle East,Re-contextualized actuating infrastructure,Clothing,7,0.0,2594.59
2c4176f7-d045-417e-8e2d-b21537eb9827,2026-01-21 13:45:51.000000,Daniel Bernard,vhernandez@example.net,Latin America,User-friendly tangible synergy,Clothing,8,0.3,1455.33
1b19b829-d0fc-4577-8ec7-56748b19f320,2026-02-13 11:19:06.000000,Belinda Mccullough,elizabeth56@example.net,Middle East,Multi-lateral high-level open architecture,Toys,5,0.1,1113.3
101b3c72-d61a-4a69-b0bf-9bd2223bda76,2024-10-27 02:05:57.000000,Elizabeth Walker,smithkevin@example.org,Latin America,Re-contextualized actuating infrastructure,Clothing,1,0.1,321.98
e0f02008-24a9-44d7-9b48-c6fb333f117b,2026-05-05 08:16:19.000000,Katherine Davis,ricky51@example.org,Asia,,,10,0.2,0.0
4e0bec8f-a07d-4d6c-81d0-468ca528698b,2025-11-17 17:15:00.000000,Robert Garcia,nicole26@example.org,Middle East,Profound mobile time-frame,Clothing,4,0.2,593.1
bd00ff19-608d-4135-8f19-9b9217b4e6d0,2024-07-27 07:03:13.000000,Dylan Cruz,kwright@example.com,Middle East,Re-contextualized actuating infrastructure,Clothing,1,0.2,288.29
3ea7d639-8503-43b7-9700-7953e2aef508,2025-06-08 14:48:09.000000,Maurice Gray,christinaturner@example.net,North America,Upgradable disintermediate protocol,Toys,3,0.0,1169.53
0633a286-5852-42b1-b693-5d1f8d80c2fe,2025-09-07 14:32:45.000000,Jeffrey Colon,kevinmorrison@example.net,Latin America,Front-line next generation Internet solution,Toys,8,0.0,1014.53
676e34be-78be-4228-8455-da792a4150de,2025-08-27 20:42:07.000000,David Beck,thomas85@example.com,Middle East,Multi-lateral high-level open architecture,Toys,5,0.3,915.38
74be3766-aa47-4fc8-964b-a766b4c7573a,2024-12-05 10:12:15.000000,Phillip Bennett,molly39@example.com,Latin America,,,7,0.1,0.0
599f5901-e65c-4d51-ae40-1311c973c84e,2025-07-28 21:06:50.000000,Jason Washington,wardsheryl@example.net,Latin America,Decentralized tangible model,Clothing,4,0.3,1199.39
bf30070d-42a5-4f9b-9223-26bb76d9d64d,2025-04-29 02:05:08.000000,Jeffrey Chavez,parkerjudith@example.net,Latin America,Synergized zero-defect conglomeration,Clothing,10,0.2,2717.6
7bdc80ac-4400-492c-a0b3-35c78fe1f050,2024-11-03 08:47:29.000000,Tamara Powell,jeffreymercer@example.org,Europe,Expanded composite infrastructure,Home & Garden,3,0.1,610.43
923b6567-dcdc-414f-a79e-04e761003856,2024-08-15 09:14:17.000000,Sarah Davis,brettbennett@example.net,Latin America,Multi-lateral high-level open architecture,Toys,3,0.1,690.25
1719944c-9e5d-431a-a477-536f534fa89b,2025-08-21 20:10:23.000000,Amy Dunlap,dalepruitt@example.com,Latin America,Multi-layered high-level initiative,Electronics,10,0.2,3534.46
ab76faa9-dad9-4c71-8688-599bd111277c,2026-02-17 05:49:31.000000,Sarah Wagner,rebecca01@example.net,Asia,Business-focused 4thgeneration throughput,Sports,2,0.1,671.23
a85d938b-e64f-4ec0-a1e5-cdd9741d60f6,2025-09-24 03:21:28.000000,Gail Barron,matthewvalenzuela@example.com,Europe,Expanded intangible standardization,Clothing,9,0.0,711.07
647a96e9-1a2d-4d7a-bac4-32f83db8014a,2024-08-31 05:34:18.000000,Shawn Odom,roberthill@example.net,Europe,Horizontal maximized product,Electronics,6,0.2,998.24
b7e1cb21-2e80-4748-9e78-c6038ca3c793,2025-06-27 09:20:11.000000,Phillip Obrien,kimberlyjames@example.com,Latin America,Organized attitude-oriented implementation,Clothing,3,0.1,993.8
7801792b-a53a-43d6-9ef5-40d6f5d98936,2024-12-04 08:15:08.000000,Monica Herrera,smiller@example.net,Europe,Devolved responsive model,Sports,3,0.2,716.56
370ebb11-affe-402e-b508-e10c1035ddda,2024-12-22 00:45:24.000000,Emily Rodriguez,hahnsean@example.com,Latin America,Optimized mission-critical moratorium,Home & Garden,9,0.2,2008.89
ba72186e-b79a-4c86-8986-b3e47161c888,2025-01-05 17:59:12.000000,Dean Santiago,john62@example.net,Latin America,Function-based methodical product,Clothing,3,0.0,1201.27
9522496e-a7c8-49be-9082-140aed00e657,2024-12-12 13:50:25.000000,Sarah Davis,brettbennett@example.net,Latin America,Front-line encompassing leverage,Toys,3,0.1,293.79
077e0371-ed14-4bfa-967e-0f37f4e9b38e,2025-03-31 01:33:20.000000,Rachel Leon,troyrodriguez@example.com,Asia,Re-contextualized actuating infrastructure,Clothing,10,0.2,2882.88
939f3536-27ba-43dd-ac2b-d5a32e89bdbd,2025-10-04 07:05:26.000000,Shawn Odom,roberthill@example.net,Europe,Cross-platform uniform flexibility,Toys,8,0.0,1805.76
bdb1d20f-36cf-48af-9d64-22cee8de4479,2025-06-05 22:54:18.000000,Jason Stein,gateskathy@example.com,North America,Upgradable disintermediate protocol,Toys,4,0.0,1527.22
19ceafee-f491-4ab0-abd3-46cbe1add4fa,2026-02-10 04:15:34.000000,Melissa Abbott,jamie98@example.org,Europe,Cross-platform asymmetric leverage,Electronics,1,0.0,196.49
a841588d-53b3-4daf-8ca5-ac2e6d566dcc,2026-05-15 05:01:30.000000,Jason Marshall,catherine55@example.net,North America,Fundamental contextually-based neural-net,Electronics,1,0.1,212.21
4d9e6b9f-a3ee-485f-934a-fb2395ce2483,2025-01-20 12:12:44.000000,Richard Diaz,brittanygardner@example.net,Latin America,Streamlined national conglomeration,Home & Garden,7,0.2,2600.56
5d1af023-a73f-4524-9339-eb182aa3ed5e,2026-01-17 14:46:35.000000,Tammy Long,louis43@example.org,Asia,Profound mobile time-frame,Clothing,6,0.2,901.51
93ddee65-ca12-43d9-be98-f09df6d2a20d,2026-05-16 15:10:01.000000,Derek Hodge,taylorkaren@example.com,Latin America,Upgradable disintermediate protocol,Toys,7,0.2,2166.24
51f8deb6-3404-47f4-8a48-28afe4ff5eec,2025-09-25 19:19:54.000000,Jeffrey Colon,kevinmorrison@example.net,Latin America,,,3,0.2,0.0
6af9e1cd-444b-4490-8edd-1cfdf08fecf7,2024-10-23 20:56:42.000000,Shannon Davis,hallrachel@example.net,Latin America,Fundamental contextually-based neural-net,Electronics,1,0.1,219.21
7688f76e-a504-4e5a-b98b-94597d35de60,2026-02-13 12:36:00.000000,Justin Bishop,scottbowen@example.net,Middle East,Re-contextualized actuating infrastructure,Clothing,5,0.0,1815.84
38079a8e-7e3b-4b35-a1eb-ef9cbe60808d,2024-11-23 11:30:36.000000,Leah Vincent,stevendixon@example.com,Latin America,,,7,0.1,0.0
3f444245-4a33-4325-a4a1-0253cee8efcf,2024-08-05 04:24:45.000000,Patricia Baker,katiebutler@example.net,North America,Optimized mission-critical moratorium,Home & Garden,6,0.2,1339.26
dd8d0747-42d3-41aa-9526-db8e922febcf,2025-02-03 04:45:03.000000,Maria Burke,walkercharlene@example.com,Middle East,Optimized mission-critical moratorium,Home & Garden,4,0.1,913.85
c661e011-f3fc-4192-8f8e-31a393de2da0,2025-08-11 21:21:46.000000,Kevin Snyder,jessicapayne@example.org,Middle East,Cross-platform asymmetric leverage,Electronics,3,0.1,523.3
1dd18fcf-b99b-4d2d-b72a-69289c7871de,2024-12-08 03:48:31.000000,Jessica Forbes DVM,erik41@example.net,Middle East,Cross-platform asymmetric leverage,Electronics,3,0.2,487.22
d32a9e06-9a86-440e-b263-3c6ae4ad77b0,2026-05-10 14:36:04.000000,Trevor Peterson,ilee@example.org,Middle East,Function-based methodical product,Clothing,4,0.0,1618.56
00b02a82-7054-4f5f-950f-5effdc5136e4,2024-12-13 01:53:16.000000,Kimberly Lutz,jvaldez@example.com,Asia,,,8,0.1,0.0
11e3d175-70ad-4070-aca0-ed97922fe35d,2024-11-23 21:21:02.000000,Lauren Robles,carlsonjoseph@example.net,North America,Decentralized grid-enabled service-desk,Electronics,8,0.1,2560.35
86e979fe-c27e-409a-b7f0-5674988ca047,2026-06-28 07:46:46.000000,Edward Novak,adkinsbrian@example.net,Asia,Cross-platform uniform flexibility,Toys,3,0.3,520.34
36d83fad-1ccd-4878-b800-f5407f6953af,2025-08-05 20:08:56.000000,Christopher Mullen,johnsjessica@example.com,Asia,Synergistic demand-driven implementation,Clothing,5,0.1,2189.85
53ae322e-d147-4235-a537-cd52b53a2800,2024-11-05 09:25:17.000000,Travis Johnson,erikarush@example.com,Europe,Decentralized grid-enabled service-desk,Electronics,7,0.3,1837.56
f2203acf-8eed-4d34-b384-3346945f4281,2026-07-01 16:15:34.000000,Christine Poole,elucas@example.net,Asia,Multi-lateral high-level open architecture,Toys,2,0.2,405.74
263490a1-2173-4acd-be37-07dc84d992ec,2024-08-11 19:12:02.000000,Susan Wilson,jane39@example.com,Europe,Horizontal heuristic Graphic Interface,Electronics,9,0.1,602.17
f8da93c8-c0b4-483a-acdb-425ccff440eb,2024-10-05 13:00:23.000000,Robert Clarke,zbell@example.net,Latin America,Exclusive object-oriented orchestration,Other,2,0.1,254.72
65aa6c06-5d43-4dc2-8b11-5be6227cc456,2026-02-07 09:06:45.000000,Sarah Phelps,ofinley@example.net,Europe,Advanced context-sensitive instruction set,Toys,9,0.0,2580.39
0de5fd7b-dcec-4307-b9e2-4cc0ca63d3d0,2025-09-19 14:51:35.000000,David Charles,danderson@example.net,Middle East,Front-line encompassing leverage,Toys,9,0.1,871.88
e224a224-09a3-457e-ac5b-2eb0303da252,2024-08-24 12:40:51.000000,Shannon Smith,maldonadoamanda@example.com,North America,Horizontal heuristic Graphic Interface,Electronics,4,0.2,252.07
7d2b8714-8de0-452a-82d0-af1f43eb756f,2025-11-04 03:15:07.000000,Marcus Winters,megan90@example.org,Europe,Optimized mission-critical moratorium,Home & Garden,8,0.1,1848.7
dd16663a-8183-4bc0-80e2-cd0484c48ac0,2025-10-05 21:14:37.000000,Lucas Allen,qlopez@example.org,Latin America,User-centric coherent leverage,Sports,6,0.0,1982.15
35e8f24a-af00-4b94-996c-925270390356,2026-01-10 12:11:46.000000,Rachel Shields,carterpaul@example.org,Latin America,Operative responsive pricing structure,Sports,2,0.3,59.13
2f45a112-5b7c-4988-83ab-6df5aad74fe0,2025-01-20 21:58:35.000000,Joseph Martinez,calebsmith@example.net,North America,Organic zero-defect hierarchy,Electronics,9,0.2,3312.74
ec9f1803-64f3-480f-88f5-1390a32e6cb4,2024-09-06 06:41:10.000000,Keith Flynn,kellyhill@example.net,North America,Horizontal heuristic Graphic Interface,Electronics,2,0.3,108.92
c027c505-ec2c-4148-967d-a117cc771505,2026-03-26 20:42:49.000000,Phillip Obrien,kimberlyjames@example.com,Latin America,Team-oriented cohesive approach,Sports,6,0.2,1106.4
0a5a2180-c4c0-4af1-9048-c8afff5f274a,2024-12-24 21:14:43.000000,Heidi Stark,brownamy@example.net,Latin America,User-friendly tangible synergy,Clothing,5,0.0,1196.16
4d56a834-fa5d-4ae7-8733-8a26047032f6,2025-01-20 12:29:49.000000,Margaret Alvarez,william28@example.org,Asia,Multi-layered high-level initiative,Electronics,2,0.2,724.79
14fe9960-a539-4212-a34a-35ebec2be308,2026-04-14 18:22:56.000000,Frederick Solis,xcollier@example.org,Europe,Function-based methodical product,Clothing,4,0.0,1669.14
58cd9df3-1100-44b8-b5d0-a2af1c06efa6,2026-04-30 16:44:29.000000,Samantha Richardson,wolfscott@example.org,North America,Multi-layered high-level initiative,Electronics,7,0.2,2380.17
35c5edf0-f43f-447a-a9ba-adccdf2ff029,2026-05-29 07:09:48.000000,Alexandra Baxter,davidsmith@example.net,Middle East,Front-line encompassing leverage,Toys,7,0.2,619.16
edb49f8d-e606-432f-920d-5830ba5b70e7,2026-05-25 20:52:41.000000,Kenneth Lewis,gwalker@example.com,Middle East,Organized contextually-based orchestration,Electronics,1,0.3,273.98
2632fa9d-c768-4db9-85d8-e14617f42764,2025-12-02 08:31:26.000000,John Torres,gbender@example.net,North America,Profit-focused grid-enabled infrastructure,Toys,5,0.2,679.38
ed46d087-c77a-4ed5-aadf-f94193c29f31,2026-02-07 19:37:18.000000,Jacob Santos,brooksdanielle@example.net,Europe,Decentralized tangible model,Clothing,4,0.1,1393.89
32e72520-4d83-4055-97ac-720e0626d3be,2025-07-27 05:45:54.000000,Stephen Fox,mayokimberly@example.com,North America,Decentralized grid-enabled service-desk,Electronics,6,0.2,1747.66
bc23db22-de2b-4f8c-a75c-77c046f58ae6,2025-08-22 04:36:51.000000,Marcus Winters,megan90@example.org,Europe,Exclusive object-oriented orchestration,Other,5,0.2,593.86
6a63bd5b-9398-4a02-8141-f1aee9622f9d,2025-07-21 03:01:04.000000,Lucas Allen,qlopez@example.org,Latin America,Profound mobile time-frame,Clothing,3,0.2,474.48
97eea179-afd0-43d6-b5dd-e53415286855,2025-08-13 05:56:43.000000,Karen Romero,heatherthompson@example.org,Asia,Upgradable disintermediate protocol,Toys,10,0.2,3375.96
1d7bca5c-f7a8-4bc5-9bd3-947617ca35a2,2024-11-10 18:12:31.000000,Kevin Warren,vharrell@example.com,Middle East,Open-architected asynchronous artificial intelligence,Other,4,0.1,746.98
26a3761b-a21f-46b2-8c65-057665d77fc8,2026-02-09 08:41:30.000000,Rebecca Henderson,cruzcaitlin@example.com,North America,Multi-lateral high-level open architecture,Toys,8,0.1,1820.86
284baa23-350e-4c9a-9d95-505626db89dc,2024-10-20 16:56:16.000000,Brian Simmons,jose86@example.net,Middle East,Horizontal heuristic Graphic Interface,Electronics,5,0.2,330.65
b34d8b83-ec8a-4209-afd1-3425dde2134c,2025-07-13 13:13:48.000000,Michael Harris,maryscott@example.net,Asia,Function-based methodical product,Clothing,1,0.3,299.26
a901bdb8-c0ae-40f3-b770-014d68fd1179,2024-11-06 10:46:04.000000,Erin Anderson,lucasrodney@example.com,North America,Front-line next generation Internet solution,Toys,2,0.2,198.15
c578f4f4-9b18-476a-9d7b-83630db26722,2026-02-20 10:37:21.000000,Hannah Bruce,lisamccarthy@example.com,Middle East,,,4,0.3,0.0
1cda8918-1dad-4807-96d8-3599ac6669e6,2025-05-14 03:37:42.000000,Nicholas Edwards,elizabeth52@example.net,Middle East,Decentralized grid-enabled service-desk,Electronics,3,0.3,776.74
e9cd1072-2127-430e-9ac0-dff367171ab7,2024-12-08 08:24:15.000000,Nicholas Costa,ysnyder@example.com,Europe,Organized attitude-oriented implementation,Clothing,9,0.1,2853.16
b8bf6903-9e15-4062-9ef7-06290ab6c155,2024-08-14 18:45:52.000000,Denise Colon,hreid@example.net,Middle East,Function-based methodical product,Clothing,7,0.2,2448.92
57cad887-b916-4c61-a2d0-0779724d3c00,2025-12-16 23:05:36.000000,Erin Anderson,lucasrodney@example.com,North America,Intuitive system-worthy access,Clothing,4,0.0,83.6
c28c36b8-8776-475f-acef-93a2be19b37a,2025-06-25 21:55:34.000000,Craig Hall,victorpena@example.net,Latin America,Organic zero-defect hierarchy,Electronics,2,0.2,726.73
ecec73f2-32ac-4022-bfa9-16f9eeb1ecb9,2025-11-16 20:51:33.000000,Kayla Jackson,sandra99@example.org,Asia,Synergized zero-defect conglomeration,Clothing,7,0.1,2092.55
097a575d-36ce-4d27-bacc-5ea6bf2c857e,2025-03-06 01:06:37.000000,Paul Finley,brandi90@example.com,North America,Front-line encompassing leverage,Toys,7,0.1,633.91
615a443c-6e73-499b-b144-0c359266facc,2025-04-08 23:45:19.000000,Brian Cox DVM,john39@example.org,Europe,Up-sized foreground toolset,Toys,6,0.0,1262.02
a90bdc3a-036e-46cb-8941-069b3559d3c6,2024-12-06 21:33:29.000000,William Huerta,lauren10@example.org,North America,Streamlined national conglomeration,Home & Garden,8,0.3,2578.18
aa46dd26-e07a-479d-a68f-75ac74916018,2026-04-12 02:44:59.000000,Timothy Flores,vewing@example.com,Europe,Operative responsive pricing structure,Sports,4,0.1,142.56
1a8777b0-855f-4748-86d2-73f94d2cd22d,2024-11-14 05:07:13.000000,Elizabeth Molina,howardshaun@example.net,Asia,Cross-platform uniform flexibility,Toys,5,0.1,1104.84
2d17534a-4834-49b1-88f5-d39ec3ad1a08,2024-10-07 00:28:02.000000,Jeffrey Howell,watsonmatthew@example.org,Europe,Multi-lateral contextually-based methodology,Sports,6,0.0,1437.54
ca32c1eb-05d0-4902-88d1-be771710d2f5,2025-09-27 16:51:45.000000,Lucas Allen,qlopez@example.org,Latin America,Operative responsive pricing structure,Sports,7,0.3,209.79
865a5dcd-a016-450a-a510-8b6faedbd272,2024-11-07 04:57:53.000000,David Charles,danderson@example.net,Middle East,Intuitive system-worthy access,Clothing,2,0.2,33.44
023ced0d-dc1e-49f4-964f-d4adec0389c1,2025-10-11 17:12:27.000000,Monica Herrera,smiller@example.net,Europe,Front-line encompassing leverage,Toys,9,0.1,824.5
227763f8-fb63-4b0b-939e-a196aa386ce6,2024-11-14 14:22:19.000000,Casey Obrien,michele28@example.org,Middle East,Intuitive system-worthy access,Clothing,3,0.3,46.2
20f985d8-6025-4f7c-8966-055e98a8a428,2024-08-03 06:49:36.000000,Brandon Hall,hoffmanjennifer@example.net,North America,Exclusive object-oriented orchestration,Other,3,0.0,425.01
31934d22-9766-41ee-92bf-bcf2d709acc3,2026-01-16 04:23:29.000000,Sara Haas,wagnergerald@example.org,Asia,Re-contextualized actuating infrastructure,Clothing,6,0.2,1797.12
f7b9a2e2-fe9b-42d5-9de1-d542d8ccacd5,2025-04-18 19:47:41.000000,Michael Smith,michaeljones@example.net,Latin America,Profit-focused grid-enabled infrastructure,Toys,3,0.3,381.5
ca7d60a1-d6f3-4b49-a168-2935b8b91656,2024-09-10 06:26:19.000000,Alan Kramer,john19@example.net,Middle East,Synergistic demand-driven implementation,Clothing,1,0.3,344.47
a7b85447-bc69-45e7-bdfb-0e2fcf7a9bd5,2024-07-21 22:49:26.000000,Sarah Rivera,wilsontara@example.org,Asia,Profit-focused grid-enabled infrastructure,Toys,10,0.0,1742.0
b7365e1b-36f1-474d-ae42-6792ce2c36df,2025-12-21 00:38:29.000000,Christopher Mullen,johnsjessica@example.com,Asia,Multi-layered high-level initiative,Electronics,3,0.3,979.81
20d1eef1-5861-419d-98a0-be4c91a17855,2026-03-18 05:28:29.000000,Kristina Pena,xclements@example.org,Europe,Streamlined national conglomeration,Home & Garden,2,0.1,823.58
d2d07acf-7f1e-4dcc-955d-8f95b1ceb8e6,2024-08-03 06:20:07.000000,Sara Haas,wagnergerald@example.org,Asia,Mandatory discrete functionalities,Toys,9,0.0,4177.15
f808e17a-3a96-47f5-98e0-0183c6bfb986,2025-07-08 10:00:10.000000,Tiffany Townsend,matthewsalexander@example.org,Asia,User-centric coherent leverage,Sports,3,0.0,991.07
30d569ed-4684-4c73-a452-2ef61e5fde58,2025-06-15 05:08:40.000000,Melissa Abbott,jamie98@example.org,Europe,Front-line next generation Internet solution,Toys,3,0.2,321.0
539e9c1f-8cb8-4f5d-9be8-7a2aef6739d2,2025-09-13 03:23:17.000000,John Shields,franciscojones@example.org,Asia,Horizontal heuristic Graphic Interface,Electronics,2,0.2,132.26
c337ed45-4e93-453a-a32a-992b5ddf6f80,2026-07-08 16:45:50.000000,Tracy Torres,pwilson@example.net,North America,Down-sized contextually-based adapter,Sports,5,0.0,1354.82
06ec3c00-d8a9-406f-b646-7544215d8b1e,2025-02-07 10:33:06.000000,Amy Manning,christinenorman@example.com,North America,Up-sized foreground toolset,Toys,3,0.2,519.27
be1e0254-e35a-4c0c-932f-dba1f106f955,2026-03-17 16:27:59.000000,James Howard,huffmannichole@example.net,North America,Function-based grid-enabled adapter,Clothing,6,0.3,616.0
fd77319f-240e-48ce-8690-b4f327facb5d,2025-07-30 06:09:45.000000,Christopher Schwartz,jenniferwilliams@example.com,Latin America,User-centric coherent leverage,Sports,7,0.1,2052.94
1f8452fb-6c26-4326-8dc6-d899ee209e85,2025-04-28 00:38:37.000000,Linda Rich,davisdonna@example.net,Europe,Cross-platform uniform flexibility,Toys,5,0.2,950.4
3b162773-7ab4-47d6-a975-cef79d3f904a,2025-09-27 00:51:52.000000,Connor King,courtneyberger@example.net,Latin America,Cross-platform uniform flexibility,Toys,8,0.0,1824.77
2a9608bd-0f70-4894-8726-78ac7eaef452,2025-10-29 07:11:47.000000,Marc Lynch,mezajared@example.org,Asia,Profit-focused grid-enabled infrastructure,Toys,2,0.0,341.43
b805f666-716f-44f5-8fbf-ae319e929f50,2026-02-01 10:24:07.000000,Jennifer Hayes,bhamilton@example.com,Middle East,Cross-platform fresh-thinking hierarchy,Toys,3,0.0,1240.82
6d1b5e96-6e64-4ec8-95db-0b31f6c84ff5,2026-05-21 11:57:39.000000,Amy Shannon,ajohnson@example.org,North America,Fundamental contextually-based neural-net,Electronics,3,0.2,545.69
3a6b65aa-698f-4072-85ba-b8a1973f7fd5,2024-10-29 22:55:35.000000,Charles Gonzalez,kathleenrios@example.org,Asia,Business-focused 4thgeneration throughput,Sports,6,0.2,1729.15
87f2b581-4809-4026-9c29-aca720612cdd,2025-12-07 22:25:02.000000,Beth Cline,dustinmorris@example.org,North America,Cross-platform uniform flexibility,Toys,8,0.1,1653.7
57a6e460-1b66-43d3-a6af-cce9f1f58294,2025-03-26 02:29:06.000000,Lisa Allen,kcaldwell@example.org,Latin America,Robust secondary infrastructure,Toys,9,0.2,1378.73
2899e850-dd32-4854-b3f2-33b742d4f31c,2026-04-24 22:29:20.000000,Trevor Peterson,ilee@example.org,Middle East,Upgradable disintermediate protocol,Toys,4,0.3,1173.55
a45ccc55-a1b9-4e07-af38-0794e0eb16f1,2024-07-26 21:02:10.000000,William Johnson,jbond@example.net,Asia,Profit-focused grid-enabled infrastructure,Toys,6,0.0,992.94
ddcff347-b5d8-4cae-b381-e8b038ca4da7,2025-02-27 17:03:49.000000,Jennifer Pena,charlesharrington@example.com,Asia,Innovative eco-centric open architecture,Toys,2,0.0,452.43
1febfdaf-0f03-4aaf-bfec-2bfa084a4052,2024-08-03 02:04:39.000000,Kimberly Edwards,jamesweber@example.com,Asia,Front-line next generation Internet solution,Toys,7,0.1,869.22
e7b4638b-e871-490e-9cf9-cefa9dbb2aeb,2025-05-31 23:35:43.000000,Juan Brown,warnerchristopher@example.com,Europe,Decentralized grid-enabled service-desk,Electronics,1,0.2,273.3
ea0970c6-907e-4f2d-bf13-387af4e30570,2026-03-09 20:01:44.000000,Joshua Davis,nicolealvarado@example.com,North America,Devolved responsive model,Sports,8,0.0,2382.34
6c561f78-5e5a-490a-b393-c675a3cc77c1,2026-06-14 15:18:04.000000,Lucas Allen,qlopez@example.org,Latin America,Expanded composite infrastructure,Home & Garden,7,0.2,1252.16
c743eed3-ad54-4be9-9712-4b5a715c2507,2025-04-17 07:34:15.000000,Edwin Matthews,cgrimes@example.net,Latin America,Re-engineered clear-thinking application,Clothing,3,0.3,708.86
d7eff6da-6cd7-42a3-88f8-9e305f3969ad,2024-12-01 23:05:19.000000,Justin Nelson,gilbertbrenda@example.org,Middle East,Intuitive system-worthy access,Clothing,8,0.3,130.24
7ac53288-4053-474e-bf00-3f8af21dfe36,2026-05-05 15:56:48.000000,Amy Parsons,mjohnson@example.org,Europe,Front-line encompassing leverage,Toys,1,0.3,76.87
cf61ea35-d636-4272-a309-33ad1b3eaba1,2025-02-01 00:37:00.000000,Karen Strickland,hayesjeffrey@example.net,Latin America,Horizontal heuristic Graphic Interface,Electronics,10,0.2,661.3
1c4dacfd-00b3-4bda-af26-bd7c7634fa48,2024-08-24 06:18:19.000000,Kevin Warren,vharrell@example.com,Middle East,Multi-layered high-level initiative,Electronics,3,0.1,1167.71
09ea3c35-1f65-406e-83a1-7facc89a0cbd,2024-12-28 22:37:57.000000,Brett Thompson,phelpsmichael@example.net,Europe,Mandatory discrete functionalities,Toys,6,0.1,2557.44
bc9742d3-e955-4593-8e5c-5b2006d23bde,2026-03-28 13:36:37.000000,Paul Larsen,katie87@example.net,Middle East,Exclusive object-oriented orchestration,Other,9,0.1,1210.63
19b251ca-3ad7-42dc-8dc8-ad97699e5dc9,2025-07-04 23:49:17.000000,Michael Martinez,mccannangela@example.net,Europe,Up-sized foreground toolset,Toys,9,0.1,1814.15
f1762fbd-c371-44e3-86b3-138a660d2992,2024-09-28 21:08:36.000000,Brent Brooks,angela52@example.org,North America,Profound mobile time-frame,Clothing,10,0.2,1621.14
842aebac-6c7e-40ad-a970-99127d2e11bd,2024-08-23 02:20:25.000000,Tiffany Townsend,matthewsalexander@example.org,Asia,Multi-layered high-level initiative,Electronics,7,0.2,2411.49
72a07a9c-5dc2-48d3-ab91-dd71ba0d24f5,2024-10-12 09:54:11.000000,Jessica Forbes DVM,erik41@example.net,Middle East,Horizontal maximized product,Electronics,5,0.2,895.86
8224153c-320b-4ab7-959d-880c76a5025c,2024-08-22 23:07:08.000000,Mercedes Barnes,huntchristine@example.com,North America,Decentralized tangible model,Clothing,8,0.2,2431.2
3f1ad220-1a06-4ff0-b3f5-645268992584,2024-08-31 20:14:07.000000,David Garcia,jennifer12@example.org,Europe,Decentralized grid-enabled service-desk,Electronics,10,0.2,2984.68
550714a7-3aac-4179-b66e-58a876421a9f,2024-09-20 21:38:19.000000,Christopher Mullen,johnsjessica@example.com,Asia,Devolved responsive model,Sports,10,0.1,2884.86
dec756ca-d020-44d6-8c3c-83d3f801a8bf,2025-03-01 11:22:13.000000,Brittney Webster,craigjoseph@example.net,Latin America,Advanced context-sensitive instruction set,Toys,1,0.2,226.35
f431f8f1-87db-4211-b84f-e7ef5c726f34,2025-02-20 00:21:54.000000,Stephen Fox,mayokimberly@example.com,North America,Operative responsive pricing structure,Sports,5,0.1,178.2
cd101511-3312-42d1-8cdc-4dcd7df5e219,2025-05-28 03:49:35.000000,Kevin Pacheco,blakeerik@example.com,Asia,Profound mobile time-frame,Clothing,4,0.0,782.89
3251561e-b43d-4643-9d3c-98592ccb87cb,2024-08-09 05:54:13.000000,Victor Brown,daniellegonzales@example.org,Asia,Function-based grid-enabled adapter,Clothing,4,0.1,508.99
2e859607-6f62-4524-90ac-70630476444d,2025-04-18 00:22:30.000000,James Davis,thomasboyle@example.org,Europe,Synergized zero-defect conglomeration,Clothing,2,0.2,516.34
ad2654a4-8733-4652-9c01-ef9d881cf24c,2025-04-22 23:40:43.000000,Shannon Johnston,amckinney@example.com,Middle East,Organized attitude-oriented implementation,Clothing,9,0.3,2308.18
6df2b925-b412-47fb-ad08-55077262c8cb,2025-10-27 01:00:54.000000,Andrew Stewart,carl95@example.org,North America,Horizontal heuristic Graphic Interface,Electronics,5,0.2,299.53
345e2b37-0799-4fbc-bf05-44ca40f6754a,2024-10-22 13:59:49.000000,Amber Glass,zunderwood@example.com,Asia,Synergized zero-defect conglomeration,Clothing,8,0.3,1902.32
32ef5b5d-5571-4909-8166-43b78fae987e,2025-12-24 05:04:29.000000,Richard Walter,alyssa42@example.com,Europe,Organized attitude-oriented implementation,Clothing,9,0.1,2917.28
334b2922-c6e9-49c4-9f46-6896cdbc3b08,2025-11-04 10:23:11.000000,James Elliott,millerroy@example.com,North America,Cross-platform uniform flexibility,Toys,7,0.2,1380.46
cf536189-d294-45a8-a815-eb62670f7921,2026-07-05 03:41:16.000000,Joseph Romero,myerstheodore@example.net,North America,Expanded intangible standardization,Clothing,9,0.2,592.56
4114a2dc-ec06-4d4a-b081-83aef0514b1d,2026-05-03 03:23:56.000000,Danielle Ford,veronica83@example.net,Middle East,Reverse-engineered multi-state knowledge user,Home & Garden,7,0.0,2601.31
6fd2b471-64c4-4c04-a3bf-37c26ffe5a67,2026-04-21 09:12:47.000000,Tammy Long,louis43@example.org,Asia,Cross-platform uniform flexibility,Toys,8,0.0,1881.79
95cc34cd-5a6d-46ba-9434-faeb261f32ea,2024-09-08 18:13:05.000000,Jacob Hunter,alexander67@example.org,Europe,Expanded composite infrastructure,Home & Garden,5,0.0,1062.1
236284b8-d4a8-4c96-bd94-8afd864d3a8d,2026-01-15 06:58:58.000000,Sara Haas,wagnergerald@example.org,Asia,Organic zero-defect hierarchy,Electronics,5,0.1,2076.36
0836b2d1-04db-49aa-b999-d29eda8f55c4,2024-09-03 17:10:02.000000,David Maynard,katherinetaylor@example.org,North America,Multi-lateral high-level open architecture,Toys,4,0.2,771.89
6a3098aa-6729-4b46-8418-dce5fad5ab17,2025-06-16 12:51:41.000000,Kristen Salazar,jonesraymond@example.net,Latin America,Synergistic demand-driven implementation,Clothing,5,0.1,2239.06
54909f0a-f70f-4b81-8f83-90da19a48e55,2025-11-19 20:52:57.000000,Zachary Webb,robert11@example.net,Middle East,Down-sized contextually-based adapter,Sports,9,0.2,1995.27
115c13de-c14d-498e-8662-08b696dd4b80,2026-03-30 13:35:00.000000,Norman Cook,vpham@example.org,Asia,Front-line encompassing leverage,Toys,2,0.3,155.84
96a8df54-726a-4844-8cf2-a69a1dd19a42,2025-08-02 05:01:21.000000,Brandon Hall,hoffmanjennifer@example.net,North America,Cross-platform uniform flexibility,Toys,2,0.2,365.9
a7b4d7c9-bfbf-4315-8507-a453098fd17b,2025-02-10 00:45:23.000000,Don Tucker MD,dramsey@example.org,Asia,Cross-platform asymmetric leverage,Electronics,8,0.1,1443.6
c4ad84e4-8b3b-466c-bc67-593495e78fd0,2025-09-22 18:27:12.000000,Thomas Cohen,rachel90@example.org,Latin America,Business-focused 4thgeneration throughput,Sports,9,0.1,2823.55
901b938f-b703-4e19-920f-65b31164d2e6,2026-03-01 04:38:20.000000,Lisa Allen,kcaldwell@example.org,Latin America,Exclusive object-oriented orchestration,Other,10,0.1,1316.52
a18e1a64-b51f-44b7-9ba0-aa70b32eddf2,2026-01-12 22:19:42.000000,Sarah Rivera,wilsontara@example.org,Asia,Innovative eco-centric open architecture,Toys,2,0.1,406.73
50a6eb22-00c6-4ec8-92fc-bafc4501a390,2025-01-30 14:53:38.000000,Adam Rodriguez,nicoleluna@example.com,Europe,Multi-layered high-level initiative,Electronics,9,0.3,2899.15
cece12fc-09b3-4bbf-8078-53919bdd8ac3,2025-10-21 23:34:30.000000,John Torres,gbender@example.net,North America,Front-line encompassing leverage,Toys,6,0.0,600.21
991228be-d483-464a-a586-88744c3167b6,2026-04-20 05:35:51.000000,Mr. Martin Hernandez,smithsarah@example.net,Europe,Down-sized contextually-based adapter,Sports,9,0.1,2315.5
651ebbd2-e99e-4370-ade4-0cf07f353843,2026-03-21 10:02:03.000000,Willie Dillon,jeffreyjenkins@example.org,Latin America,Cross-platform asymmetric leverage,Electronics,6,0.0,1190.97
7e29bddc-fd5c-474e-8778-dbe69b29f76e,2025-11-29 05:23:53.000000,Amy Manning,christinenorman@example.com,North America,Team-oriented cohesive approach,Sports,7,0.0,1565.1
32dba13d-10ab-4db1-a5e5-178a394323c3,2025-07-15 19:20:45.000000,Emily Rodriguez,hahnsean@example.com,Latin America,Business-focused 4thgeneration throughput,Sports,7,0.1,2400.38
1eca88d3-af66-4d67-b063-70c4971f0676,2026-04-13 23:36:09.000000,Beth Sanford,molly71@example.net,Europe,Mandatory discrete functionalities,Toys,8,0.2,2917.38
8e798982-9a5d-4ace-a1d9-407c6a21ab97,2026-02-23 11:03:25.000000,Melissa Mitchell,kwilliams@example.org,Asia,Down-sized contextually-based adapter,Sports,2,0.3,388.65
e877a70d-692f-476c-9a20-4dcc4ae8e236,2025-05-13 16:51:10.000000,Kirk Thompson,wmatthews@example.com,North America,,,8,0.2,0.0
375e5c72-2600-47aa-997d-dcebf498816e,2025-08-01 16:00:22.000000,Brian Johnson,sanchezbradley@example.com,Europe,Team-oriented cohesive approach,Sports,6,0.2,1120.23
7c2a5ca2-0c92-4749-b3da-143e4962394f,2025-07-28 17:36:53.000000,Michael Berger,nguyenbrian@example.com,Middle East,Profit-focused grid-enabled infrastructure,Toys,1,0.1,149.81
3bb979b9-3f8c-466b-8423-fcd5922e3abc,2026-04-27 09:11:14.000000,Brandon Hall,hoffmanjennifer@example.net,North America,Down-sized scalable workforce,Home & Garden,6,0.0,1638.85
6fd8440a-5283-489c-831f-37eb2c981221,2024-12-10 03:26:06.000000,Carrie Lewis,joshuagriffin@example.org,Middle East,Re-contextualized actuating infrastructure,Clothing,6,0.1,1976.83
f78ffd83-b05a-46bf-bca9-eeba35ffdd0c,2025-08-25 07:18:45.000000,Lisa Morris,mbarnes@example.net,North America,Re-engineered clear-thinking application,Clothing,6,0.3,1477.63
4a02d7c1-9859-4f42-974a-2447ab73860c,2025-10-16 17:09:11.000000,Kyle Reed,samuel81@example.com,North America,Fundamental contextually-based neural-net,Electronics,2,0.2,382.45
fee44434-1d2b-41d0-a976-d79f9186c2a1,2025-11-07 05:11:14.000000,Charles Edwards MD,glennstephanie@example.com,North America,Business-focused 4thgeneration throughput,Sports,2,0.2,598.27
11269f9e-03c0-4a01-8e98-6e40723182d4,2026-01-24 14:51:31.000000,Tonya Wilson,srocha@example.net,Asia,Streamlined national conglomeration,Home & Garden,9,0.3,2819.88
f4ac51f0-fcf0-46c5-991e-7e1a6e480e95,2025-12-15 21:04:54.000000,Ashley Jenkins,browndiana@example.org,Latin America,Profit-focused grid-enabled infrastructure,Toys,6,0.1,972.04
779ee83d-36df-4239-86bc-0d7123baa2ca,2024-08-29 14:07:58.000000,Suzanne Rodriguez,dianekelly@example.net,Europe,Multi-lateral high-level open architecture,Toys,5,0.0,1224.63
e7718e1b-d1df-4ff0-b5f3-2c8e83fc7a2b,2025-09-13 20:22:13.000000,Micheal Young,luis81@example.org,Europe,Synergized zero-defect conglomeration,Clothing,5,0.2,1358.8
16ca331c-1b0e-43e1-abe9-4560d820d362,2025-06-05 00:33:58.000000,Gina Beard,angela83@example.org,Asia,Down-sized contextually-based adapter,Sports,5,0.2,1040.06
a9274d42-288a-4e51-974d-930e0e0f6619,2025-12-19 18:57:13.000000,Phillip Obrien,kimberlyjames@example.com,Latin America,Multi-tiered dedicated circuit,Electronics,6,0.2,1051.65
cda1c26e-a17d-491d-8705-9d15a8c5840f,2025-12-15 23:16:41.000000,Justin Baxter,sarayoung@example.org,North America,Profound mobile time-frame,Clothing,6,0.0,1162.48
d980a784-1857-48fa-826e-08b6a0b58a0c,2026-07-14 00:48:27.000000,Lisa Goodwin,pyoung@example.com,North America,Expanded composite infrastructure,Home & Garden,5,0.1,983.84
f1974022-8bb6-4e76-afbf-4c75e6e54d66,2026-04-02 17:41:08.000000,Jeffrey Chavez,teresa28@example.org,North America,User-centric coherent leverage,Sports,6,0.1,1901.24
af314f40-5e8f-4d7e-bc36-c559156c992b,2026-01-17 02:35:56.000000,Jeffrey Carpenter,steven73@example.net,Latin America,Fundamental contextually-based neural-net,Electronics,9,0.2,1721.02
835108d8-9251-4afe-9d7e-5e48c03caa32,2025-10-26 12:13:14.000000,Amy Manning,christinenorman@example.com,North America,Synergistic demand-driven implementation,Clothing,6,0.0,2864.02
c7b0a9e2-fe38-4c35-a28c-259c81241407,2025-10-18 03:37:16.000000,Ethan Villanueva,travis84@example.com,Latin America,Front-line next generation Internet solution,Toys,6,0.1,713.34
e5bf1379-2587-46a0-a69c-f4c872d627e9,2024-10-15 22:48:22.000000,Carol Lawson,stricklandfrank@example.com,Asia,Expanded intangible standardization,Clothing,10,0.1,773.62
f667a91a-71c7-4bf1-b9db-e07e15604ec8,2024-08-07 09:35:36.000000,Brett Thompson,phelpsmichael@example.net,Europe,Intuitive system-worthy access,Clothing,4,0.0,87.12
80ef2ccf-8999-4812-9616-76fcbb1ffaf4,2025-11-19 04:32:04.000000,Christopher Gonzalez,moniquewilliams@example.com,Asia,Cross-platform asymmetric leverage,Electronics,9,0.2,1389.47
ed84859d-4a2e-45a0-b6ee-dbdc96700f55,2025-12-16 18:46:52.000000,James Matthews,blacknicholas@example.org,North America,Intuitive system-worthy access,Clothing,9,0.3,142.56
d2025cd5-d0b8-4cbb-87d1-316f821a8ac9,2026-05-13 07:02:21.000000,Tiffany Jackson,simsjason@example.net,Asia,Down-sized contextually-based adapter,Sports,9,0.1,2241.6
ed965f31-8bef-4ae1-b873-39cc121374ec,2025-05-26 21:42:42.000000,Paul Stokes,raylauren@example.net,Middle East,Organic zero-defect hierarchy,Electronics,5,0.0,2288.72
88fc929a-4dda-4b87-8291-b38ce4e7e7a3,2024-11-05 08:46:27.000000,Jeremy Barnes,avaughn@example.net,North America,Cross-platform asymmetric leverage,Electronics,1,0.1,182.46
7387d450-1ec8-4ceb-8201-526f2924b472,2026-06-04 15:28:35.000000,Margaret Montgomery,haynescharles@example.net,Middle East,,,2,0.2,0.0
835d7e20-859e-45bf-9b26-2633e2293661,2026-02-13 18:45:49.000000,Elizabeth Walker,smithkevin@example.org,Latin America,Expanded composite infrastructure,Home & Garden,1,0.0,214.66
fb9c7376-9232-4c60-bbae-eb8eed569361,2025-06-28 00:34:04.000000,Diane Beck,clarence34@example.org,North America,Operative responsive pricing structure,Sports,1,0.0,39.28
700affff-5fb1-4f5b-81c0-ca3ff8f703ec,2026-07-15 06:58:18.000000,Kathleen Garcia,ugill@example.org,Europe,Profit-focused grid-enabled infrastructure,Toys,8,0.2,1059.14
0fcc8520-2c2d-40bd-8a02-711e02f3e4d0,2026-04-12 14:08:27.000000,Nancy Brown,aprilhoffman@example.net,Middle East,Organized attitude-oriented implementation,Clothing,2,0.1,655.41
0bfc8c45-8a43-4a23-826e-a2f90693d01a,2025-06-11 06:32:53.000000,Jessica Forbes DVM,erik41@example.net,Middle East,Horizontal maximized product,Electronics,4,0.0,836.14
aaa54056-7928-413d-91f8-8167796c39ad,2024-10-01 18:25:18.000000,Katherine Davis,ricky51@example.org,Asia,Expanded intangible standardization,Clothing,10,0.2,650.17
d795187f-2e09-4630-97b4-2669d42cef05,2024-12-14 17:24:01.000000,Paul Larsen,katie87@example.net,Middle East,,,1,0.1,0.0
4cafae2b-15ca-4379-903c-e3b161580ec7,2025-10-26 16:04:09.000000,Sherry Baker,earmstrong@example.org,Middle East,Upgradable disintermediate protocol,Toys,3,0.0,1145.41
82ca3ac9-2867-4c72-af24-5e07158327a4,2026-06-13 01:02:18.000000,Tyler Stevens,amy49@example.com,Europe,Re-engineered clear-thinking application,Clothing,9,0.3,2216.45
97266ab2-d130-4a7a-aca1-93867feb5020,2025-02-16 00:42:13.000000,Derek Hodge,taylorkaren@example.com,Latin America,User-friendly tangible synergy,Clothing,4,0.2,847.28
aba024bd-9993-4899-aa54-5726ca9d569a,2025-06-14 21:55:08.000000,Cynthia Morris,josephmartinez@example.com,Latin America,Synergized zero-defect conglomeration,Clothing,7,0.1,2235.23
26830a4c-8133-45f1-a760-32c38f47c5ae,2025-07-15 21:25:15.000000,Kathleen Andrade,rbrown@example.com,Middle East,Team-oriented cohesive approach,Sports,4,0.2,691.5
941eddf9-6460-4660-808d-551fb9e89990,2025-12-23 14:38:06.000000,Sara Haas,wagnergerald@example.org,Asia,Innovative eco-centric open architecture,Toys,3,0.1,603.24
aa2223a9-7a25-40fc-9912-18a9ee2291ef,2025-11-26 12:17:00.000000,Jessica Forbes DVM,erik41@example.net,Middle East,,,10,0.1,0.0
96be541b-0b0a-400f-8462-ecae0cce769b,2025-04-22 10:46:26.000000,Nicholas Edwards,elizabeth52@example.net,Middle East,Mandatory discrete functionalities,Toys,2,0.2,748.29
4236fb0e-1e2f-4c71-b6a0-33e63ab5d8d0,2026-06-23 17:00:47.000000,Kenneth Lewis,gwalker@example.com,Middle East,Robust secondary infrastructure,Toys,10,0.2,1669.4
94bac2b5-ca45-44d1-96a3-ce4eca5c4c4a,2025-06-14 22:49:08.000000,Don Tucker MD,dramsey@example.org,Asia,Function-based methodical product,Clothing,10,0.1,3962.1
0b44f907-6d59-4e12-9ac7-b94d1ccc575e,2025-08-08 23:14:09.000000,Jennifer Russo,uparrish@example.org,North America,Down-sized contextually-based adapter,Sports,3,0.2,681.51
3f843c8f-a46f-47b5-8d45-e921e64b5523,2024-12-05 11:50:49.000000,Laura Cunningham,april91@example.com,Europe,Robust secondary infrastructure,Toys,10,0.0,1885.44
e4cda3b9-ac97-4067-88bb-ec177ccd3eb6,2026-04-09 22:56:24.000000,Hailey Cunningham,paul20@example.com,Middle East,Cross-platform uniform flexibility,Toys,3,0.2,563.11
3960a10e-8ee5-4246-8d9f-42bcb0e0d156,2025-04-05 21:04:23.000000,Maria Harper,williamsmatthew@example.org,Latin America,Cross-platform uniform flexibility,Toys,1,0.2,185.33
1b64ef32-5aa2-48e1-a09c-6c82b90db373,2026-03-18 01:57:59.000000,Shannon Yu,janet69@example.org,Middle East,Function-based methodical product,Clothing,3,0.3,897.8
cc40d3a5-94be-40bd-b5d2-4173ee56aea4,2026-05-19 04:34:40.000000,Frederick Solis,xcollier@example.org,Europe,Cross-platform fresh-thinking hierarchy,Toys,10,0.0,4264.0
a4242b77-ab86-4c70-a89c-0d28ce08215a,2025-05-26 05:59:18.000000,Connor King,courtneyberger@example.net,Latin America,Upgradable disintermediate protocol,Toys,2,0.2,602.85
0b901a34-a3d6-433a-8af8-35922e858bc6,2026-06-08 05:02:34.000000,Danielle Ford,veronica83@example.net,Middle East,,,2,0.1,0.0
b3b6feb4-6bf0-4ba6-ad1d-38179ad0afdc,2025-11-29 19:47:48.000000,Jennifer Velasquez,bethwilliams@example.com,North America,Front-line encompassing leverage,Toys,3,0.2,246.4
60562765-9c1d-4a65-95c8-3c5d48754ef8,2025-05-15 01:02:24.000000,Jacob Santos,brooksdanielle@example.net,Europe,Cross-platform fresh-thinking hierarchy,Toys,6,0.1,2302.56
43cbfd06-b869-4e43-bfa7-d9548bfafb8c,2026-07-17 15:49:09.000000,Taylor Griffith,david86@example.com,Latin America,Team-oriented cohesive approach,Sports,9,0.2,1659.6
44014a72-068f-49b5-ade7-25349c9f2ec0,2025-07-07 21:25:41.000000,Anthony Anderson,dbryant@example.net,Latin America,Organic zero-defect hierarchy,Electronics,4,0.3,1396.82
10941b53-26d5-4dc1-8ff9-083182fecfdc,2025-06-30 19:32:35.000000,Parker Hill,tina34@example.org,Middle East,Organized contextually-based orchestration,Electronics,7,0.1,2438.42
56885791-8f92-42c3-a727-aea402f93785,2024-10-08 09:06:30.000000,Tiffany Jackson,simsjason@example.net,Asia,Organic zero-defect hierarchy,Electronics,4,0.2,1604.46
fb31a55f-28e9-409e-a470-5fcc62cca661,2026-07-15 23:56:49.000000,Vincent Smith,morrowthomas@example.net,Middle East,Multi-tiered dedicated circuit,Electronics,7,0.0,1619.54
3e3f9b1e-c292-45fd-947a-b5845b06b98e,2026-04-23 04:35:11.000000,Brandon Hall,hoffmanjennifer@example.net,North America,Multi-lateral high-level open architecture,Toys,8,0.0,1880.24
8ae91f31-4674-42f5-a818-f77ea15c6648,2025-09-18 15:13:49.000000,Gail Barron,matthewvalenzuela@example.com,Europe,Synergized zero-defect conglomeration,Clothing,8,0.2,2282.78
38d52946-c756-4b9b-8a12-7556f5cca86b,2025-02-12 12:51:24.000000,David Beck,thomas85@example.com,Middle East,User-centric coherent leverage,Sports,5,0.0,1601.22
b25a2225-885f-40aa-a66e-f49188dcfe09,2025-08-14 18:10:32.000000,Mark Carpenter,kennedyjames@example.org,Europe,Re-engineered clear-thinking application,Clothing,8,0.2,2023.42
e15d9642-0a84-4d34-9d34-5ce93a5b10ff,2025-06-24 13:42:01.000000,Julia Erickson,ssalinas@example.org,Europe,Decentralized tangible model,Clothing,10,0.1,3484.72
c0bdbeaf-fcce-4fb6-bd97-a59526be21e5,2025-09-03 11:40:32.000000,Kristina Preston,jeffrey92@example.com,Asia,Multi-tiered dedicated circuit,Electronics,8,0.3,1327.42
117244f7-9364-4e43-9a18-e6bb71f6f1a8,2025-06-16 00:45:40.000000,Bryan Jimenez,ythompson@example.net,North America,Multi-lateral contextually-based methodology,Sports,8,0.1,1876.37
103ba2ed-d540-46f5-9f8c-984105a562a9,2024-09-28 06:15:07.000000,David Maynard,katherinetaylor@example.org,North America,Fundamental contextually-based neural-net,Electronics,1,0.2,179.56
ffab82a0-36e6-4004-92e8-089e4cc639c9,2026-04-26 10:26:28.000000,Jennifer Vargas,grahamtamara@example.org,Europe,Streamlined national conglomeration,Home & Garden,7,0.1,2913.88
c1b65800-e564-4b96-9624-ba9d1cea0ac0,2026-02-03 22:29:23.000000,Vincent Smith,morrowthomas@example.net,Middle East,Horizontal maximized product,Electronics,9,0.2,1554.96
c167dc84-a943-4abd-9b95-509f3f8f9da4,2025-10-29 18:48:53.000000,Parker Hill,tina34@example.org,Middle East,Cross-platform fresh-thinking hierarchy,Toys,5,0.2,1662.96
ffa2df47-29ca-4e42-909a-e2dca3dd65b3,2026-04-19 11:38:31.000000,Christina Rodriguez,adam65@example.net,Asia,Front-line next generation Internet solution,Toys,2,0.1,243.06
684a05d0-b6f8-4ba9-b45e-c501df85a192,2024-10-12 20:18:39.000000,Jacqueline Mccoy,aguilarjonathan@example.org,Latin America,Profound mobile time-frame,Clothing,1,0.2,154.21
b83f34ca-79a0-4586-b69d-b2ef3b8ee0e0,2025-06-02 14:36:08.000000,Jennifer Robinson,williamdavis@example.org,Latin America,Decentralized tangible model,Clothing,10,0.3,2876.92
2fc3bb1c-577b-4d97-801b-d08ee4fa2e93,2025-01-30 02:29:41.000000,Micheal Young,luis81@example.org,Europe,Cross-platform uniform flexibility,Toys,5,0.1,1092.96
523b505c-4127-4bb7-ab19-071b0b35e0a1,2025-09-26 01:50:58.000000,Jane Harper,shawn96@example.org,Middle East,Cross-platform asymmetric leverage,Electronics,9,0.3,1335.33
551b7d7f-668e-43e1-982a-4ea382d3c040,2026-03-18 15:32:25.000000,Robin Trujillo,amanda98@example.org,Europe,Profound mobile time-frame,Clothing,3,0.2,480.41
e8f66646-059d-42e6-b348-f0fed47ebb90,2024-11-26 14:17:35.000000,Richard Diaz,brittanygardner@example.net,Latin America,Re-engineered clear-thinking application,Clothing,3,0.3,708.86
47465064-f4c6-41ef-a80b-bc7a5c3dae7b,2026-02-23 21:40:37.000000,Lucas Allen,qlopez@example.org,Latin America,Business-focused 4thgeneration throughput,Sports,9,0.1,2856.38
431e6874-2507-4d01-bedf-1d614d55a67c,2024-10-25 17:55:21.000000,Cody Holt,sandra84@example.org,Europe,Re-engineered clear-thinking application,Clothing,8,0.1,2502.66
5160d305-6dcd-4d43-98ec-ae059dc4805f,2025-12-08 01:59:13.000000,Christian Lewis,irussell@example.com,North America,User-friendly tangible synergy,Clothing,5,0.2,971.88
b26f8bb2-3178-4dbb-9f7f-acac0814b225,2025-03-02 13:58:08.000000,Keith Rodriguez,justin88@example.com,Europe,Front-line next generation Internet solution,Toys,5,0.2,541.61
91354949-c9a6-42f0-873b-b78d460aa7f9,2025-06-09 09:52:13.000000,David Garcia,perezwilliam@example.org,Latin America,Function-based methodical product,Clothing,10,0.2,3498.45
7854f2ce-102c-49ba-985a-4e1a66edb71c,2026-02-27 21:17:21.000000,Chad Jones,rachelwallace@example.org,Asia,Synergistic demand-driven implementation,Clothing,7,0.1,2962.44
e95b9b7b-e585-4c3d-bbf7-202ebd86a1ab,2026-07-14 09:33:11.000000,Barry Welch,wendy16@example.org,Europe,Cross-platform uniform flexibility,Toys,6,0.0,1411.34
840aa19c-c5bb-4f64-90b9-b399bf5d96d6,2024-10-27 11:04:54.000000,Eric Sanders,wking@example.net,Latin America,Innovative eco-centric open architecture,Toys,8,0.2,1407.56
89ca1b26-9834-4ead-8239-a13eb33ff435,2025-10-09 05:38:56.000000,Eric King,jennifermccormick@example.org,Europe,Up-sized foreground toolset,Toys,8,0.1,1630.1
babf9447-e855-4690-b4d8-57458a81b778,2024-07-23 04:56:19.000000,Stephanie Salazar,jrivas@example.com,Asia,Down-sized scalable workforce,Home & Garden,3,0.1,769.76
d554fadf-7633-4d1d-a694-940dddc5c146,2025-09-22 02:01:03.000000,Melanie Flores,cruzamber@example.com,Middle East,Profit-focused grid-enabled infrastructure,Toys,4,0.1,599.25
1461f0d8-4580-4e86-98ce-5087253ce114,2025-06-29 23:07:20.000000,Kimberly Mclean,ystephens@example.com,Asia,Expanded composite infrastructure,Home & Garden,2,0.0,433.78
d908d319-8458-4019-a9e8-35614557bdcb,2024-10-10 05:24:40.000000,Ethan Villanueva,travis84@example.com,Latin America,Horizontal maximized product,Electronics,8,0.2,1330.99
53921935-d6f8-494c-b9fa-35e6c98afa08,2025-11-16 12:54:31.000000,Connie Brown,tblankenship@example.net,North America,Expanded composite infrastructure,Home & Garden,4,0.1,831.79
a0683570-64ff-4d41-ab4b-3bd82f49056a,2025-05-09 10:50:33.000000,David Alvarez,gibsonolivia@example.net,Middle East,Profit-focused grid-enabled infrastructure,Toys,5,0.0,871.0
6c1452b4-8bc1-463c-83d8-c607f27ab635,2025-11-11 19:34:53.000000,Ronald Morgan,ashleewashington@example.com,Middle East,,,2,0.3,0.0
ce052ac8-9e0e-4cdf-89d4-d409a9c55ff9,2026-07-01 19:11:31.000000,Stephanie Meyer,stephen19@example.org,Asia,Operative responsive pricing structure,Sports,8,0.3,236.52
94eeda02-f9aa-4d6d-b2e9-d9393fbce063,2025-05-24 10:32:33.000000,Jeffrey Carpenter,steven73@example.net,Latin America,Up-sized foreground toolset,Toys,4,0.2,718.65
70ba8e9c-8caf-428a-9e58-f8b6b24c7782,2025-03-20 00:43:16.000000,Jeffrey Carpenter,steven73@example.net,Latin America,Front-line next generation Internet solution,Toys,10,0.2,1109.64
91356bfe-6193-4c3d-81b8-9c44ee28c856,2025-03-20 14:24:49.000000,Jack Mora,sarahmathews@example.net,Middle East,Cross-platform asymmetric leverage,Electronics,4,0.0,793.98
171da14d-dde2-4a23-a47c-666ab04dee79,2025-04-01 05:35:32.000000,Kristina Preston,jeffrey92@example.com,Asia,Multi-tiered dedicated circuit,Electronics,9,0.0,1998.13
fa98f0cf-42df-4d68-969e-3fde571ceacb,2025-03-21 12:52:59.000000,Mr. Donald Nguyen,jose43@example.org,Europe,Down-sized contextually-based adapter,Sports,1,0.3,197.06
1c534b87-0c9e-45aa-a8ef-a3a9cdb75f57,2024-10-25 09:29:13.000000,Luke Estrada,bhopkins@example.org,Middle East,Organized contextually-based orchestration,Electronics,7,0.3,2000.05
995f2694-b8ed-4fe8-a280-229d9d1b40f5,2025-12-30 19:00:34.000000,David Charles,danderson@example.net,Middle East,Intuitive system-worthy access,Clothing,9,0.2,164.34
affce532-d846-4625-8eff-a0c12e3a9584,2026-03-19 15:32:04.000000,Willie Dillon,jeffreyjenkins@example.org,Latin America,Down-sized scalable workforce,Home & Garden,5,0.0,1379.5
b1dc3a91-e39f-45a1-a1a9-529dedc2735d,2024-08-24 13:06:23.000000,Hannah Bruce,lisamccarthy@example.com,Middle East,Down-sized contextually-based adapter,Sports,3,0.0,812.89
79779361-1204-49d9-9d07-07aa59ec3e63,2024-09-20 01:06:36.000000,David Alvarez,gibsonolivia@example.net,Middle East,,,10,0.0,0.0
0fd68618-ba6b-495c-aec9-c1996c27ca62,2025-01-13 08:39:32.000000,Shannon Johnston,amckinney@example.com,Middle East,Multi-layered high-level initiative,Electronics,3,0.2,1006.65
c0b15ca3-89ae-47cb-9893-e27dd5204b48,2026-03-12 01:42:51.000000,Phillip Clark,lisahall@example.org,Middle East,Expanded composite infrastructure,Home & Garden,1,0.2,174.41
35073a4e-6517-4bc6-8eb8-93648e242b1d,2025-06-13 04:25:45.000000,Barry Welch,wendy16@example.org,Europe,Organized contextually-based orchestration,Electronics,4,0.0,1502.98
f9d23cfd-6929-41b1-bfa1-292a507bbb8e,2026-01-22 23:08:52.000000,Scott Brown,jim95@example.net,Europe,Synergized zero-defect conglomeration,Clothing,8,0.1,2527.37
99786dc1-5f54-482d-93e1-1f554289281d,2024-09-02 08:10:52.000000,Michael Harris,maryscott@example.net,Asia,Organized contextually-based orchestration,Electronics,6,0.2,1902.2
9288cbf5-a6bd-43a4-a7f3-cf5c981813c7,2025-03-11 21:18:12.000000,Paul Finley,brandi90@example.com,North America,Front-line encompassing leverage,Toys,2,0.2,157.95
87c53450-4c78-4ac6-a2c9-7943ce972144,2025-10-14 18:32:56.000000,Michael Warner,ojones@example.com,Europe,Exclusive object-oriented orchestration,Other,7,0.0,1001.7
4b16d8a8-0c05-45ab-adce-3207400e4540,2026-07-05 23:18:11.000000,Patricia Baker,katiebutler@example.net,North America,Profit-focused grid-enabled infrastructure,Toys,9,0.0,1489.41
aeb25152-6002-4d7b-bfa6-df2160578624,2026-05-23 23:58:44.000000,Brandi Page,williambenson@example.com,Middle East,,,2,0.0,0.0
bd955829-e72c-4300-8917-a68e46230245,2026-05-21 04:30:14.000000,Christopher Jones,ortizhannah@example.com,Middle East,Organized contextually-based orchestration,Electronics,2,0.0,743.66
6e6c4c64-6f56-41b1-9d07-285b8e8752c2,2025-08-11 09:55:06.000000,Christian Lewis,irussell@example.com,North America,Multi-lateral high-level open architecture,Toys,4,0.2,781.78
ca07906e-53ae-4bce-8ccc-f4326913ed3b,2025-06-24 11:45:25.000000,Miss Debra Williams PhD,cstone@example.com,North America,Multi-tiered dedicated circuit,Electronics,9,0.2,1661.61
d1f80fcf-03ac-4634-a96d-a4cd431b011f,2026-03-26 23:49:31.000000,Alexandra Baxter,davidsmith@example.net,Middle East,Reverse-engineered multi-state knowledge user,Home & Garden,9,0.3,2457.22
6c707048-5093-4c87-8f8c-cb0bee6fc3f3,2026-05-23 23:52:33.000000,Patricia Banks,cwood@example.net,Europe,Operative responsive pricing structure,Sports,10,0.3,283.5
716ebe56-c19a-4b0f-bd72-8f735d3b64ac,2025-04-11 00:17:21.000000,Angela Clark,jason82@example.org,Europe,Function-based grid-enabled adapter,Clothing,3,0.2,325.35
923ad413-0778-4dae-a478-7edc899ac6ce,2025-07-05 23:58:17.000000,Michele Smith,lmiller@example.org,Latin America,Organized attitude-oriented implementation,Clothing,10,0.1,3348.28
c49c0042-4efb-4227-b3f7-3d69c85305f9,2025-03-25 17:06:36.000000,Amy Shannon,ajohnson@example.org,North America,Multi-lateral high-level open architecture,Toys,3,0.2,608.6
6cd6b9e1-0765-4c22-9bcd-e988ce25d281,2024-10-30 15:06:41.000000,Melissa Abbott,jamie98@example.org,Europe,Organized contextually-based orchestration,Electronics,1,0.1,367.92
5e997f0d-c840-42f9-9b66-cc533e1591ee,2025-02-06 10:54:03.000000,Brandon Gregory,johnathan92@example.com,Middle East,Team-oriented cohesive approach,Sports,9,0.1,1784.07
619a4805-e03a-4ab6-a789-278dcc86ac85,2026-03-21 09:09:46.000000,Maurice Gray,christinaturner@example.net,North America,Operative responsive pricing structure,Sports,2,0.2,61.56
2f2ff254-a22f-4da5-9ab2-a215217c82b1,2026-03-11 09:32:21.000000,Laura Odonnell,tsanders@example.org,Latin America,Synergized zero-defect conglomeration,Clothing,4,0.2,1059.86
4a086284-b35a-4b1c-9625-583a6b32264f,2024-09-01 02:00:05.000000,Kimberly Mclean,ystephens@example.com,Asia,Cross-platform fresh-thinking hierarchy,Toys,9,0.1,3300.34
55812914-a1f3-45bc-a580-64de1bc00450,2025-11-01 20:38:31.000000,Daniel Velez,paul70@example.org,Middle East,Robust secondary infrastructure,Toys,10,0.2,1551.56
ece3e35d-3a99-442f-98d6-87f69bb5a052,2024-08-31 16:48:18.000000,John Allen,brent38@example.net,Latin America,Fundamental contextually-based neural-net,Electronics,1,0.2,195.89
acde5588-ee92-4236-b1dd-ecb702580dcb,2025-06-16 11:35:44.000000,Maria Lucas,tammy61@example.org,North America,,,3,0.1,0.0
1e50661f-2fce-40ae-9b06-fec229071205,2024-12-03 20:18:06.000000,Aaron Myers,smitchell@example.net,Middle East,Horizontal heuristic Graphic Interface,Electronics,10,0.2,653.52
f699734e-2e58-457a-8b4a-f20d26f3af26,2026-03-04 21:10:23.000000,Andrew Diaz,nolanjason@example.org,Latin America,Cross-platform uniform flexibility,Toys,9,0.2,1774.87
f6de974a-6d9d-4598-b3b1-71e5cc564dff,2026-06-05 13:24:54.000000,Richard Glenn,joshua56@example.com,Middle East,Profound mobile time-frame,Clothing,9,0.0,1725.92
7954af2d-a819-44b9-b1a6-aed37a761f37,2025-03-19 06:05:19.000000,Sergio Knight,vjones@example.net,North America,Up-sized foreground toolset,Toys,9,0.0,1893.02
50e5b83b-c388-4b0e-a263-e16c66b768bd,2025-11-09 08:01:18.000000,Susan Murray MD,tyronemoran@example.net,Middle East,Profit-focused grid-enabled infrastructure,Toys,7,0.2,1036.49
1a89383c-071a-4d53-a3e0-7207113cb009,2024-09-20 09:39:42.000000,Grant Phillips,devonmorrison@example.net,Asia,Organized contextually-based orchestration,Electronics,3,0.2,892.39
fbc6423e-b58a-4321-87eb-11722d47d84c,2024-10-06 14:19:37.000000,Megan Richards,daniel37@example.org,Latin America,Down-sized contextually-based adapter,Sports,2,0.2,459.82
f8f001ae-e924-401a-9f5c-c47317a0fba1,2026-05-13 14:14:22.000000,Paul Marks,wiseanthony@example.com,North America,Function-based grid-enabled adapter,Clothing,2,0.1,251.6
404eb634-f4e0-470e-90b6-8d0280dc3ba1,2025-09-08 07:14:40.000000,Amy Walker,finleycasey@example.com,North America,Organized attitude-oriented implementation,Clothing,2,0.2,555.67
636404e8-a3b0-43da-845e-aab9cc007490,2024-09-05 13:40:40.000000,Susan Smith,marydunn@example.net,Middle East,Decentralized grid-enabled service-desk,Electronics,3,0.2,863.04
fabbd975-e789-4317-82af-aa5f01910880,2025-09-10 23:23:58.000000,Allison Thomas,gonzalezkaren@example.org,Middle East,Up-sized foreground toolset,Toys,1,0.0,216.91
96bc3f42-797e-4c89-9bbc-af4503d7f55b,2025-08-25 23:45:33.000000,Michele Williams,kendragalloway@example.org,Europe,Business-focused 4thgeneration throughput,Sports,1,0.2,280.9
b601efce-7b2f-4249-a565-8fc1fb62f1dc,2025-08-09 02:34:04.000000,Nicholas Rush,xrosales@example.net,Asia,Optimized mission-critical moratorium,Home & Garden,1,0.0,254.72
98744952-93ed-4b5c-ac42-76b214420114,2026-06-06 10:22:27.000000,Kristina Preston,jeffrey92@example.com,Asia,Multi-layered high-level initiative,Electronics,8,0.3,2541.23
ee4401c9-71af-45ff-9bbd-cdb6f117bec0,2026-03-23 04:18:20.000000,David Douglas Jr.,osbornejeffery@example.net,Asia,Function-based grid-enabled adapter,Clothing,9,0.2,1054.13
cd4a3c8e-ee55-4e96-837c-9932e5b32f0b,2025-02-18 04:32:43.000000,Dean Santiago,john62@example.net,Latin America,,,10,0.0,0.0
2a031bf9-da4d-4948-835b-fa43cae322c3,2025-11-29 00:02:16.000000,Don Tucker MD,dramsey@example.org,Asia,Horizontal heuristic Graphic Interface,Electronics,5,0.2,299.53
25b3cc2e-137d-4405-accc-0672cfde82ad,2026-02-08 08:17:54.000000,Sergio Knight,vjones@example.net,North America,Multi-lateral contextually-based methodology,Sports,2,0.2,423.7
0db04a2c-2a24-4ab7-ab65-c70d1c6472c8,2024-12-26 08:35:04.000000,Michael Martinez,mccannangela@example.net,Europe,Open-architected asynchronous artificial intelligence,Other,10,0.2,1686.72
bc443508-3a93-41f7-8050-8324875cf067,2026-03-03 02:01:45.000000,Ronald Jones,gilbertwilliam@example.com,Europe,Streamlined national conglomeration,Home & Garden,9,0.3,2940.73
3a5ca1bc-5797-49e8-ba8d-8320e26e750f,2025-06-20 01:07:24.000000,Norman Cook,vpham@example.org,Asia,Front-line encompassing leverage,Toys,3,0.2,236.92
bac043ca-96b7-4f15-b249-848c58810e2d,2025-05-16 16:54:35.000000,Ronald Jones,gilbertwilliam@example.com,Europe,Horizontal heuristic Graphic Interface,Electronics,10,0.2,591.28
0c4fde2e-8844-476d-80a7-b490ddcc48a5,2025-07-14 05:15:09.000000,Kelli Martinez,hinesjoshua@example.net,Asia,Team-oriented cohesive approach,Sports,8,0.0,1825.56
d1aa0c74-f944-4817-99b0-d3998dd9ff68,2025-11-26 15:26:31.000000,Amy Wilson,erik84@example.net,North America,Decentralized grid-enabled service-desk,Electronics,1,0.0,356.0
43c527a4-fbc0-4c38-9e55-bd482b36b6f5,2025-08-24 06:28:56.000000,Aaron Myers,smitchell@example.net,Middle East,Re-engineered clear-thinking application,Clothing,5,0.3,1214.72
1f978761-20bf-462b-8f4c-9fe82cc18e4d,2025-12-24 18:05:35.000000,Jason Marshall,catherine55@example.net,North America,Innovative eco-centric open architecture,Toys,6,0.0,1329.87
3b891988-c04d-4cca-b1d8-ea698eb7cd02,2025-08-16 01:00:24.000000,Michael Harris,maryscott@example.net,Asia,Profound mobile time-frame,Clothing,5,0.2,830.34
5cadf1a9-40d2-41be-a0ef-341653054058,2026-03-31 23:22:16.000000,Nancy Brown,aprilhoffman@example.net,Middle East,Team-oriented cohesive approach,Sports,10,0.0,2212.8
44b2e5aa-f334-4f9b-badd-e398c09eb13e,2024-08-26 14:42:16.000000,Dwayne Klein,sandra47@example.org,Europe,Front-line encompassing leverage,Toys,5,0.2,447.52
6de27e22-f1cf-451b-ad02-94a0080c28ad,2025-02-03 15:20:50.000000,Susan Smith,marydunn@example.net,Middle East,Re-contextualized actuating infrastructure,Clothing,1,0.1,333.22
4903528a-5e0f-4618-a71f-4b374e357338,2025-12-09 13:48:08.000000,Dr. Alicia Powell,hawkinsaaron@example.org,Asia,Multi-lateral contextually-based methodology,Sports,10,0.1,2244.58
2548cb37-bd61-476d-96aa-814e779bfee4,2026-05-27 15:20:24.000000,Jeffrey Henderson,dshields@example.net,Middle East,Horizontal maximized product,Electronics,1,0.2,172.77
13a2dc03-e14b-400f-9873-56e93262188f,2024-10-15 12:29:48.000000,Kim Brown,yorkcasey@example.org,North America,,,4,0.1,0.0
277747dc-318c-4ee8-b1c8-6a3723d359b8,2026-07-16 23:00:34.000000,Jessica Robinson,taylordavid@example.net,Asia,Mandatory discrete functionalities,Toys,9,0.1,3665.66
49144c1b-728c-4b4a-bc16-f82ab6824487,2026-03-10 20:58:45.000000,Susan Wilson,jane39@example.com,Europe,Optimized mission-critical moratorium,Home & Garden,10,0.2,2022.02
bc89e2fe-c3ed-4a0e-9d62-0006898a52e0,2026-02-08 18:05:29.000000,Victor Brown,daniellegonzales@example.org,Asia,Profound mobile time-frame,Clothing,3,0.0,569.38
f0a968a6-aea2-449e-bdc2-c940fa26897a,2025-11-15 04:08:48.000000,Derek Mahoney,suarezmike@example.org,Asia,Multi-tiered dedicated circuit,Electronics,1,0.3,168.26
15b9d469-fbb8-49fe-90cb-16e9bbc2b67c,2025-07-06 02:22:23.000000,Melanie Flores,cruzamber@example.com,Middle East,Function-based methodical product,Clothing,5,0.2,1580.62
65ecc39c-c607-4cb1-a6b3-1a27703a382b,2026-03-06 12:42:21.000000,Carol Lawson,stricklandfrank@example.com,Asia,Horizontal maximized product,Electronics,9,0.2,1497.37
4b20d6a2-aa1c-4b53-be2e-720134cec306,2025-12-04 00:39:47.000000,Sergio Knight,vjones@example.net,North America,,,5,0.3,0.0
2a966a13-be04-496e-adb3-5ea8a43a5eda,2025-08-05 00:43:09.000000,Stephanie Meyer,stephen19@example.org,Asia,Expanded intangible standardization,Clothing,9,0.3,533.3
de1bad90-310e-4aed-87dc-4a0c2b72d694,2026-04-28 16:38:45.000000,Shannon Davis,hallrachel@example.net,Latin America,Cross-platform uniform flexibility,Toys,9,0.1,2010.1
af61997d-6127-4e64-89f5-15e08e1a4d7d,2024-11-29 19:30:59.000000,Sara Cardenas,rsheppard@example.com,North America,Cross-platform asymmetric leverage,Electronics,4,0.2,673.68
798816f2-e5d2-4d41-92a1-720bd1d46f58,2025-04-21 15:55:35.000000,Lisa Archer,contrerasangela@example.net,Europe,Function-based methodical product,Clothing,5,0.1,1959.98
8afb9ff3-a7b1-4bcd-833a-c676b6d6e920,2024-09-06 04:46:11.000000,Robert Campbell,xmoreno@example.net,Asia,Decentralized tangible model,Clothing,3,0.2,960.32
d3a2b6cb-3f37-43af-b65a-5aa363140fcc,2024-08-22 09:10:25.000000,Christina Rodriguez,adam65@example.net,Asia,Down-sized scalable workforce,Home & Garden,5,0.1,1213.96
a2a5c00c-b6fa-4472-9436-273c41431647,2026-08-20 11:18:07.961183,Michael Warner,ojones@example.com,Europe,Optimized mission-critical moratorium,Home & Garden,4,0.3,777.3
fe8c686a-9bdf-4c67-a2f9-11de087fcdef,2026-03-28 19:07:58.000000,Mr. Donald Nguyen,jose43@example.org,Europe,Upgradable disintermediate protocol,Toys,3,0.1,1073.07
444abb9a-2513-46e1-946a-123580c750d4,2025-11-17 18:23:20.000000,Travis Joyce,xhammond@example.com,North America,Business-focused 4thgeneration throughput,Sports,5,0.0,1787.52
d9077c2d-54bd-4e61-babc-666ce4cfb2f3,2025-01-15 06:18:53.000000,Mitchell Johnson,brownlaura@example.net,Latin America,Profit-focused grid-enabled infrastructure,Toys,7,0.1,1109.65
0927d2fc-0306-43e0-8e3a-bb8ae18f8b8e,2026-05-18 07:03:00.000000,David Moon,joseph19@example.com,Middle East,Team-oriented cohesive approach,Sports,3,0.1,615.44
c9afd545-b333-4169-9cfc-2b72ebbbae74,2025-11-25 17:16:50.000000,Maria Burke,walkercharlene@example.com,Middle East,Re-contextualized actuating infrastructure,Clothing,5,0.3,1385.28
11b21524-83c3-4648-9a95-0f3ebd84b6da,2026-01-27 11:14:40.000000,Jeffrey Henderson,dshields@example.net,Middle East,Expanded intangible standardization,Clothing,7,0.2,437.84
79633f34-70c7-456a-a576-796ddf61dbe1,2025-08-17 08:34:52.000000,Peter Thompson,teresastokes@example.org,Europe,Reverse-engineered multi-state knowledge user,Home & Garden,6,0.1,2047.68
112458e5-e7ae-468b-83a1-dcf0495efe40,2026-05-06 10:14:30.000000,Tamara Richard,brian29@example.net,North America,Expanded intangible standardization,Clothing,1,0.1,77.36
2c189303-fd28-450f-9868-3a1b6ccbcb41,2025-02-22 13:59:59.000000,Melanie Flores,cruzamber@example.com,Middle East,User-friendly tangible synergy,Clothing,1,0.2,199.36
ab86d1c5-eab2-4be3-811f-eb55410cde46,2025-04-26 04:41:06.000000,Sarah Davis,brettbennett@example.net,Latin America,Team-oriented cohesive approach,Sports,5,0.1,1014.2
0db1565d-6d70-499e-830b-105742fbacf1,2026-04-23 10:46:34.000000,Angela Schultz,rebeccabailey@example.net,North America,User-centric coherent leverage,Sports,9,0.2,2518.14
88fb044a-d1c7-4cf1-b5d3-fe5b881fea11,2026-06-03 17:40:55.000000,Mr. Martin Hernandez,smithsarah@example.net,Europe,Profound mobile time-frame,Clothing,9,0.3,1298.89
79a0e727-10e2-4558-b03d-36655c93e629,2025-11-01 04:10:50.000000,Rebecca Henderson,cruzcaitlin@example.com,North America,Business-focused 4thgeneration throughput,Sports,4,0.2,1138.18
b45f252f-7349-4fec-b7aa-530b9e9a3e83,2026-03-22 03:47:15.000000,Elizabeth Martin,michaeleverett@example.com,North America,Cross-platform uniform flexibility,Toys,9,0.2,1689.34
a44c26d4-03fc-4e6c-9b6e-63538d6ebe62,2026-01-05 00:13:49.000000,Carolyn James,josephadams@example.org,Asia,Expanded intangible standardization,Clothing,5,0.1,370.35
ccea7dd0-e90c-461c-8172-64d8a6a21998,2026-02-04 21:54:20.000000,Mr. Nicolas Salas II,maryhuff@example.com,Europe,Fundamental contextually-based neural-net,Electronics,8,0.2,1529.79
74dcbf13-8960-441b-a5a7-44a71f92bdc9,2025-08-15 04:03:49.000000,William Oconnor,fconner@example.net,Europe,,,1,0.3,0.0
dfc735f8-4165-4d74-a93b-ea358332b29b,2025-09-12 12:59:05.000000,Sara Haas,wagnergerald@example.org,Asia,Cross-platform uniform flexibility,Toys,4,0.3,693.79
9f41dfcf-cdcc-49d9-a2d0-abcdbc3f512e,2025-10-05 02:10:40.000000,Sean Osborne,lozanojulie@example.com,Middle East,Cross-platform asymmetric leverage,Electronics,6,0.1,1130.82
96197356-fcf8-46f8-acf3-22ab944bad04,2025-09-03 20:42:25.000000,Vincent Novak,jessica79@example.org,Middle East,Front-line next generation Internet solution,Toys,10,0.1,1202.11
e282338d-27ae-400a-86c2-e2be83b5c73d,2026-06-09 17:31:49.000000,Elizabeth Davis,farmstrong@example.org,North America,Cross-platform fresh-thinking hierarchy,Toys,7,0.2,2328.14
0f988297-994e-4303-b0cb-27f3c3ab6793,2025-03-15 17:26:03.000000,Amy Dunlap,dalepruitt@example.com,Latin America,Front-line encompassing leverage,Toys,2,0.0,204.28
7b3299df-5083-4557-bc3b-8f4dfe42db8f,2025-10-13 12:55:59.000000,Kara Wilson,qruiz@example.com,Latin America,Open-architected asynchronous artificial intelligence,Other,8,0.2,1349.38
7ab61c3c-d667-459d-a202-1f9fb3fce44c,2024-10-10 06:40:34.000000,Peter Thompson,teresastokes@example.org,Europe,Cross-platform fresh-thinking hierarchy,Toys,9,0.0,3799.22
ae57927f-730c-4e0e-96f9-92984634a5f6,2024-11-04 19:31:56.000000,Ethan Villanueva,travis84@example.com,Latin America,Multi-layered high-level initiative,Electronics,4,0.2,1467.47
09536c4a-3b88-49a2-a078-ba6940f895ff,2026-04-11 07:26:55.000000,David Moon,joseph19@example.com,Middle East,Reverse-engineered multi-state knowledge user,Home & Garden,4,0.2,1289.28
619f6688-f6a8-4371-bf69-33658a5abc61,2026-01-23 19:57:04.000000,John Ryan,esanchez@example.com,Europe,,,1,0.2,0.0
21d7ef88-448e-4408-acce-bc8640ac9243,2026-06-23 13:58:32.000000,Angie Hill,zgomez@example.com,Europe,Intuitive system-worthy access,Clothing,10,0.2,169.4
a61109cf-8e86-49b2-94e6-75f73427fb9e,2025-01-12 19:53:18.000000,Juan Brown,warnerchristopher@example.com,Europe,Cross-platform asymmetric leverage,Electronics,6,0.3,842.1
857ea116-29a8-4004-b314-6dae97a70f9d,2025-01-19 21:10:59.000000,Diane Beck,clarence34@example.org,North America,Decentralized grid-enabled service-desk,Electronics,9,0.3,2394.94
1a6b88d2-cad7-4ebe-9169-4fbb3cff13aa,2024-11-15 05:39:15.000000,Kiara Smith,simsjohn@example.net,Latin America,Horizontal maximized product,Electronics,9,0.3,1401.38
a564ee98-fc3e-4ed1-9cdb-d909f9cd1b18,2025-12-15 06:19:49.000000,Michele Williams,kendragalloway@example.org,Europe,Expanded intangible standardization,Clothing,4,0.2,246.9
64535f72-07b3-4e70-bffd-fae18cb98201,2026-07-05 12:54:15.000000,Ashley Jenkins,browndiana@example.org,Latin America,Optimized mission-critical moratorium,Home & Garden,10,0.0,2547.22
e1ae25a6-f196-4b21-a838-c714d1211aed,2025-10-04 01:37:18.000000,Kiara Smith,simsjohn@example.net,Latin America,,,2,0.2,0.0
845f6d5d-2c22-419c-bbc0-756435c87983,2026-05-25 08:36:15.000000,Lisa Morris,mbarnes@example.net,North America,Open-architected asynchronous artificial intelligence,Other,9,0.3,1301.18
b6315c55-0ca3-4980-ac95-575283c2539c,2025-10-12 23:51:48.000000,Jane Harper,shawn96@example.org,Middle East,Down-sized contextually-based adapter,Sports,7,0.1,1724.31
2af3d7cd-364b-4aa2-ac93-53cd8e9a8e72,2024-11-11 03:55:57.000000,Kevin Snyder,jessicapayne@example.org,Middle East,Down-sized contextually-based adapter,Sports,1,0.1,251.8
1df1f0f5-d0f3-4c28-8b76-d6f71f0226eb,2024-08-01 13:35:27.000000,Justin Riley,michelle52@example.com,Middle East,Open-architected asynchronous artificial intelligence,Other,2,0.3,285.14
e3931f65-2cfc-45d7-bae2-8de82f63a62d,2024-07-22 15:09:49.000000,Karen Howard,kathleenhall@example.com,Asia,,,1,0.3,0.0
85a33467-b110-4489-9022-c8a1042ac25f,2025-05-16 18:13:17.000000,Kyle Smith,nsmith@example.org,North America,Organized contextually-based orchestration,Electronics,7,0.1,2438.42
1d575d69-6120-4478-af18-b13476185aee,2024-08-25 04:24:51.000000,Mercedes Barnes,huntchristine@example.com,North America,Innovative eco-centric open architecture,Toys,3,0.3,500.41
d75dcd7e-8207-40e7-87a1-012ae8f86e43,2025-11-23 09:32:28.000000,Norman Cook,vpham@example.org,Asia,Advanced context-sensitive instruction set,Toys,10,0.0,2957.64
8ee0314d-de2a-4aff-abe5-a80798cc3e26,2026-07-05 05:26:35.000000,Carol Lawson,stricklandfrank@example.com,Asia,Profound mobile time-frame,Clothing,10,0.1,1799.07
b7017485-7b18-40a5-ad3e-8705cd525f9f,2025-05-16 23:42:08.000000,Paul Grant,seanmyers@example.net,Middle East,User-centric coherent leverage,Sports,4,0.1,1254.01
15678e9b-8c38-418b-82de-45561f27e8b5,2026-04-17 05:14:08.000000,Julia Erickson,ssalinas@example.org,Europe,Exclusive object-oriented orchestration,Other,6,0.2,643.95
623b3463-5f67-43a6-b079-4bd34ba408a8,2026-03-31 22:19:16.000000,Ronald Morgan,ashleewashington@example.com,Middle East,Fundamental contextually-based neural-net,Electronics,7,0.1,1534.46
ead22702-0fcc-488e-89ec-6e3217caf26b,2026-02-03 17:33:05.000000,Mr. Martin Hernandez,smithsarah@example.net,Europe,User-friendly tangible synergy,Clothing,3,0.3,538.27
4a13b17c-8d93-4a1b-a5d2-5bc33c3826aa,2026-07-12 05:19:25.000000,Melissa Abbott,jamie98@example.org,Europe,Open-architected asynchronous artificial intelligence,Other,9,0.0,1734.91
a4229f14-3e74-4a44-a65e-400351bf4361,2024-09-25 01:16:23.000000,Karen Strickland,hayesjeffrey@example.net,Latin America,Function-based grid-enabled adapter,Clothing,5,0.1,650.7
0c201760-c14f-4b9f-82a5-4c5696f22a06,2026-03-23 15:01:49.000000,Timothy Johns,wsantos@example.com,Middle East,Decentralized tangible model,Clothing,2,0.1,745.57
c87533e5-6bcf-476f-86bf-c38b7b8ae091,2026-02-24 08:50:14.000000,Joseph Martinez,calebsmith@example.net,North America,Down-sized contextually-based adapter,Sports,5,0.0,1313.76
a43a4bdd-8ce2-45db-9b30-e078c4350ad5,2024-11-05 08:59:56.000000,Suzanne Rodriguez,dianekelly@example.net,Europe,,,1,0.2,0.0
689e77e5-4f30-4094-909a-c91f31eab1f4,2026-05-24 21:48:05.000000,Jack Mora,sarahmathews@example.net,Middle East,Optimized mission-critical moratorium,Home & Garden,6,0.1,1465.31
d501b8d7-50ff-44bf-96b5-25c7fb81519b,2025-12-28 06:34:38.000000,David Cannon,campbellnancy@example.com,Latin America,Function-based methodical product,Clothing,7,0.1,2566.94
00ef3377-08ed-4047-9900-1fc9ca445a6b,2024-12-22 05:07:45.000000,Kara Hernandez,turnerdorothy@example.net,Latin America,Expanded composite infrastructure,Home & Garden,1,0.2,187.82
0453ab6d-fe9d-41c3-85e9-8866bbbbdbd1,2025-07-10 23:42:02.000000,David Alvarez,gibsonolivia@example.net,Middle East,Cross-platform fresh-thinking hierarchy,Toys,3,0.1,1112.9
ea7eee0b-677e-4e4d-8068-a64cd5d64a82,2024-12-09 15:34:51.000000,Allison Thomas,gonzalezkaren@example.org,Middle East,Optimized mission-critical moratorium,Home & Garden,1,0.3,189.07
d0c9dfc1-d13f-4495-9ebc-23bf00e5ebaf,2025-02-22 15:44:38.000000,Mitchell Johnson,brownlaura@example.net,Latin America,Synergized zero-defect conglomeration,Clothing,9,0.3,2231.83
be007552-f3d6-45c7-9455-213bf1867d89,2025-10-20 22:58:44.000000,Curtis Taylor,jjohnson@example.net,Asia,Team-oriented cohesive approach,Sports,7,0.3,1177.86
13149627-d586-4f50-b002-491661128e82,2025-04-04 09:39:52.000000,Belinda Mccullough,elizabeth56@example.net,Middle East,Cross-platform asymmetric leverage,Electronics,1,0.1,176.44
0bcbb729-b064-4038-a727-09090500e955,2025-06-24 13:45:51.000000,Shannon Yu,janet69@example.org,Middle East,Decentralized grid-enabled service-desk,Electronics,2,0.1,647.28
ab1f0327-e59a-4f4e-b8f2-18d06ecf4ff1,2025-05-19 20:40:46.000000,Kirk Thompson,wmatthews@example.com,North America,Organized contextually-based orchestration,Electronics,2,0.3,555.79
12e63e97-178f-4dd7-84c7-b9766c0d8d97,2024-07-31 02:54:02.000000,Mark Carpenter,kennedyjames@example.org,Europe,Organized contextually-based orchestration,Electronics,5,0.3,1428.61
ea882491-649a-4218-a5b5-c511e7ad3be2,2025-05-05 03:08:06.000000,Chad Jones,rachelwallace@example.org,Asia,Synergized zero-defect conglomeration,Clothing,7,0.2,2021.22
b57e526c-1627-499a-9e14-b9894c91372f,2024-09-29 03:01:35.000000,Breanna Jones,ymorgan@example.net,Europe,Multi-lateral high-level open architecture,Toys,10,0.0,2399.78
fe3cf361-e44d-4a28-9739-a70fb43e9061,2025-01-11 14:16:22.000000,Michael Ray,crawfordwilliam@example.org,North America,Streamlined national conglomeration,Home & Garden,7,0.2,2412.56
cec98bf1-0067-4aa6-883d-c53afc9db77e,2025-07-03 04:51:22.000000,Stephanie Meyer,stephen19@example.org,Asia,Front-line encompassing leverage,Toys,10,0.1,989.82
66194848-19bf-4f3b-92ed-24878aa9d39a,2025-11-09 23:46:49.000000,Jeffrey Colon,kevinmorrison@example.net,Latin America,Front-line next generation Internet solution,Toys,5,0.2,515.19
976b5158-ea93-46f6-ac22-1123d164d651,2025-02-14 19:46:50.000000,John Ryan,esanchez@example.com,Europe,Cross-platform fresh-thinking hierarchy,Toys,4,0.1,1552.1
0abdbcd1-782c-4fec-9e5d-78a1c5bdb495,2025-08-31 01:20:42.000000,Jim Baker,orose@example.com,Latin America,Re-engineered clear-thinking application,Clothing,9,0.3,2096.64
c5e3b186-5e06-4732-83d9-f3179d7c24ce,2025-09-30 06:35:18.000000,James Chapman,cameronwilliams@example.com,Middle East,Multi-layered high-level initiative,Electronics,6,0.1,2442.8
6b70d4d5-6e0d-4295-b1d4-6873c29d0b1c,2025-09-19 19:37:07.000000,Kathleen Garcia,ugill@example.org,Europe,Organic zero-defect hierarchy,Electronics,9,0.2,3312.74
240d383a-8dd0-44e3-8b50-c34d33ca11ee,2025-05-10 12:44:00.000000,Richard Diaz,brittanygardner@example.net,Latin America,Fundamental contextually-based neural-net,Electronics,7,0.0,1616.08
9089bcfd-9145-4617-b9c1-f1b288c79c98,2025-11-15 23:32:05.000000,Phillip Clark,lisahall@example.org,Middle East,Robust secondary infrastructure,Toys,6,0.2,966.29
9b5ffa2d-636f-4e3d-a8c8-40b167bee26e,2025-07-12 14:16:29.000000,Carol Lawson,stricklandfrank@example.com,Asia,Synergized zero-defect conglomeration,Clothing,2,0.2,543.52
3beca80c-8728-4662-83f2-ffe0c8eff82f,2025-09-13 08:54:40.000000,Hannah White,urice@example.org,Latin America,Down-sized contextually-based adapter,Sports,1,0.2,224.43
852146cd-8e30-4e9c-8edb-0ef16ef68419,2026-06-18 06:14:11.000000,Tracy House,gabrieltucker@example.org,Latin America,Horizontal heuristic Graphic Interface,Electronics,6,0.3,326.76
78f45889-1e49-476a-90d5-2b99a2a1a620,2025-09-04 23:38:26.000000,Kenneth Adams MD,yjones@example.org,Middle East,Upgradable disintermediate protocol,Toys,2,0.2,610.89
a40e0199-a910-4002-ae9f-f41dfeb8bf0b,2025-08-01 22:20:15.000000,Eric Hill,bellcharles@example.com,Middle East,Down-sized scalable workforce,Home & Garden,3,0.3,595.94
5d34a219-1299-4cb3-9d47-0a35c8163c27,2024-08-13 18:51:26.000000,Jacob James,seanbaker@example.com,Asia,Function-based grid-enabled adapter,Clothing,5,0.2,600.09
13d94ad0-d809-4e6d-b41a-d2c25ceef79c,2025-10-06 05:13:46.000000,Paul Marks,wiseanthony@example.com,North America,,,7,0.2,0.0
05fbd075-6086-45f3-a594-2c30745830d6,2026-01-10 10:13:02.000000,Cynthia Cochran,michelle96@example.org,North America,Team-oriented cohesive approach,Sports,5,0.2,864.38
05b3f116-2062-4446-bc9b-7cd1983e5d3b,2024-09-26 13:07:20.000000,Joseph Allen,jwoodward@example.net,Middle East,Open-architected asynchronous artificial intelligence,Other,10,0.2,1566.24
b39844f4-e194-4b21-ae7e-2fbc21f8b225,2026-03-06 09:47:01.000000,Kevin Drake,robin05@example.net,Europe,Reverse-engineered multi-state knowledge user,Home & Garden,8,0.0,2942.59
d969c458-745d-4729-9bc7-1822fcfe06e3,2025-11-23 03:35:17.000000,Christina Rodriguez,adam65@example.net,Asia,User-centric coherent leverage,Sports,3,0.2,849.49
d4bed77b-8f1f-4147-93ca-bbe185a0429c,2026-05-29 19:44:57.000000,Shawn Deleon,katrinaanderson@example.net,Latin America,Operative responsive pricing structure,Sports,7,0.2,229.64
4d7f6dfb-03c2-43e5-a150-e2162fd049b1,2024-09-20 02:05:51.000000,Samantha Richardson,wolfscott@example.org,North America,Cross-platform uniform flexibility,Toys,3,0.1,641.52
c2d454e1-017f-440e-9ad2-e66e8da4ced1,2026-06-17 23:04:58.000000,Stephanie Salazar,jrivas@example.com,Asia,User-centric coherent leverage,Sports,1,0.2,259.57
23a29fe4-ef3c-4c8f-9e58-e27a9256fa39,2024-09-15 13:36:41.000000,Dawn Wilson,yorksarah@example.net,Asia,Advanced context-sensitive instruction set,Toys,10,0.2,2444.58
55ead359-5c78-4e70-b603-2584c8b1ef8c,2025-08-21 12:07:52.000000,Ethan Villanueva,travis84@example.com,Latin America,Multi-layered high-level initiative,Electronics,3,0.3,979.81
1e26bc3d-f514-483e-b8b5-3c1650798aac,2025-07-13 17:26:27.000000,Christian Lewis,irussell@example.com,North America,Expanded intangible standardization,Clothing,4,0.1,299.57
b4c0c39a-4a71-49c6-b4f8-96947c959cad,2024-09-29 01:27:42.000000,David Beck,thomas85@example.com,Middle East,Business-focused 4thgeneration throughput,Sports,7,0.1,2247.17
7cffc54b-2351-4c3a-bf79-dcb6abc44f76,2025-03-08 12:29:42.000000,Laura Henderson,sreid@example.net,Europe,Synergized zero-defect conglomeration,Clothing,7,0.2,1926.1
c8b80c6c-2f54-4dc6-9a24-beb86295b041,2024-09-16 22:57:14.000000,Rebecca Henderson,cruzcaitlin@example.com,North America,Horizontal maximized product,Electronics,8,0.0,1621.08
cc1791f8-ac48-4aa4-8ab4-1a8218b8f130,2026-04-30 09:18:53.000000,Allison Weaver,tapiaaaron@example.net,Europe,Cross-platform fresh-thinking hierarchy,Toys,8,0.2,2626.62
47c3c3cc-2508-41c0-8d2a-3e18a51d7a23,2024-09-30 08:57:37.000000,Mr. Nicolas Salas II,maryhuff@example.com,Europe,Optimized mission-critical moratorium,Home & Garden,8,0.0,1995.76
671ebf8e-979b-454c-b678-19ff9bca0ac2,2026-07-21 02:00:24.000000,Gina Wilson,taylortammy@example.net,Europe,Advanced context-sensitive instruction set,Toys,9,0.3,1955.66
2d519614-442a-484a-af8c-d15f2344f207,2024-11-24 09:04:48.000000,Michael Harris,maryscott@example.net,Asia,,,9,0.2,0.0
7a3f4573-f16a-4857-9a68-990e2412e47e,2025-04-06 14:58:42.000000,Taylor Carlson,chenbailey@example.net,North America,Organic zero-defect hierarchy,Electronics,10,0.3,3444.87
7303f483-130f-4872-966f-3d4783214b14,2024-08-31 11:07:43.000000,Lauren Moore,shannonedwards@example.org,North America,Cross-platform uniform flexibility,Toys,9,0.0,2052.86
fee66950-e1b3-40ee-b506-aa35cfa85cc8,2026-06-30 11:02:00.000000,Casey Obrien,michele28@example.org,Middle East,Horizontal maximized product,Electronics,1,0.2,159.98
bb3dc51c-b893-4ae9-83ab-6168e245ed74,2025-05-01 14:44:37.000000,Justin Riley,michelle52@example.com,Middle East,Re-engineered clear-thinking application,Clothing,6,0.3,1417.73
1af0bb95-21c3-40e2-aa8f-37c74432dbd9,2026-04-21 11:20:45.000000,Dawn Wilson,yorksarah@example.net,Asia,Organic zero-defect hierarchy,Electronics,2,0.3,670.1
4b2c8bff-ae57-4403-98bb-87128db5975f,2025-05-06 14:10:48.000000,Kimberly Lutz,jvaldez@example.com,Asia,Down-sized contextually-based adapter,Sports,10,0.2,2244.34
0b9d7654-d5c3-4b18-955c-41b27c717adb,2025-03-25 17:38:08.000000,Cody Holt,sandra84@example.org,Europe,Optimized mission-critical moratorium,Home & Garden,9,0.2,1796.18
205cffb1-817b-43ce-878d-76426f63def8,2024-07-23 05:35:00.000000,Tamara Powell,jeffreymercer@example.org,Europe,Front-line encompassing leverage,Toys,7,0.2,604.42
2057111f-243b-4306-93f6-5b6fd84ccc20,2026-05-07 23:35:51.000000,Michelle Pierce,patricia22@example.com,Latin America,Organized attitude-oriented implementation,Clothing,3,0.1,929.68
d49bf21a-7f37-48f7-9dfe-c77cdea0f4f1,2024-07-21 00:54:59.000000,Jennifer Lewis,reeddaniel@example.net,Europe,Intuitive system-worthy access,Clothing,9,0.1,176.22
f0271efc-049f-42fd-9313-ea0fb5d6a793,2026-02-11 08:26:57.000000,Jason Marshall,catherine55@example.net,North America,Innovative eco-centric open architecture,Toys,7,0.2,1295.6
66386c22-a1d2-40a2-9038-f8e40cbe735d,2025-01-07 12:37:35.000000,Christopher Mullen,johnsjessica@example.com,Asia,Organized contextually-based orchestration,Electronics,1,0.2,324.86
57988711-e602-4d06-b441-a695ece321fd,2025-06-04 10:53:56.000000,James Howard,huffmannichole@example.net,North America,Multi-lateral high-level open architecture,Toys,2,0.2,395.84
75987f10-0d86-4f36-b35d-164d466d8ac1,2024-12-01 08:04:28.000000,William Oconnor,fconner@example.net,Europe,Front-line encompassing leverage,Toys,4,0.2,320.11
47483ec1-22d1-45fa-93c8-acca3615ede4,2026-05-10 08:31:57.000000,Kelli Martinez,hinesjoshua@example.net,Asia,Down-sized scalable workforce,Home & Garden,6,0.3,1175.33
2d78da72-fdeb-4029-b852-18dedd50f7e7,2025-08-15 18:13:16.000000,Maria Burke,walkercharlene@example.com,Middle East,Cross-platform fresh-thinking hierarchy,Toys,5,0.2,1599.0
9c6c3c4e-8f5b-4149-ab67-212a29b76b37,2025-04-01 19:58:42.000000,Jennifer Sanford,ismith@example.org,Middle East,Multi-tiered dedicated circuit,Electronics,7,0.2,1374.16
c99cb5f3-e2ae-4d53-b89b-4995e32e3ac4,2025-02-23 11:20:00.000000,Mason Johnson,bboone@example.net,Middle East,Operative responsive pricing structure,Sports,5,0.2,151.88
7c4813d9-16c6-4b3d-8ef4-0214014b6836,2025-08-29 00:27:56.000000,Sandra Drake,sandersjudy@example.com,Asia,,,1,0.3,0.0
d11b946b-e993-46e9-b200-7b99a6e62c01,2025-08-26 07:57:26.000000,Joanna Barrett,tamarasmith@example.net,Asia,Multi-lateral contextually-based methodology,Sports,8,0.2,1553.55
430679d8-b058-4c0b-a931-e8032ec9e5f6,2026-01-28 23:03:41.000000,Donald Walker,rhodespatricia@example.org,North America,Re-engineered clear-thinking application,Clothing,9,0.1,2605.82
22e142fc-1710-4a77-bd88-eb6273df2a11,2025-06-11 23:16:58.000000,Brent Brooks,angela52@example.org,North America,Team-oriented cohesive approach,Sports,2,0.3,322.7
ef180725-f10c-48c0-a3b5-5bfb128e92ad,2025-09-15 03:57:36.000000,James Elliott,millerroy@example.com,North America,Cross-platform asymmetric leverage,Electronics,7,0.2,1192.98
c5bde81d-cb7a-4831-ae65-3bb6ec981b8e,2025-05-06 19:38:45.000000,Justin Baxter,sarayoung@example.org,North America,Intuitive system-worthy access,Clothing,4,0.2,66.88
0f1536da-10df-4c94-bb41-a3ad0199673b,2026-03-23 17:29:54.000000,Amy Parsons,mjohnson@example.org,Europe,Optimized mission-critical moratorium,Home & Garden,1,0.3,189.07
a4380f8a-8ffd-43cf-b166-8e8959f7771a,2026-01-14 03:43:25.000000,Kimberly May,timothy64@example.com,Asia,Profound mobile time-frame,Clothing,1,0.2,162.11
176a5eb8-0f1a-4efd-b2e3-fdc9c0c86a82,2024-10-19 05:19:21.000000,Kevin Warren,vharrell@example.com,Middle East,Intuitive system-worthy access,Clothing,5,0.2,89.1
0043384a-f987-4ca6-9f2e-621e930951a6,2025-11-07 02:48:21.000000,Andrew Diaz,nolanjason@example.org,Latin America,Expanded composite infrastructure,Home & Garden,6,0.0,1314.77
e2cae78d-76bd-4773-9805-ee6a2d916caf,2026-04-09 00:14:32.000000,Tyler Stevens,amy49@example.com,Europe,Business-focused 4thgeneration throughput,Sports,3,0.3,809.86
a82d0a46-d0f7-44e7-bb26-699f1bf5027f,2024-09-25 22:10:30.000000,Christina Rodriguez,adam65@example.net,Asia,Multi-layered high-level initiative,Electronics,10,0.3,3221.28
14b3f352-6d6a-43cb-af99-180750a2c011,2026-02-21 14:46:46.000000,Joseph Allen,jwoodward@example.net,Middle East,,,3,0.0,0.0
5cdbb28b-be6e-4511-8b2a-a744e14f043f,2025-01-13 15:03:47.000000,Elizabeth Martin,michaeleverett@example.com,North America,,,5,0.1,0.0
cb3ffc4f-dcb8-49a0-9123-0280f26edf2e,2025-06-28 04:57:16.000000,Ian Frazier,natalie77@example.com,Middle East,Streamlined national conglomeration,Home & Garden,8,0.1,3115.3
22dba981-91cb-47c7-9220-f7040da124c5,2024-12-23 00:46:26.000000,Charles Gonzalez,kathleenrios@example.org,Asia,Function-based methodical product,Clothing,3,0.0,1239.21
122533fd-765e-4ce8-8867-6b2a0b39c366,2026-04-10 20:58:31.000000,Jennifer Harris DDS,jwhite@example.net,Middle East,Function-based grid-enabled adapter,Clothing,3,0.2,338.36
ae344b14-505c-4986-97f9-580e6e20cc72,2024-08-01 09:55:07.000000,Margaret Alvarez,william28@example.org,Asia,,,3,0.2,0.0
41a51d1f-7bde-4381-b4fc-b6bc012db1c4,2026-06-24 17:47:45.000000,Mitchell Jackson,cbell@example.net,Middle East,Optimized mission-critical moratorium,Home & Garden,9,0.2,1796.18
a75554fe-fceb-4192-9479-6110b35e85f5,2024-09-26 06:33:53.000000,Kirk Thompson,wmatthews@example.com,North America,Streamlined national conglomeration,Home & Garden,8,0.3,2578.18
c9035d4c-92f1-43d0-8111-f0f3e093e2cf,2025-03-20 12:41:59.000000,Christopher Mullen,johnsjessica@example.com,Asia,Synergized zero-defect conglomeration,Clothing,1,0.2,281.95
b2f9fa1a-53c5-4448-b61c-c55b8fd0720c,2025-03-05 14:21:39.000000,Patricia Banks,cwood@example.net,Europe,Open-architected asynchronous artificial intelligence,Other,2,0.2,309.23
240eb222-a557-4020-8f8b-e1993a1ce416,2026-04-01 09:18:15.000000,Cindy Barnes,eric45@example.net,Asia,Optimized mission-critical moratorium,Home & Garden,7,0.3,1323.5
69c7c2dd-77e4-4950-859b-6ee49146d391,2025-10-24 15:55:53.000000,Matthew Adams,gallagherstacie@example.net,North America,Organized attitude-oriented implementation,Clothing,5,0.0,1745.38
dd7e0ae6-369d-4ad4-92b5-a7e38e2a4c5a,2026-05-18 00:03:20.000000,Sarah Phelps,ofinley@example.net,Europe,Multi-layered high-level initiative,Electronics,4,0.1,1539.06
985d94c0-21aa-40dd-9838-9bc769810678,2025-02-05 16:18:09.000000,Belinda Mccullough,elizabeth56@example.net,Middle East,Fundamental contextually-based neural-net,Electronics,6,0.1,1245.29
c417fe56-78e3-4d35-b4e0-740f476e6a06,2024-10-18 18:06:30.000000,Linda Rich,davisdonna@example.net,Europe,Multi-lateral contextually-based methodology,Sports,4,0.1,907.92
168d1def-bb92-4370-9619-e0ce69d5ddf5,2025-11-17 23:32:20.000000,Brian Jones,matthew18@example.com,Middle East,Function-based methodical product,Clothing,2,0.1,724.98
ecfa60c9-83c1-4063-b890-33f0cb041d56,2024-11-07 16:53:07.000000,Kayla Jackson,sandra99@example.org,Asia,Intuitive system-worthy access,Clothing,8,0.0,176.0
ce05a281-33c2-4e62-b960-e810fa372989,2025-03-19 10:31:55.000000,Elizabeth Molina,howardshaun@example.net,Asia,Multi-lateral contextually-based methodology,Sports,2,0.0,494.31
36956a38-1528-4e7c-89d5-e178cf998da3,2026-06-21 08:37:24.000000,John Torres,gbender@example.net,North America,Re-engineered clear-thinking application,Clothing,7,0.0,2259.71
121aeb14-c600-4101-b9b0-b99ec5404be9,2024-08-17 13:57:14.000000,Maria Burke,walkercharlene@example.com,Middle East,Multi-lateral high-level open architecture,Toys,4,0.2,742.2
275ac9d6-0b9f-47a5-9510-f78642004a56,2025-04-20 05:42:58.000000,Stephen Fox,mayokimberly@example.com,North America,Devolved responsive model,Sports,3,0.1,800.32
9c5bad2e-a9fb-4b54-8fbd-2cfdc651a34f,2025-05-30 05:29:51.000000,Eric Patrick,johnsonmatthew@example.org,Asia,Down-sized scalable workforce,Home & Garden,6,0.1,1473.31
1197aeb0-2ee4-4d62-af42-19dd38c682d8,2025-07-19 17:00:21.000000,Beth Sanford,molly71@example.net,Europe,Organized contextually-based orchestration,Electronics,8,0.0,3068.58
f887ac21-369d-4be1-8bf9-1d08e47472d0,2026-06-05 18:54:14.000000,Kathleen Andrade,rbrown@example.com,Middle East,Organized attitude-oriented implementation,Clothing,5,0.1,1620.71
5c253a40-ba76-46f5-8a69-35bdc89eb2f2,2025-06-26 01:54:17.000000,Matthew Banks,sanderskevin@example.net,North America,Synergized zero-defect conglomeration,Clothing,3,0.3,754.13
e19d768c-c391-4132-8626-09ab418b6aa2,2026-04-21 21:34:41.000000,Ricardo Young,williamsrobert@example.net,North America,Synergized zero-defect conglomeration,Clothing,3,0.3,754.13
eb1c0430-df11-4270-965f-86873df0ddc0,2024-11-15 13:46:58.000000,Lisa Cox,paul59@example.org,Europe,Horizontal heuristic Graphic Interface,Electronics,1,0.3,55.24
67d77873-0f7b-4245-87aa-20806bb17a8b,2026-05-21 13:27:02.000000,Diane Beck,clarence34@example.org,North America,Multi-lateral high-level open architecture,Toys,5,0.1,1125.67
6f77cc54-8bb1-47de-baa0-a29745e3e268,2024-08-20 05:15:43.000000,Kim Brown,yorkcasey@example.org,North America,Cross-platform uniform flexibility,Toys,8,0.1,1786.75
319a009f-72a3-4369-ade4-6fedbece1286,2025-10-20 22:13:40.000000,Bradley Reynolds,lisa80@example.net,North America,Synergistic demand-driven implementation,Clothing,7,0.1,2962.44
b7be51df-fd5e-4636-b812-4f7f8c46b173,2025-02-01 05:40:32.000000,Christian Lewis,irussell@example.com,North America,Front-line encompassing leverage,Toys,8,0.2,657.07
8abcb652-ee52-4b7b-8cb0-fe85e4184c38,2025-08-15 23:27:43.000000,Shannon Davis,hallrachel@example.net,Latin America,Organic zero-defect hierarchy,Electronics,9,0.0,4034.74
f7b96b0d-4dbb-4559-8c12-d6ef31fab84d,2024-12-05 09:00:12.000000,Phillip Bennett,molly39@example.com,Latin America,Decentralized tangible model,Clothing,1,0.2,303.9
61f3b780-3a54-49ea-8cda-08bf51632bff,2026-07-06 11:01:35.000000,Allison Weaver,tapiaaaron@example.net,Europe,Intuitive system-worthy access,Clothing,8,0.3,128.48
a170711f-e862-4d4b-8c3c-33f5fb3cd9c8,2026-05-12 01:22:55.000000,Mark Copeland,martinezmia@example.com,North America,Organized attitude-oriented implementation,Clothing,3,0.0,1036.54
234d65cf-ea3d-4c37-a7e8-8ce04c442d17,2025-09-13 13:41:34.000000,Sarah Phelps,ofinley@example.net,Europe,Front-line next generation Internet solution,Toys,9,0.3,856.01
0d9630be-5580-485a-94b2-79cd0c248f00,2025-07-02 00:48:12.000000,Timothy Johns,wsantos@example.com,Middle East,Multi-lateral contextually-based methodology,Sports,10,0.2,2118.48
46d5d341-ed50-484e-b1bf-d71bd0f95340,2026-01-19 08:07:01.000000,Melinda Compton,dennismccann@example.com,North America,Streamlined national conglomeration,Home & Garden,10,0.1,3894.12
5d3da878-147e-4b2d-9a39-74e855e77e00,2025-05-25 09:37:36.000000,Paul Grant,seanmyers@example.net,Middle East,Cross-platform uniform flexibility,Toys,2,0.2,356.4
2eca29b7-9087-4a73-b4bb-c27828d217d6,2026-02-07 08:48:14.000000,Mark Lloyd,lancesmith@example.com,Europe,Organized attitude-oriented implementation,Clothing,6,0.1,1880.74
08b52947-9814-400c-827d-df7ed31c63fb,2025-09-14 01:48:37.000000,Richard Glenn,joshua56@example.com,Middle East,,,10,0.2,0.0
a1027a45-7e4e-4273-8ae1-9e7e1b6d8927,2026-01-15 13:41:32.000000,Trevor Jones,pamelamartin@example.org,Middle East,Operative responsive pricing structure,Sports,1,0.2,31.59
aa846060-070d-4ea0-bb09-e7634f39a47f,2025-10-30 02:14:26.000000,Rachel Bradley,gregorychase@example.com,Latin America,Function-based methodical product,Clothing,2,0.1,724.98
1987e58e-3bcb-4f32-a3b5-2c1d1a0a1af2,2024-09-23 17:15:09.000000,John Shields,franciscojones@example.org,Asia,Synergized zero-defect conglomeration,Clothing,7,0.3,1759.65
c766978e-7673-4d16-99a1-459dff2d10f4,2025-08-19 04:27:40.000000,Juan Brown,warnerchristopher@example.com,Europe,Cross-platform uniform flexibility,Toys,7,0.2,1397.09
99dce819-1841-4873-a34d-6e09f0ffd6b0,2026-01-05 08:23:20.000000,Amy Dunlap,dalepruitt@example.com,Latin America,Front-line encompassing leverage,Toys,1,0.1,93.72
ce3166c3-541a-4d27-a46f-5c1d04e383eb,2025-03-07 01:42:42.000000,Brandon Hall,hoffmanjennifer@example.net,North America,Team-oriented cohesive approach,Sports,9,0.0,1991.52
ae960e3e-71f7-487c-b143-0eeab443cda3,2025-05-19 04:28:51.000000,Jacqueline Mccoy,aguilarjonathan@example.org,Latin America,Multi-lateral contextually-based methodology,Sports,1,0.1,234.55
2d598b9d-b3e3-468f-afce-09490dd1db5f,2024-11-28 15:04:20.000000,Brenda Lawson,ejohnson@example.org,Latin America,Devolved responsive model,Sports,3,0.0,902.68
b792ff65-67f7-4ba4-8617-4c62a243b9ab,2025-11-15 07:44:05.000000,Andrew Williams,linda87@example.org,North America,Reverse-engineered multi-state knowledge user,Home & Garden,6,0.0,2275.2
50ac2a6d-3bda-44ac-ab5c-4ed85ef6840e,2026-04-17 00:26:25.000000,Amy Parsons,mjohnson@example.org,Europe,Organized attitude-oriented implementation,Clothing,8,0.3,2051.71
b2d995fa-449e-402a-aea2-8810eb7fb03e,2024-09-23 13:57:22.000000,William Oconnor,fconner@example.net,Europe,Front-line next generation Internet solution,Toys,7,0.2,767.5
